date,exchange_rate_USD_JY,cpi_us,inflation_us,interest_r_us,gdp_pc_us,govt_debt_us
1971-01-04,357.73,39.9,4.29276668813045,5.5,24535.0,34.50345
1971-01-05,357.81,39.9,4.29276668813045,5.5,24535.0,34.50345
1971-01-06,357.86,39.9,4.29276668813045,3.75,24535.0,34.50345
1971-01-07,357.87,39.9,4.29276668813045,4.5,24535.0,34.50345
1971-01-08,357.82,39.9,4.29276668813045,4.5,24535.0,34.50345
1971-01-11,357.95,39.9,4.29276668813045,4.38,24535.0,34.50345
1971-01-12,358.06,39.9,4.29276668813045,4.25,24535.0,34.50345
1971-01-13,358.44,39.9,4.29276668813045,3.25,24535.0,34.50345
1971-01-14,358.4,39.9,4.29276668813045,4.13,24535.0,34.50345
1971-01-15,358.4,39.9,4.29276668813045,4.0,24535.0,34.50345
1971-01-18,358.29,39.9,4.29276668813045,3.88,24535.0,34.50345
1971-01-19,358.35,39.9,4.29276668813045,4.13,24535.0,34.50345
1971-01-20,358.4,39.9,4.29276668813045,4.75,24535.0,34.50345
1971-01-21,358.27,39.9,4.29276668813045,4.63,24535.0,34.50345
1971-01-22,357.9,39.9,4.29276668813045,4.25,24535.0,34.50345
1971-01-25,357.73,39.9,4.29276668813045,4.13,24535.0,34.50345
1971-01-26,357.78,39.9,4.29276668813045,3.88,24535.0,34.50345
1971-01-27,357.79,39.9,4.29276668813045,4.25,24535.0,34.50345
1971-01-28,357.83,39.9,4.29276668813045,4.25,24535.0,34.50345
1971-01-29,357.72,39.9,4.29276668813045,4.0,24535.0,34.50345
1971-02-01,357.67,39.9,4.29276668813045,4.38,,
1971-02-02,357.55,39.9,4.29276668813045,4.25,,
1971-02-03,357.54,39.9,4.29276668813045,3.75,,
1971-02-04,357.51,39.9,4.29276668813045,4.25,,
1971-02-05,357.53,39.9,4.29276668813045,3.88,,
1971-02-08,357.49,39.9,4.29276668813045,3.5,,
1971-02-09,357.5,39.9,4.29276668813045,2.75,,
1971-02-10,357.5,39.9,4.29276668813045,3.0,,
1971-02-11,357.5,39.9,4.29276668813045,4.0,,
1971-02-12,,39.9,4.29276668813045,4.0,,
1971-02-15,,39.9,4.29276668813045,4.0,,
1971-02-16,357.53,39.9,4.29276668813045,4.0,,
1971-02-17,357.53,39.9,4.29276668813045,5.0,,
1971-02-18,357.53,39.9,4.29276668813045,4.13,,
1971-02-19,357.56,39.9,4.29276668813045,3.88,,
1971-02-22,357.6,39.9,4.29276668813045,3.25,,
1971-02-23,357.55,39.9,4.29276668813045,3.0,,
1971-02-24,357.6,39.9,4.29276668813045,2.25,,
1971-02-25,357.56,39.9,4.29276668813045,3.25,,
1971-02-26,357.56,39.9,4.29276668813045,3.38,,
1971-03-01,357.63,40.0,4.29276668813045,3.63,,
1971-03-02,357.56,40.0,4.29276668813045,3.63,,
1971-03-03,357.49,40.0,4.29276668813045,3.25,,
1971-03-04,357.45,40.0,4.29276668813045,3.5,,
1971-03-05,357.59,40.0,4.29276668813045,3.25,,
1971-03-08,357.55,40.0,4.29276668813045,3.13,,
1971-03-09,357.46,40.0,4.29276668813045,3.13,,
1971-03-10,357.59,40.0,4.29276668813045,3.5,,
1971-03-11,357.56,40.0,4.29276668813045,3.5,,
1971-03-12,357.58,40.0,4.29276668813045,4.13,,
1971-03-15,357.54,40.0,4.29276668813045,4.13,,
1971-03-16,357.49,40.0,4.29276668813045,4.0,,
1971-03-17,357.53,40.0,4.29276668813045,3.5,,
1971-03-18,357.56,40.0,4.29276668813045,4.13,,
1971-03-19,357.56,40.0,4.29276668813045,3.75,,
1971-03-22,357.44,40.0,4.29276668813045,3.38,,
1971-03-23,357.53,40.0,4.29276668813045,3.38,,
1971-03-24,357.53,40.0,4.29276668813045,3.75,,
1971-03-25,357.47,40.0,4.29276668813045,3.75,,
1971-03-26,357.47,40.0,4.29276668813045,3.75,,
1971-03-29,357.44,40.0,4.29276668813045,4.13,,
1971-03-30,357.49,40.0,4.29276668813045,4.5,,
1971-03-31,357.42,40.0,4.29276668813045,4.5,,
1971-04-01,357.49,40.1,4.29276668813045,4.0,24597.0,34.36089
1971-04-02,357.53,40.1,4.29276668813045,3.88,24597.0,34.36089
1971-04-05,357.5,40.1,4.29276668813045,4.0,24597.0,34.36089
1971-04-06,357.46,40.1,4.29276668813045,4.25,24597.0,34.36089
1971-04-07,357.55,40.1,4.29276668813045,4.0,24597.0,34.36089
1971-04-08,357.55,40.1,4.29276668813045,4.13,24597.0,34.36089
1971-04-09,357.5,40.1,4.29276668813045,4.25,24597.0,34.36089
1971-04-12,357.5,40.1,4.29276668813045,4.25,24597.0,34.36089
1971-04-13,357.62,40.1,4.29276668813045,4.5,24597.0,34.36089
1971-04-14,357.58,40.1,4.29276668813045,3.75,24597.0,34.36089
1971-04-15,357.5,40.1,4.29276668813045,4.38,24597.0,34.36089
1971-04-16,357.54,40.1,4.29276668813045,4.25,24597.0,34.36089
1971-04-19,357.49,40.1,4.29276668813045,4.25,24597.0,34.36089
1971-04-20,357.49,40.1,4.29276668813045,4.13,24597.0,34.36089
1971-04-21,357.49,40.1,4.29276668813045,4.38,24597.0,34.36089
1971-04-22,357.49,40.1,4.29276668813045,4.25,24597.0,34.36089
1971-04-23,357.49,40.1,4.29276668813045,4.13,24597.0,34.36089
1971-04-26,357.5,40.1,4.29276668813045,4.0,24597.0,34.36089
1971-04-27,357.49,40.1,4.29276668813045,4.0,24597.0,34.36089
1971-04-28,357.5,40.1,4.29276668813045,4.38,24597.0,34.36089
1971-04-29,357.41,40.1,4.29276668813045,4.25,24597.0,34.36089
1971-04-30,357.4,40.1,4.29276668813045,4.25,24597.0,34.36089
1971-05-03,357.41,40.3,4.29276668813045,4.38,,
1971-05-04,357.4,40.3,4.29276668813045,4.63,,
1971-05-05,357.4,40.3,4.29276668813045,4.88,,
1971-05-06,357.41,40.3,4.29276668813045,4.75,,
1971-05-07,357.41,40.3,4.29276668813045,4.63,,
1971-05-10,357.14,40.3,4.29276668813045,4.5,,
1971-05-11,357.44,40.3,4.29276668813045,4.5,,
1971-05-12,357.53,40.3,4.29276668813045,4.5,,
1971-05-13,357.49,40.3,4.29276668813045,4.5,,
1971-05-14,357.49,40.3,4.29276668813045,4.38,,
1971-05-17,357.4,40.3,4.29276668813045,4.63,,
1971-05-18,357.44,40.3,4.29276668813045,4.88,,
1971-05-19,357.4,40.3,4.29276668813045,4.75,,
1971-05-20,357.46,40.3,4.29276668813045,4.75,,
1971-05-21,357.4,40.3,4.29276668813045,4.63,,
1971-05-24,357.4,40.3,4.29276668813045,4.75,,
1971-05-25,357.4,40.3,4.29276668813045,4.75,,
1971-05-26,357.44,40.3,4.29276668813045,4.63,,
1971-05-27,357.4,40.3,4.29276668813045,4.88,,
1971-05-28,357.4,40.3,4.29276668813045,4.88,,
1971-05-31,,40.3,4.29276668813045,4.88,,
1971-06-01,357.46,40.5,4.29276668813045,4.75,,
1971-06-02,357.4,40.5,4.29276668813045,4.63,,
1971-06-03,357.46,40.5,4.29276668813045,4.75,,
1971-06-04,357.4,40.5,4.29276668813045,4.75,,
1971-06-07,357.4,40.5,4.29276668813045,4.75,,
1971-06-08,357.4,40.5,4.29276668813045,4.75,,
1971-06-09,357.4,40.5,4.29276668813045,4.88,,
1971-06-10,357.4,40.5,4.29276668813045,4.75,,
1971-06-11,357.4,40.5,4.29276668813045,4.88,,
1971-06-14,357.4,40.5,4.29276668813045,5.0,,
1971-06-15,357.46,40.5,4.29276668813045,5.0,,
1971-06-16,357.46,40.5,4.29276668813045,4.88,,
1971-06-17,357.46,40.5,4.29276668813045,4.88,,
1971-06-18,357.4,40.5,4.29276668813045,4.88,,
1971-06-21,357.4,40.5,4.29276668813045,5.13,,
1971-06-22,357.4,40.5,4.29276668813045,5.25,,
1971-06-23,357.4,40.5,4.29276668813045,4.88,,
1971-06-24,357.4,40.5,4.29276668813045,5.13,,
1971-06-25,357.4,40.5,4.29276668813045,5.13,,
1971-06-28,357.37,40.5,4.29276668813045,5.13,,
1971-06-29,357.39,40.5,4.29276668813045,5.13,,
1971-06-30,357.4,40.5,4.29276668813045,4.75,,
1971-07-01,357.4,40.6,4.29276668813045,5.25,24723.0,35.00694
1971-07-02,357.4,40.6,4.29276668813045,5.25,24723.0,35.00694
1971-07-05,,40.6,4.29276668813045,5.25,24723.0,35.00694
1971-07-06,357.45,40.6,4.29276668813045,5.13,24723.0,35.00694
1971-07-07,357.46,40.6,4.29276668813045,4.88,24723.0,35.00694
1971-07-08,357.46,40.6,4.29276668813045,5.25,24723.0,35.00694
1971-07-09,357.4,40.6,4.29276668813045,5.13,24723.0,35.00694
1971-07-12,357.41,40.6,4.29276668813045,5.13,24723.0,35.00694
1971-07-13,357.44,40.6,4.29276668813045,5.0,24723.0,35.00694
1971-07-14,357.4,40.6,4.29276668813045,5.13,24723.0,35.00694
1971-07-15,357.4,40.6,4.29276668813045,5.25,24723.0,35.00694
1971-07-16,357.4,40.6,4.29276668813045,5.5,24723.0,35.00694
1971-07-19,357.39,40.6,4.29276668813045,5.63,24723.0,35.00694
1971-07-20,357.39,40.6,4.29276668813045,5.38,24723.0,35.00694
1971-07-21,357.4,40.6,4.29276668813045,5.5,24723.0,35.00694
1971-07-22,357.37,40.6,4.29276668813045,5.5,24723.0,35.00694
1971-07-23,357.36,40.6,4.29276668813045,5.38,24723.0,35.00694
1971-07-26,357.4,40.6,4.29276668813045,5.25,24723.0,35.00694
1971-07-27,357.37,40.6,4.29276668813045,5.38,24723.0,35.00694
1971-07-28,357.4,40.6,4.29276668813045,5.38,24723.0,35.00694
1971-07-29,357.4,40.6,4.29276668813045,5.5,24723.0,35.00694
1971-07-30,357.39,40.6,4.29276668813045,5.5,24723.0,35.00694
1971-08-02,357.41,40.7,4.29276668813045,5.63,,
1971-08-03,357.37,40.7,4.29276668813045,5.63,,
1971-08-04,357.37,40.7,4.29276668813045,5.75,,
1971-08-05,357.37,40.7,4.29276668813045,5.63,,
1971-08-06,357.37,40.7,4.29276668813045,5.63,,
1971-08-09,357.35,40.7,4.29276668813045,5.5,,
1971-08-10,357.39,40.7,4.29276668813045,5.63,,
1971-08-11,357.35,40.7,4.29276668813045,5.5,,
1971-08-12,357.4,40.7,4.29276668813045,5.63,,
1971-08-13,357.35,40.7,4.29276668813045,5.63,,
1971-08-16,,40.7,4.29276668813045,5.5,,
1971-08-17,,40.7,4.29276668813045,5.63,,
1971-08-18,,40.7,4.29276668813045,5.5,,
1971-08-19,,40.7,4.29276668813045,5.5,,
1971-08-20,,40.7,4.29276668813045,5.5,,
1971-08-23,,40.7,4.29276668813045,5.5,,
1971-08-24,,40.7,4.29276668813045,5.5,,
1971-08-25,,40.7,4.29276668813045,5.38,,
1971-08-26,,40.7,4.29276668813045,5.5,,
1971-08-27,,40.7,4.29276668813045,5.5,,
1971-08-30,,40.7,4.29276668813045,5.63,,
1971-08-31,339.85,40.7,4.29276668813045,5.75,,
1971-09-01,341.01,40.8,4.29276668813045,5.75,,
1971-09-02,338.98,40.8,4.29276668813045,5.63,,
1971-09-03,340.14,40.8,4.29276668813045,5.75,,
1971-09-06,,40.8,4.29276668813045,5.75,,
1971-09-07,339.79,40.8,4.29276668813045,5.75,,
1971-09-08,339.39,40.8,4.29276668813045,5.75,,
1971-09-09,339.07,40.8,4.29276668813045,5.75,,
1971-09-10,338.81,40.8,4.29276668813045,5.75,,
1971-09-13,338.98,40.8,4.29276668813045,5.63,,
1971-09-14,338.24,40.8,4.29276668813045,5.38,,
1971-09-15,338.41,40.8,4.29276668813045,5.13,,
1971-09-16,337.84,40.8,4.29276668813045,5.5,,
1971-09-17,337.95,40.8,4.29276668813045,5.44,,
1971-09-20,337.27,40.8,4.29276668813045,5.38,,
1971-09-21,337.34,40.8,4.29276668813045,5.5,,
1971-09-22,337.44,40.8,4.29276668813045,5.5,,
1971-09-23,337.27,40.8,4.29276668813045,5.5,,
1971-09-24,336.98,40.8,4.29276668813045,5.5,,
1971-09-27,336.25,40.8,4.29276668813045,5.38,,
1971-09-28,336.36,40.8,4.29276668813045,5.38,,
1971-09-29,335.57,40.8,4.29276668813045,5.25,,
1971-09-30,335.35,40.8,4.29276668813045,5.38,,
1971-10-01,333.39,40.9,4.29276668813045,5.38,24705.0,35.63237
1971-10-04,333.17,40.9,4.29276668813045,5.38,24705.0,35.63237
1971-10-05,333.14,40.9,4.29276668813045,5.38,24705.0,35.63237
1971-10-06,332.65,40.9,4.29276668813045,5.0,24705.0,35.63237
1971-10-07,332.61,40.9,4.29276668813045,5.25,24705.0,35.63237
1971-10-08,332.37,40.9,4.29276668813045,5.25,24705.0,35.63237
1971-10-11,,40.9,4.29276668813045,5.25,24705.0,35.63237
1971-10-12,330.52,40.9,4.29276668813045,5.25,24705.0,35.63237
1971-10-13,331.4,40.9,4.29276668813045,5.5,24705.0,35.63237
1971-10-14,330.85,40.9,4.29276668813045,5.38,24705.0,35.63237
1971-10-15,330.58,40.9,4.29276668813045,5.25,24705.0,35.63237
1971-10-18,329.6,40.9,4.29276668813045,5.13,24705.0,35.63237
1971-10-19,330.85,40.9,4.29276668813045,5.0,24705.0,35.63237
1971-10-20,331.07,40.9,4.29276668813045,4.75,24705.0,35.63237
1971-10-21,330.79,40.9,4.29276668813045,5.0,24705.0,35.63237
1971-10-22,330.36,40.9,4.29276668813045,5.0,24705.0,35.63237
1971-10-25,,40.9,4.29276668813045,5.0,24705.0,35.63237
1971-10-26,329.0,40.9,4.29276668813045,5.0,24705.0,35.63237
1971-10-27,329.54,40.9,4.29276668813045,5.75,24705.0,35.63237
1971-10-28,329.71,40.9,4.29276668813045,5.13,24705.0,35.63237
1971-10-29,329.5,40.9,4.29276668813045,5.13,24705.0,35.63237
1971-11-01,329.45,41.0,4.29276668813045,5.13,,
1971-11-02,,41.0,4.29276668813045,5.13,,
1971-11-03,329.5,41.0,4.29276668813045,5.38,,
1971-11-04,330.87,41.0,4.29276668813045,5.0,,
1971-11-05,329.16,41.0,4.29276668813045,5.0,,
1971-11-08,329.22,41.0,4.29276668813045,4.88,,
1971-11-09,329.16,41.0,4.29276668813045,4.88,,
1971-11-10,329.11,41.0,4.29276668813045,4.75,,
1971-11-11,329.11,41.0,4.29276668813045,4.75,,
1971-11-12,329.49,41.0,4.29276668813045,4.88,,
1971-11-15,328.73,41.0,4.29276668813045,5.0,,
1971-11-16,328.62,41.0,4.29276668813045,5.0,,
1971-11-17,328.8,41.0,4.29276668813045,4.75,,
1971-11-18,328.68,41.0,4.29276668813045,4.75,,
1971-11-19,328.4,41.0,4.29276668813045,4.75,,
1971-11-22,328.41,41.0,4.29276668813045,4.88,,
1971-11-23,328.19,41.0,4.29276668813045,5.0,,
1971-11-24,328.04,41.0,4.29276668813045,5.13,,
1971-11-25,,41.0,4.29276668813045,5.13,,
1971-11-26,327.6,41.0,4.29276668813045,5.0,,
1971-11-29,327.06,41.0,4.29276668813045,4.63,,
1971-11-30,327.44,41.0,4.29276668813045,4.25,,
1971-12-01,327.6,41.1,4.29276668813045,3.75,,
1971-12-02,326.0,41.1,4.29276668813045,4.5,,
1971-12-03,325.1,41.1,4.29276668813045,4.5,,
1971-12-06,326.53,41.1,4.29276668813045,4.63,,
1971-12-07,323.62,41.1,4.29276668813045,4.75,,
1971-12-08,323.5,41.1,4.29276668813045,4.75,,
1971-12-09,323.52,41.1,4.29276668813045,4.5,,
1971-12-10,323.1,41.1,4.29276668813045,4.5,,
1971-12-13,322.79,41.1,4.29276668813045,4.25,,
1971-12-14,322.58,41.1,4.29276668813045,4.13,,
1971-12-15,321.54,41.1,4.29276668813045,3.0,,
1971-12-16,320.0,41.1,4.29276668813045,4.13,,
1971-12-17,320.36,41.1,4.29276668813045,4.13,,
1971-12-20,,41.1,4.29276668813045,3.75,,
1971-12-21,314.98,41.1,4.29276668813045,3.5,,
1971-12-22,314.96,41.1,4.29276668813045,3.5,,
1971-12-23,315.01,41.1,4.29276668813045,3.75,,
1971-12-24,315.21,41.1,4.29276668813045,4.0,,
1971-12-27,314.96,41.1,4.29276668813045,3.75,,
1971-12-28,315.01,41.1,4.29276668813045,3.88,,
1971-12-29,315.21,41.1,4.29276668813045,5.0,,
1971-12-30,315.01,41.1,4.29276668813045,4.38,,
1971-12-31,315.01,41.1,4.29276668813045,3.0,,
1972-01-03,314.86,41.2,3.27227824655283,4.25,25099.0,34.72622
1972-01-04,314.96,41.2,3.27227824655283,3.75,25099.0,34.72622
1972-01-05,314.86,41.2,3.27227824655283,3.63,25099.0,34.72622
1972-01-06,312.01,41.2,3.27227824655283,3.75,25099.0,34.72622
1972-01-07,312.5,41.2,3.27227824655283,3.88,25099.0,34.72622
1972-01-10,312.99,41.2,3.27227824655283,3.75,25099.0,34.72622
1972-01-11,314.47,41.2,3.27227824655283,3.63,25099.0,34.72622
1972-01-12,313.48,41.2,3.27227824655283,3.25,25099.0,34.72622
1972-01-13,313.97,41.2,3.27227824655283,3.63,25099.0,34.72622
1972-01-14,312.99,41.2,3.27227824655283,3.5,25099.0,34.72622
1972-01-17,313.38,41.2,3.27227824655283,3.5,25099.0,34.72622
1972-01-18,312.89,41.2,3.27227824655283,3.63,25099.0,34.72622
1972-01-19,312.79,41.2,3.27227824655283,3.5,25099.0,34.72622
1972-01-20,312.01,41.2,3.27227824655283,3.5,25099.0,34.72622
1972-01-21,312.3,41.2,3.27227824655283,3.5,25099.0,34.72622
1972-01-24,312.21,41.2,3.27227824655283,3.38,25099.0,34.72622
1972-01-25,311.82,41.2,3.27227824655283,3.38,25099.0,34.72622
1972-01-26,311.53,41.2,3.27227824655283,3.25,25099.0,34.72622
1972-01-27,310.08,41.2,3.27227824655283,3.38,25099.0,34.72622
1972-01-28,310.46,41.2,3.27227824655283,3.25,25099.0,34.72622
1972-01-31,310.56,41.2,3.27227824655283,3.13,25099.0,34.72622
1972-02-01,310.37,41.4,3.27227824655283,3.25,,
1972-02-02,308.55,41.4,3.27227824655283,3.13,,
1972-02-03,309.12,41.4,3.27227824655283,3.25,,
1972-02-04,308.64,41.4,3.27227824655283,3.25,,
1972-02-07,308.17,41.4,3.27227824655283,3.25,,
1972-02-08,307.69,41.4,3.27227824655283,3.25,,
1972-02-09,304.79,41.4,3.27227824655283,3.25,,
1972-02-10,304.69,41.4,3.27227824655283,3.25,,
1972-02-11,304.69,41.4,3.27227824655283,3.38,,
1972-02-14,304.23,41.4,3.27227824655283,3.38,,
1972-02-15,304.14,41.4,3.27227824655283,3.5,,
1972-02-16,303.95,41.4,3.27227824655283,3.75,,
1972-02-17,303.95,41.4,3.27227824655283,3.5,,
1972-02-18,303.49,41.4,3.27227824655283,3.38,,
1972-02-21,,41.4,3.27227824655283,3.38,,
1972-02-22,302.85,41.4,3.27227824655283,3.25,,
1972-02-23,302.48,41.4,3.27227824655283,3.13,,
1972-02-24,302.11,41.4,3.27227824655283,3.25,,
1972-02-25,302.48,41.4,3.27227824655283,3.13,,
1972-02-28,303.95,41.4,3.27227824655283,3.13,,
1972-02-29,303.4,41.4,3.27227824655283,3.25,,
1972-03-01,303.21,41.4,3.27227824655283,3.25,,
1972-03-02,303.03,41.4,3.27227824655283,3.38,,
1972-03-03,302.66,41.4,3.27227824655283,3.38,,
1972-03-06,302.75,41.4,3.27227824655283,3.5,,
1972-03-07,302.3,41.4,3.27227824655283,3.5,,
1972-03-08,302.02,41.4,3.27227824655283,3.5,,
1972-03-09,301.66,41.4,3.27227824655283,3.63,,
1972-03-10,301.93,41.4,3.27227824655283,3.88,,
1972-03-13,302.3,41.4,3.27227824655283,3.88,,
1972-03-14,302.21,41.4,3.27227824655283,4.13,,
1972-03-15,302.11,41.4,3.27227824655283,3.88,,
1972-03-16,302.02,41.4,3.27227824655283,3.88,,
1972-03-17,302.11,41.4,3.27227824655283,3.88,,
1972-03-20,302.3,41.4,3.27227824655283,3.88,,
1972-03-21,302.11,41.4,3.27227824655283,4.0,,
1972-03-22,302.11,41.4,3.27227824655283,4.0,,
1972-03-23,301.93,41.4,3.27227824655283,4.0,,
1972-03-24,302.3,41.4,3.27227824655283,4.0,,
1972-03-27,302.57,41.4,3.27227824655283,4.0,,
1972-03-28,302.85,41.4,3.27227824655283,4.13,,
1972-03-29,303.77,41.4,3.27227824655283,4.5,,
1972-03-30,303.77,41.4,3.27227824655283,4.25,,
1972-03-31,304.32,41.4,3.27227824655283,4.0,,
1972-04-03,304.14,41.5,3.27227824655283,4.25,25608.0,33.67383
1972-04-04,304.97,41.5,3.27227824655283,4.25,25608.0,33.67383
1972-04-05,305.16,41.5,3.27227824655283,4.38,25608.0,33.67383
1972-04-06,304.88,41.5,3.27227824655283,4.25,25608.0,33.67383
1972-04-07,303.21,41.5,3.27227824655283,4.31,25608.0,33.67383
1972-04-10,302.11,41.5,3.27227824655283,4.31,25608.0,33.67383
1972-04-11,302.3,41.5,3.27227824655283,4.25,25608.0,33.67383
1972-04-12,302.43,41.5,3.27227824655283,3.5,25608.0,33.67383
1972-04-13,302.57,41.5,3.27227824655283,4.13,25608.0,33.67383
1972-04-14,302.94,41.5,3.27227824655283,4.25,25608.0,33.67383
1972-04-17,302.57,41.5,3.27227824655283,4.06,25608.0,33.67383
1972-04-18,302.39,41.5,3.27227824655283,3.88,25608.0,33.67383
1972-04-19,302.94,41.5,3.27227824655283,3.5,25608.0,33.67383
1972-04-20,303.03,41.5,3.27227824655283,4.13,25608.0,33.67383
1972-04-21,303.21,41.5,3.27227824655283,4.0,25608.0,33.67383
1972-04-24,305.16,41.5,3.27227824655283,4.0,25608.0,33.67383
1972-04-25,304.32,41.5,3.27227824655283,4.25,25608.0,33.67383
1972-04-26,303.77,41.5,3.27227824655283,5.0,25608.0,33.67383
1972-04-27,304.23,41.5,3.27227824655283,4.38,25608.0,33.67383
1972-04-28,304.88,41.5,3.27227824655283,4.31,25608.0,33.67383
1972-05-01,304.41,41.6,3.27227824655283,4.25,,
1972-05-02,304.23,41.6,3.27227824655283,4.19,,
1972-05-03,304.32,41.6,3.27227824655283,4.0,,
1972-05-04,304.23,41.6,3.27227824655283,4.25,,
1972-05-05,304.32,41.6,3.27227824655283,4.25,,
1972-05-08,305.06,41.6,3.27227824655283,4.13,,
1972-05-09,304.97,41.6,3.27227824655283,4.0,,
1972-05-10,303.77,41.6,3.27227824655283,4.25,,
1972-05-11,303.58,41.6,3.27227824655283,4.25,,
1972-05-12,303.86,41.6,3.27227824655283,4.31,,
1972-05-15,304.32,41.6,3.27227824655283,4.25,,
1972-05-16,304.41,41.6,3.27227824655283,4.31,,
1972-05-17,304.51,41.6,3.27227824655283,4.5,,
1972-05-18,304.6,41.6,3.27227824655283,4.31,,
1972-05-19,304.04,41.6,3.27227824655283,4.25,,
1972-05-22,304.41,41.6,3.27227824655283,4.25,,
1972-05-23,304.23,41.6,3.27227824655283,4.25,,
1972-05-24,304.32,41.6,3.27227824655283,4.13,,
1972-05-25,304.32,41.6,3.27227824655283,4.31,,
1972-05-26,304.41,41.6,3.27227824655283,4.31,,
1972-05-29,,41.6,3.27227824655283,4.31,,
1972-05-30,305.34,41.6,3.27227824655283,4.31,,
1972-05-31,304.69,41.6,3.27227824655283,4.75,,
1972-06-01,304.41,41.7,3.27227824655283,4.44,,
1972-06-02,304.23,41.7,3.27227824655283,4.5,,
1972-06-05,304.69,41.7,3.27227824655283,4.44,,
1972-06-06,304.51,41.7,3.27227824655283,4.5,,
1972-06-07,304.41,41.7,3.27227824655283,4.5,,
1972-06-08,304.32,41.7,3.27227824655283,4.5,,
1972-06-09,304.23,41.7,3.27227824655283,4.5,,
1972-06-12,304.51,41.7,3.27227824655283,4.44,,
1972-06-13,304.04,41.7,3.27227824655283,4.38,,
1972-06-14,303.95,41.7,3.27227824655283,4.38,,
1972-06-15,304.04,41.7,3.27227824655283,4.44,,
1972-06-16,303.95,41.7,3.27227824655283,4.38,,
1972-06-19,303.86,41.7,3.27227824655283,4.44,,
1972-06-20,303.4,41.7,3.27227824655283,4.38,,
1972-06-21,302.94,41.7,3.27227824655283,4.38,,
1972-06-22,302.07,41.7,3.27227824655283,4.44,,
1972-06-23,294.12,41.7,3.27227824655283,4.44,,
1972-06-26,298.51,41.7,3.27227824655283,4.5,,
1972-06-27,298.51,41.7,3.27227824655283,4.56,,
1972-06-28,296.74,41.7,3.27227824655283,4.63,,
1972-06-29,300.75,41.7,3.27227824655283,4.63,,
1972-06-30,300.93,41.7,3.27227824655283,4.5,,
1972-07-03,300.84,41.8,3.27227824655283,4.75,25783.0,33.62447
1972-07-04,,41.8,3.27227824655283,4.75,25783.0,33.62447
1972-07-05,300.03,41.8,3.27227824655283,4.63,25783.0,33.62447
1972-07-06,300.57,41.8,3.27227824655283,4.63,25783.0,33.62447
1972-07-07,300.93,41.8,3.27227824655283,4.75,25783.0,33.62447
1972-07-10,301.3,41.8,3.27227824655283,4.69,25783.0,33.62447
1972-07-11,301.57,41.8,3.27227824655283,4.5,25783.0,33.62447
1972-07-12,301.2,41.8,3.27227824655283,4.25,25783.0,33.62447
1972-07-13,301.02,41.8,3.27227824655283,4.63,25783.0,33.62447
1972-07-14,301.2,41.8,3.27227824655283,4.56,25783.0,33.62447
1972-07-17,301.02,41.8,3.27227824655283,4.56,25783.0,33.62447
1972-07-18,300.75,41.8,3.27227824655283,4.63,25783.0,33.62447
1972-07-19,301.2,41.8,3.27227824655283,3.75,25783.0,33.62447
1972-07-20,300.93,41.8,3.27227824655283,4.56,25783.0,33.62447
1972-07-21,301.11,41.8,3.27227824655283,4.63,25783.0,33.62447
1972-07-24,301.2,41.8,3.27227824655283,4.56,25783.0,33.62447
1972-07-25,300.75,41.8,3.27227824655283,4.5,25783.0,33.62447
1972-07-26,301.2,41.8,3.27227824655283,4.25,25783.0,33.62447
1972-07-27,301.2,41.8,3.27227824655283,4.56,25783.0,33.62447
1972-07-28,301.2,41.8,3.27227824655283,4.5,25783.0,33.62447
1972-07-31,301.39,41.8,3.27227824655283,4.5,25783.0,33.62447
1972-08-01,301.2,41.9,3.27227824655283,4.63,,
1972-08-02,301.2,41.9,3.27227824655283,4.75,,
1972-08-03,301.2,41.9,3.27227824655283,4.63,,
1972-08-04,300.93,41.9,3.27227824655283,4.63,,
1972-08-07,301.11,41.9,3.27227824655283,4.69,,
1972-08-08,301.2,41.9,3.27227824655283,4.75,,
1972-08-09,301.2,41.9,3.27227824655283,4.88,,
1972-08-10,301.11,41.9,3.27227824655283,4.75,,
1972-08-11,301.11,41.9,3.27227824655283,4.81,,
1972-08-14,301.11,41.9,3.27227824655283,4.81,,
1972-08-15,301.2,41.9,3.27227824655283,4.81,,
1972-08-16,301.2,41.9,3.27227824655283,5.25,,
1972-08-17,301.2,41.9,3.27227824655283,4.88,,
1972-08-18,301.2,41.9,3.27227824655283,4.81,,
1972-08-21,301.11,41.9,3.27227824655283,4.69,,
1972-08-22,301.2,41.9,3.27227824655283,4.5,,
1972-08-23,301.2,41.9,3.27227824655283,4.75,,
1972-08-24,301.2,41.9,3.27227824655283,4.75,,
1972-08-25,301.2,41.9,3.27227824655283,4.75,,
1972-08-28,301.2,41.9,3.27227824655283,4.81,,
1972-08-29,301.2,41.9,3.27227824655283,5.0,,
1972-08-30,301.11,41.9,3.27227824655283,5.5,,
1972-08-31,301.11,41.9,3.27227824655283,5.13,,
1972-09-01,301.11,42.1,3.27227824655283,5.19,,
1972-09-04,,42.1,3.27227824655283,5.19,,
1972-09-05,301.2,42.1,3.27227824655283,4.63,,
1972-09-06,301.2,42.1,3.27227824655283,3.75,,
1972-09-07,301.11,42.1,3.27227824655283,4.75,,
1972-09-08,301.11,42.1,3.27227824655283,4.63,,
1972-09-11,301.2,42.1,3.27227824655283,4.63,,
1972-09-12,301.11,42.1,3.27227824655283,4.69,,
1972-09-13,301.11,42.1,3.27227824655283,4.88,,
1972-09-14,301.11,42.1,3.27227824655283,4.69,,
1972-09-15,301.11,42.1,3.27227824655283,4.88,,
1972-09-18,301.11,42.1,3.27227824655283,4.94,,
1972-09-19,301.11,42.1,3.27227824655283,5.13,,
1972-09-20,301.11,42.1,3.27227824655283,5.13,,
1972-09-21,301.11,42.1,3.27227824655283,5.13,,
1972-09-22,301.11,42.1,3.27227824655283,5.13,,
1972-09-25,301.11,42.1,3.27227824655283,4.94,,
1972-09-26,301.11,42.1,3.27227824655283,4.75,,
1972-09-27,301.02,42.1,3.27227824655283,4.75,,
1972-09-28,301.11,42.1,3.27227824655283,5.0,,
1972-09-29,301.11,42.1,3.27227824655283,4.88,,
1972-10-02,301.11,42.2,3.27227824655283,5.19,26146.0,33.74758
1972-10-03,301.11,42.2,3.27227824655283,5.5,26146.0,33.74758
1972-10-04,301.11,42.2,3.27227824655283,5.75,26146.0,33.74758
1972-10-05,301.11,42.2,3.27227824655283,5.25,26146.0,33.74758
1972-10-06,300.93,42.2,3.27227824655283,5.13,26146.0,33.74758
1972-10-09,,42.2,3.27227824655283,5.13,26146.0,33.74758
1972-10-10,300.93,42.2,3.27227824655283,5.0,26146.0,33.74758
1972-10-11,301.02,42.2,3.27227824655283,4.88,26146.0,33.74758
1972-10-12,301.02,42.2,3.27227824655283,5.0,26146.0,33.74758
1972-10-13,301.11,42.2,3.27227824655283,4.94,26146.0,33.74758
1972-10-16,301.11,42.2,3.27227824655283,5.06,26146.0,33.74758
1972-10-17,301.11,42.2,3.27227824655283,4.88,26146.0,33.74758
1972-10-18,301.11,42.2,3.27227824655283,4.63,26146.0,33.74758
1972-10-19,301.02,42.2,3.27227824655283,4.94,26146.0,33.74758
1972-10-20,300.75,42.2,3.27227824655283,4.88,26146.0,33.74758
1972-10-23,,42.2,3.27227824655283,4.88,26146.0,33.74758
1972-10-24,301.02,42.2,3.27227824655283,5.0,26146.0,33.74758
1972-10-25,301.2,42.2,3.27227824655283,5.63,26146.0,33.74758
1972-10-26,300.84,42.2,3.27227824655283,5.13,26146.0,33.74758
1972-10-27,300.48,42.2,3.27227824655283,5.0,26146.0,33.74758
1972-10-30,301.02,42.2,3.27227824655283,4.94,26146.0,33.74758
1972-10-31,301.11,42.2,3.27227824655283,4.88,26146.0,33.74758
1972-11-01,301.02,42.4,3.27227824655283,5.5,,
1972-11-02,300.66,42.4,3.27227824655283,5.06,,
1972-11-03,299.94,42.4,3.27227824655283,5.06,,
1972-11-06,301.02,42.4,3.27227824655283,5.25,,
1972-11-07,,42.4,3.27227824655283,5.25,,
1972-11-08,301.02,42.4,3.27227824655283,6.0,,
1972-11-09,301.02,42.4,3.27227824655283,5.13,,
1972-11-10,300.93,42.4,3.27227824655283,5.25,,
1972-11-13,301.02,42.4,3.27227824655283,5.06,,
1972-11-14,301.02,42.4,3.27227824655283,4.81,,
1972-11-15,301.11,42.4,3.27227824655283,3.5,,
1972-11-16,301.11,42.4,3.27227824655283,4.88,,
1972-11-17,301.02,42.4,3.27227824655283,4.88,,
1972-11-20,301.11,42.4,3.27227824655283,5.06,,
1972-11-21,301.11,42.4,3.27227824655283,5.25,,
1972-11-22,301.11,42.4,3.27227824655283,5.0,,
1972-11-23,,42.4,3.27227824655283,5.0,,
1972-11-24,301.02,42.4,3.27227824655283,5.06,,
1972-11-27,301.11,42.4,3.27227824655283,5.06,,
1972-11-28,301.2,42.4,3.27227824655283,5.19,,
1972-11-29,301.11,42.4,3.27227824655283,4.75,,
1972-11-30,301.11,42.4,3.27227824655283,5.19,,
1972-12-01,301.11,42.5,3.27227824655283,5.25,,
1972-12-04,301.11,42.5,3.27227824655283,5.25,,
1972-12-05,301.11,42.5,3.27227824655283,5.25,,
1972-12-06,301.11,42.5,3.27227824655283,4.75,,
1972-12-07,301.11,42.5,3.27227824655283,5.19,,
1972-12-08,301.11,42.5,3.27227824655283,5.19,,
1972-12-11,301.07,42.5,3.27227824655283,5.25,,
1972-12-12,301.11,42.5,3.27227824655283,5.5,,
1972-12-13,301.11,42.5,3.27227824655283,5.5,,
1972-12-14,301.11,42.5,3.27227824655283,5.31,,
1972-12-15,301.11,42.5,3.27227824655283,5.38,,
1972-12-18,301.11,42.5,3.27227824655283,5.56,,
1972-12-19,301.11,42.5,3.27227824655283,5.38,,
1972-12-20,301.11,42.5,3.27227824655283,5.25,,
1972-12-21,301.11,42.5,3.27227824655283,5.5,,
1972-12-22,301.11,42.5,3.27227824655283,5.38,,
1972-12-25,,42.5,3.27227824655283,5.38,,
1972-12-26,301.39,42.5,3.27227824655283,5.25,,
1972-12-27,302.02,42.5,3.27227824655283,5.13,,
1972-12-28,302.02,42.5,3.27227824655283,5.75,,
1972-12-29,301.66,42.5,3.27227824655283,5.5,,
1973-01-01,,42.7,6.17776006377041,5.5,26735.0,33.29287
1973-01-02,301.39,42.7,6.17776006377041,6.0,26735.0,33.29287
1973-01-03,301.43,42.7,6.17776006377041,5.5,26735.0,33.29287
1973-01-04,301.2,42.7,6.17776006377041,5.75,26735.0,33.29287
1973-01-05,301.3,42.7,6.17776006377041,5.75,26735.0,33.29287
1973-01-08,302.21,42.7,6.17776006377041,5.63,26735.0,33.29287
1973-01-09,302.07,42.7,6.17776006377041,5.5,26735.0,33.29287
1973-01-10,301.84,42.7,6.17776006377041,5.5,26735.0,33.29287
1973-01-11,301.48,42.7,6.17776006377041,5.75,26735.0,33.29287
1973-01-12,301.66,42.7,6.17776006377041,5.75,26735.0,33.29287
1973-01-15,301.66,42.7,6.17776006377041,5.88,26735.0,33.29287
1973-01-16,301.93,42.7,6.17776006377041,6.5,26735.0,33.29287
1973-01-17,302.11,42.7,6.17776006377041,5.63,26735.0,33.29287
1973-01-18,302.21,42.7,6.17776006377041,5.75,26735.0,33.29287
1973-01-19,302.57,42.7,6.17776006377041,6.0,26735.0,33.29287
1973-01-22,302.48,42.7,6.17776006377041,6.0,26735.0,33.29287
1973-01-23,301.66,42.7,6.17776006377041,6.25,26735.0,33.29287
1973-01-24,302.11,42.7,6.17776006377041,6.19,26735.0,33.29287
1973-01-25,301.84,42.7,6.17776006377041,6.31,26735.0,33.29287
1973-01-26,301.75,42.7,6.17776006377041,6.38,26735.0,33.29287
1973-01-29,301.66,42.7,6.17776006377041,6.25,26735.0,33.29287
1973-01-30,301.39,42.7,6.17776006377041,6.25,26735.0,33.29287
1973-01-31,301.39,42.7,6.17776006377041,6.5,26735.0,33.29287
1973-02-01,300.93,43.0,6.17776006377041,6.44,,
1973-02-02,299.58,43.0,6.17776006377041,6.44,,
1973-02-05,300.75,43.0,6.17776006377041,6.25,,
1973-02-06,299.85,43.0,6.17776006377041,5.75,,
1973-02-07,299.85,43.0,6.17776006377041,5.75,,
1973-02-08,299.4,43.0,6.17776006377041,6.25,,
1973-02-09,293.26,43.0,6.17776006377041,6.38,,
1973-02-12,,43.0,6.17776006377041,6.44,,
1973-02-13,266.67,43.0,6.17776006377041,6.75,,
1973-02-14,265.96,43.0,6.17776006377041,7.5,,
1973-02-15,263.02,43.0,6.17776006377041,7.0,,
1973-02-16,263.85,43.0,6.17776006377041,7.25,,
1973-02-19,,43.0,6.17776006377041,7.25,,
1973-02-20,265.96,43.0,6.17776006377041,6.25,,
1973-02-21,264.9,43.0,6.17776006377041,5.25,,
1973-02-22,265.46,43.0,6.17776006377041,6.38,,
1973-02-23,264.9,43.0,6.17776006377041,6.38,,
1973-02-26,265.6,43.0,6.17776006377041,6.75,,
1973-02-27,265.96,43.0,6.17776006377041,7.5,,
1973-02-28,265.67,43.0,6.17776006377041,7.5,,
1973-03-01,265.6,43.4,6.17776006377041,7.0,,
1973-03-02,262.12,43.4,6.17776006377041,7.38,,
1973-03-05,259.07,43.4,6.17776006377041,7.0,,
1973-03-06,261.78,43.4,6.17776006377041,6.75,,
1973-03-07,261.92,43.4,6.17776006377041,6.25,,
1973-03-08,261.44,43.4,6.17776006377041,7.0,,
1973-03-09,260.42,43.4,6.17776006377041,7.13,,
1973-03-12,257.07,43.4,6.17776006377041,7.25,,
1973-03-13,254.97,43.4,6.17776006377041,7.5,,
1973-03-14,254.45,43.4,6.17776006377041,6.75,,
1973-03-15,255.75,43.4,6.17776006377041,7.25,,
1973-03-16,260.08,43.4,6.17776006377041,7.25,,
1973-03-19,263.16,43.4,6.17776006377041,7.0,,
1973-03-20,263.16,43.4,6.17776006377041,6.75,,
1973-03-21,263.16,43.4,6.17776006377041,6.0,,
1973-03-22,263.5,43.4,6.17776006377041,7.13,,
1973-03-23,266.03,43.4,6.17776006377041,7.0,,
1973-03-26,265.53,43.4,6.17776006377041,7.13,,
1973-03-27,265.39,43.4,6.17776006377041,7.25,,
1973-03-28,265.6,43.4,6.17776006377041,7.25,,
1973-03-29,265.67,43.4,6.17776006377041,7.5,,
1973-03-30,265.96,43.4,6.17776006377041,7.38,,
1973-04-02,266.03,43.7,6.17776006377041,7.38,26966.0,32.34466
1973-04-03,265.46,43.7,6.17776006377041,6.88,26966.0,32.34466
1973-04-04,264.97,43.7,6.17776006377041,6.38,26966.0,32.34466
1973-04-05,264.55,43.7,6.17776006377041,7.13,26966.0,32.34466
1973-04-06,264.76,43.7,6.17776006377041,7.13,26966.0,32.34466
1973-04-09,265.53,43.7,6.17776006377041,6.75,26966.0,32.34466
1973-04-10,265.53,43.7,6.17776006377041,6.63,26966.0,32.34466
1973-04-11,265.67,43.7,6.17776006377041,6.0,26966.0,32.34466
1973-04-12,266.03,43.7,6.17776006377041,6.88,26966.0,32.34466
1973-04-13,265.89,43.7,6.17776006377041,6.88,26966.0,32.34466
1973-04-16,265.6,43.7,6.17776006377041,7.13,26966.0,32.34466
1973-04-17,265.46,43.7,6.17776006377041,7.75,26966.0,32.34466
1973-04-18,265.46,43.7,6.17776006377041,8.25,26966.0,32.34466
1973-04-19,265.53,43.7,6.17776006377041,7.38,26966.0,32.34466
1973-04-20,265.6,43.7,6.17776006377041,7.0,26966.0,32.34466
1973-04-23,265.6,43.7,6.17776006377041,6.88,26966.0,32.34466
1973-04-24,265.46,43.7,6.17776006377041,7.25,26966.0,32.34466
1973-04-25,265.46,43.7,6.17776006377041,7.5,26966.0,32.34466
1973-04-26,265.6,43.7,6.17776006377041,7.38,26966.0,32.34466
1973-04-27,265.6,43.7,6.17776006377041,7.38,26966.0,32.34466
1973-04-30,265.53,43.7,6.17776006377041,7.63,26966.0,32.34466
1973-05-01,265.53,43.9,6.17776006377041,7.88,,
1973-05-02,265.53,43.9,6.17776006377041,7.0,,
1973-05-03,265.53,43.9,6.17776006377041,7.44,,
1973-05-04,265.53,43.9,6.17776006377041,7.63,,
1973-05-07,265.53,43.9,6.17776006377041,7.88,,
1973-05-08,265.67,43.9,6.17776006377041,7.75,,
1973-05-09,265.04,43.9,6.17776006377041,7.25,,
1973-05-10,265.04,43.9,6.17776006377041,7.69,,
1973-05-11,265.46,43.9,6.17776006377041,7.88,,
1973-05-14,264.76,43.9,6.17776006377041,7.75,,
1973-05-15,262.47,43.9,6.17776006377041,7.63,,
1973-05-16,262.95,43.9,6.17776006377041,8.0,,
1973-05-17,264.48,43.9,6.17776006377041,8.13,,
1973-05-18,264.27,43.9,6.17776006377041,8.0,,
1973-05-21,262.95,43.9,6.17776006377041,7.88,,
1973-05-22,263.57,43.9,6.17776006377041,8.19,,
1973-05-23,264.2,43.9,6.17776006377041,8.25,,
1973-05-24,264.55,43.9,6.17776006377041,8.13,,
1973-05-25,264.83,43.9,6.17776006377041,8.0,,
1973-05-28,,43.9,6.17776006377041,8.0,,
1973-05-29,264.9,43.9,6.17776006377041,7.88,,
1973-05-30,264.83,43.9,6.17776006377041,7.63,,
1973-05-31,264.69,43.9,6.17776006377041,8.13,,
1973-06-01,264.06,44.2,6.17776006377041,8.44,,
1973-06-04,262.88,44.2,6.17776006377041,8.63,,
1973-06-05,262.88,44.2,6.17776006377041,8.69,,
1973-06-06,264.13,44.2,6.17776006377041,8.25,,
1973-06-07,264.27,44.2,6.17776006377041,8.5,,
1973-06-08,264.41,44.2,6.17776006377041,8.25,,
1973-06-11,264.69,44.2,6.17776006377041,8.44,,
1973-06-12,264.69,44.2,6.17776006377041,8.25,,
1973-06-13,264.62,44.2,6.17776006377041,7.25,,
1973-06-14,264.69,44.2,6.17776006377041,8.38,,
1973-06-15,264.69,44.2,6.17776006377041,8.5,,
1973-06-18,264.69,44.2,6.17776006377041,8.69,,
1973-06-19,264.83,44.2,6.17776006377041,8.69,,
1973-06-20,264.97,44.2,6.17776006377041,8.63,,
1973-06-21,265.04,44.2,6.17776006377041,8.69,,
1973-06-22,265.04,44.2,6.17776006377041,8.56,,
1973-06-25,265.18,44.2,6.17776006377041,8.5,,
1973-06-26,265.18,44.2,6.17776006377041,8.75,,
1973-06-27,265.18,44.2,6.17776006377041,8.5,,
1973-06-28,265.18,44.2,6.17776006377041,8.88,,
1973-06-29,263.16,44.2,6.17776006377041,8.88,,
1973-07-02,265.25,44.2,6.17776006377041,10.0,26758.0,32.12455
1973-07-03,265.04,44.2,6.17776006377041,13.0,26758.0,32.12455
1973-07-04,,44.2,6.17776006377041,13.0,26758.0,32.12455
1973-07-05,265.11,44.2,6.17776006377041,9.75,26758.0,32.12455
1973-07-06,262.12,44.2,6.17776006377041,9.63,26758.0,32.12455
1973-07-09,259.4,44.2,6.17776006377041,9.75,26758.0,32.12455
1973-07-10,263.16,44.2,6.17776006377041,9.5,26758.0,32.12455
1973-07-11,264.83,44.2,6.17776006377041,8.75,26758.0,32.12455
1973-07-12,264.76,44.2,6.17776006377041,9.75,26758.0,32.12455
1973-07-13,265.04,44.2,6.17776006377041,9.69,26758.0,32.12455
1973-07-16,265.11,44.2,6.17776006377041,11.0,26758.0,32.12455
1973-07-17,265.25,44.2,6.17776006377041,11.75,26758.0,32.12455
1973-07-18,265.11,44.2,6.17776006377041,10.0,26758.0,32.12455
1973-07-19,265.18,44.2,6.17776006377041,10.8,26758.0,32.12455
1973-07-20,265.6,44.2,6.17776006377041,10.66,26758.0,32.12455
1973-07-23,266.17,44.2,6.17776006377041,10.81,26758.0,32.12455
1973-07-24,265.6,44.2,6.17776006377041,10.69,26758.0,32.12455
1973-07-25,265.53,44.2,6.17776006377041,9.8,26758.0,32.12455
1973-07-26,265.6,44.2,6.17776006377041,10.69,26758.0,32.12455
1973-07-27,264.76,44.2,6.17776006377041,10.74,26758.0,32.12455
1973-07-30,263.57,44.2,6.17776006377041,11.1,26758.0,32.12455
1973-07-31,263.44,44.2,6.17776006377041,11.22,26758.0,32.12455
1973-08-01,263.44,45.0,6.17776006377041,8.74,,
1973-08-02,264.76,45.0,6.17776006377041,10.84,,
1973-08-03,265.39,45.0,6.17776006377041,10.71,,
1973-08-06,265.11,45.0,6.17776006377041,10.56,,
1973-08-07,265.25,45.0,6.17776006377041,10.13,,
1973-08-08,265.18,45.0,6.17776006377041,9.05,,
1973-08-09,265.11,45.0,6.17776006377041,10.5,,
1973-08-10,265.25,45.0,6.17776006377041,10.52,,
1973-08-13,265.46,45.0,6.17776006377041,10.54,,
1973-08-14,265.46,45.0,6.17776006377041,10.39,,
1973-08-15,265.46,45.0,6.17776006377041,9.73,,
1973-08-16,265.39,45.0,6.17776006377041,10.49,,
1973-08-17,265.53,45.0,6.17776006377041,10.44,,
1973-08-20,265.6,45.0,6.17776006377041,10.58,,
1973-08-21,265.18,45.0,6.17776006377041,10.74,,
1973-08-22,265.25,45.0,6.17776006377041,10.48,,
1973-08-23,265.25,45.0,6.17776006377041,10.79,,
1973-08-24,265.25,45.0,6.17776006377041,10.84,,
1973-08-27,265.32,45.0,6.17776006377041,10.77,,
1973-08-28,265.32,45.0,6.17776006377041,10.55,,
1973-08-29,265.32,45.0,6.17776006377041,10.88,,
1973-08-30,265.39,45.0,6.17776006377041,10.86,,
1973-08-31,265.39,45.0,6.17776006377041,11.22,,
1973-09-03,,45.2,6.17776006377041,11.22,,
1973-09-04,265.46,45.2,6.17776006377041,10.85,,
1973-09-05,265.39,45.2,6.17776006377041,8.96,,
1973-09-06,265.39,45.2,6.17776006377041,10.73,,
1973-09-07,265.39,45.2,6.17776006377041,10.79,,
1973-09-10,265.39,45.2,6.17776006377041,11.15,,
1973-09-11,265.46,45.2,6.17776006377041,10.92,,
1973-09-12,265.6,45.2,6.17776006377041,10.03,,
1973-09-13,265.6,45.2,6.17776006377041,10.93,,
1973-09-14,265.6,45.2,6.17776006377041,10.82,,
1973-09-17,265.53,45.2,6.17776006377041,10.84,,
1973-09-18,265.53,45.2,6.17776006377041,10.68,,
1973-09-19,265.46,45.2,6.17776006377041,10.71,,
1973-09-20,265.39,45.2,6.17776006377041,10.79,,
1973-09-21,265.25,45.2,6.17776006377041,10.74,,
1973-09-24,265.39,45.2,6.17776006377041,10.69,,
1973-09-25,265.46,45.2,6.17776006377041,10.54,,
1973-09-26,265.53,45.2,6.17776006377041,11.63,,
1973-09-27,265.6,45.2,6.17776006377041,10.92,,
1973-09-28,265.6,45.2,6.17776006377041,10.82,,
1973-10-01,265.6,45.6,6.17776006377041,10.9,26946.0,31.77379
1973-10-02,265.75,45.6,6.17776006377041,10.73,26946.0,31.77379
1973-10-03,265.89,45.6,6.17776006377041,10.04,26946.0,31.77379
1973-10-04,265.96,45.6,6.17776006377041,10.8,26946.0,31.77379
1973-10-05,266.17,45.6,6.17776006377041,10.62,26946.0,31.77379
1973-10-08,,45.6,6.17776006377041,10.62,26946.0,31.77379
1973-10-09,266.31,45.6,6.17776006377041,9.31,26946.0,31.77379
1973-10-10,266.31,45.6,6.17776006377041,6.48,26946.0,31.77379
1973-10-11,266.24,45.6,6.17776006377041,10.08,26946.0,31.77379
1973-10-12,266.24,45.6,6.17776006377041,10.09,26946.0,31.77379
1973-10-15,266.45,45.6,6.17776006377041,10.0,26946.0,31.77379
1973-10-16,266.45,45.6,6.17776006377041,10.1,26946.0,31.77379
1973-10-17,266.38,45.6,6.17776006377041,10.02,26946.0,31.77379
1973-10-18,266.31,45.6,6.17776006377041,10.01,26946.0,31.77379
1973-10-19,266.38,45.6,6.17776006377041,9.85,26946.0,31.77379
1973-10-22,,45.6,6.17776006377041,9.85,26946.0,31.77379
1973-10-23,266.45,45.6,6.17776006377041,9.86,26946.0,31.77379
1973-10-24,266.38,45.6,6.17776006377041,10.56,26946.0,31.77379
1973-10-25,266.45,45.6,6.17776006377041,9.81,26946.0,31.77379
1973-10-26,266.67,45.6,6.17776006377041,9.7,26946.0,31.77379
1973-10-29,266.74,45.6,6.17776006377041,9.8,26946.0,31.77379
1973-10-30,266.95,45.6,6.17776006377041,9.95,26946.0,31.77379
1973-10-31,266.95,45.6,6.17776006377041,10.61,26946.0,31.77379
1973-11-01,270.27,45.9,6.17776006377041,9.88,,
1973-11-02,276.01,45.9,6.17776006377041,9.71,,
1973-11-05,275.18,45.9,6.17776006377041,9.73,,
1973-11-06,,45.9,6.17776006377041,9.76,,
1973-11-07,275.18,45.9,6.17776006377041,9.45,,
1973-11-08,275.25,45.9,6.17776006377041,9.77,,
1973-11-09,275.33,45.9,6.17776006377041,9.75,,
1973-11-12,275.25,45.9,6.17776006377041,9.78,,
1973-11-13,280.19,45.9,6.17776006377041,10.04,,
1973-11-14,280.66,45.9,6.17776006377041,11.39,,
1973-11-15,280.27,45.9,6.17776006377041,10.0,,
1973-11-16,280.11,45.9,6.17776006377041,10.19,,
1973-11-19,280.11,45.9,6.17776006377041,10.84,,
1973-11-20,280.43,45.9,6.17776006377041,10.77,,
1973-11-21,280.11,45.9,6.17776006377041,9.44,,
1973-11-22,,45.9,6.17776006377041,9.44,,
1973-11-23,280.66,45.9,6.17776006377041,10.17,,
1973-11-26,280.11,45.9,6.17776006377041,10.15,,
1973-11-27,280.11,45.9,6.17776006377041,10.25,,
1973-11-28,279.8,45.9,6.17776006377041,10.26,,
1973-11-29,280.11,45.9,6.17776006377041,10.26,,
1973-11-30,280.11,45.9,6.17776006377041,10.34,,
1973-12-03,280.11,46.3,6.17776006377041,10.45,,
1973-12-04,280.11,46.3,6.17776006377041,10.4,,
1973-12-05,280.11,46.3,6.17776006377041,9.07,,
1973-12-06,280.11,46.3,6.17776006377041,10.24,,
1973-12-07,280.11,46.3,6.17776006377041,10.27,,
1973-12-10,280.11,46.3,6.17776006377041,10.26,,
1973-12-11,280.11,46.3,6.17776006377041,10.16,,
1973-12-12,280.03,46.3,6.17776006377041,8.84,,
1973-12-13,280.11,46.3,6.17776006377041,10.0,,
1973-12-14,280.11,46.3,6.17776006377041,10.09,,
1973-12-17,280.11,46.3,6.17776006377041,10.44,,
1973-12-18,280.11,46.3,6.17776006377041,10.32,,
1973-12-19,280.11,46.3,6.17776006377041,10.22,,
1973-12-20,280.11,46.3,6.17776006377041,10.13,,
1973-12-21,280.11,46.3,6.17776006377041,10.01,,
1973-12-24,280.35,46.3,6.17776006377041,9.66,,
1973-12-25,,46.3,6.17776006377041,9.66,,
1973-12-26,280.27,46.3,6.17776006377041,7.19,,
1973-12-27,280.66,46.3,6.17776006377041,9.87,,
1973-12-28,280.43,46.3,6.17776006377041,9.95,,
1973-12-31,280.27,46.3,6.17776006377041,9.83,,
1974-01-01,,46.8,11.0548048048048,9.83,26660.0,31.76449
1974-01-02,280.82,46.8,11.0548048048048,9.72,26660.0,31.76449
1974-01-03,283.69,46.8,11.0548048048048,9.8,26660.0,31.76449
1974-01-04,282.09,46.8,11.0548048048048,9.84,26660.0,31.76449
1974-01-07,300.3,46.8,11.0548048048048,9.76,26660.0,31.76449
1974-01-08,299.94,46.8,11.0548048048048,9.56,26660.0,31.76449
1974-01-09,299.94,46.8,11.0548048048048,9.7,26660.0,31.76449
1974-01-10,299.94,46.8,11.0548048048048,9.69,26660.0,31.76449
1974-01-11,300.03,46.8,11.0548048048048,9.75,26660.0,31.76449
1974-01-14,300.12,46.8,11.0548048048048,9.76,26660.0,31.76449
1974-01-15,300.12,46.8,11.0548048048048,9.82,26660.0,31.76449
1974-01-16,300.12,46.8,11.0548048048048,9.89,26660.0,31.76449
1974-01-17,300.12,46.8,11.0548048048048,9.7,26660.0,31.76449
1974-01-18,300.12,46.8,11.0548048048048,9.62,26660.0,31.76449
1974-01-21,305.34,46.8,11.0548048048048,9.58,26660.0,31.76449
1974-01-22,304.88,46.8,11.0548048048048,9.46,26660.0,31.76449
1974-01-23,303.58,46.8,11.0548048048048,9.58,26660.0,31.76449
1974-01-24,300.12,46.8,11.0548048048048,9.47,26660.0,31.76449
1974-01-25,299.8,46.8,11.0548048048048,9.5,26660.0,31.76449
1974-01-28,299.85,46.8,11.0548048048048,9.48,26660.0,31.76449
1974-01-29,300.03,46.8,11.0548048048048,9.28,26660.0,31.76449
1974-01-30,299.22,46.8,11.0548048048048,9.58,26660.0,31.76449
1974-01-31,298.77,46.8,11.0548048048048,9.31,26660.0,31.76449
1974-02-01,298.86,47.3,11.0548048048048,9.31,,
1974-02-04,297.0,47.3,11.0548048048048,9.14,,
1974-02-05,293.69,47.3,11.0548048048048,8.8,,
1974-02-06,297.62,47.3,11.0548048048048,8.76,,
1974-02-07,296.82,47.3,11.0548048048048,8.8,,
1974-02-08,296.3,47.3,11.0548048048048,8.81,,
1974-02-11,295.51,47.3,11.0548048048048,8.88,,
1974-02-12,,47.3,11.0548048048048,9.02,,
1974-02-13,291.89,47.3,11.0548048048048,9.37,,
1974-02-14,291.55,47.3,11.0548048048048,8.87,,
1974-02-15,293.17,47.3,11.0548048048048,8.99,,
1974-02-18,,47.3,11.0548048048048,8.99,,
1974-02-19,290.11,47.3,11.0548048048048,9.16,,
1974-02-20,289.02,47.3,11.0548048048048,9.52,,
1974-02-21,282.09,47.3,11.0548048048048,8.91,,
1974-02-22,280.58,47.3,11.0548048048048,8.85,,
1974-02-25,283.37,47.3,11.0548048048048,8.76,,
1974-02-26,286.53,47.3,11.0548048048048,8.76,,
1974-02-27,287.03,47.3,11.0548048048048,8.72,,
1974-02-28,288.43,47.3,11.0548048048048,8.87,,
1974-03-01,292.06,47.8,11.0548048048048,8.97,,
1974-03-04,292.74,47.8,11.0548048048048,9.07,,
1974-03-05,289.44,47.8,11.0548048048048,9.14,,
1974-03-06,287.03,47.8,11.0548048048048,8.87,,
1974-03-07,286.86,47.8,11.0548048048048,8.94,,
1974-03-08,287.19,47.8,11.0548048048048,8.92,,
1974-03-11,285.71,47.8,11.0548048048048,8.95,,
1974-03-12,281.69,47.8,11.0548048048048,9.16,,
1974-03-13,282.33,47.8,11.0548048048048,9.39,,
1974-03-14,282.89,47.8,11.0548048048048,9.14,,
1974-03-15,282.49,47.8,11.0548048048048,9.35,,
1974-03-18,281.93,47.8,11.0548048048048,9.52,,
1974-03-19,280.98,47.8,11.0548048048048,9.31,,
1974-03-20,280.19,47.8,11.0548048048048,9.28,,
1974-03-21,279.1,47.8,11.0548048048048,9.49,,
1974-03-22,276.78,47.8,11.0548048048048,9.65,,
1974-03-25,275.18,47.8,11.0548048048048,9.87,,
1974-03-26,274.88,47.8,11.0548048048048,9.51,,
1974-03-27,275.48,47.8,11.0548048048048,9.48,,
1974-03-28,274.42,47.8,11.0548048048048,10.09,,
1974-03-29,276.09,47.8,11.0548048048048,9.95,,
1974-04-01,280.11,48.1,11.0548048048048,10.01,26666.0,30.99462
1974-04-02,275.48,48.1,11.0548048048048,9.84,26666.0,30.99462
1974-04-03,275.86,48.1,11.0548048048048,9.75,26666.0,30.99462
1974-04-04,278.32,48.1,11.0548048048048,9.89,26666.0,30.99462
1974-04-05,279.33,48.1,11.0548048048048,9.95,26666.0,30.99462
1974-04-08,278.01,48.1,11.0548048048048,10.19,26666.0,30.99462
1974-04-09,279.25,48.1,11.0548048048048,10.14,26666.0,30.99462
1974-04-10,278.01,48.1,11.0548048048048,10.09,26666.0,30.99462
1974-04-11,276.78,48.1,11.0548048048048,10.25,26666.0,30.99462
1974-04-12,278.55,48.1,11.0548048048048,10.27,26666.0,30.99462
1974-04-15,278.55,48.1,11.0548048048048,10.36,26666.0,30.99462
1974-04-16,276.93,48.1,11.0548048048048,10.55,26666.0,30.99462
1974-04-17,276.4,48.1,11.0548048048048,10.55,26666.0,30.99462
1974-04-18,276.4,48.1,11.0548048048048,10.68,26666.0,30.99462
1974-04-19,276.93,48.1,11.0548048048048,10.81,26666.0,30.99462
1974-04-22,277.39,48.1,11.0548048048048,11.0,26666.0,30.99462
1974-04-23,275.56,48.1,11.0548048048048,11.08,26666.0,30.99462
1974-04-24,276.24,48.1,11.0548048048048,10.3,26666.0,30.99462
1974-04-25,278.16,48.1,11.0548048048048,11.25,26666.0,30.99462
1974-04-26,279.8,48.1,11.0548048048048,11.36,26666.0,30.99462
1974-04-29,279.33,48.1,11.0548048048048,11.29,26666.0,30.99462
1974-04-30,279.64,48.1,11.0548048048048,11.0,26666.0,30.99462
1974-05-01,279.41,48.6,11.0548048048048,10.57,,
1974-05-02,279.96,48.6,11.0548048048048,11.28,,
1974-05-03,279.8,48.6,11.0548048048048,11.53,,
1974-05-06,279.41,48.6,11.0548048048048,11.47,,
1974-05-07,279.56,48.6,11.0548048048048,11.28,,
1974-05-08,277.62,48.6,11.0548048048048,10.41,,
1974-05-09,277.62,48.6,11.0548048048048,11.51,,
1974-05-10,277.62,48.6,11.0548048048048,11.47,,
1974-05-13,277.62,48.6,11.0548048048048,11.55,,
1974-05-14,277.78,48.6,11.0548048048048,11.4,,
1974-05-15,277.39,48.6,11.0548048048048,11.36,,
1974-05-16,277.62,48.6,11.0548048048048,11.52,,
1974-05-17,277.7,48.6,11.0548048048048,11.37,,
1974-05-20,278.24,48.6,11.0548048048048,11.17,,
1974-05-21,279.1,48.6,11.0548048048048,10.05,,
1974-05-22,279.88,48.6,11.0548048048048,9.83,,
1974-05-23,279.56,48.6,11.0548048048048,11.21,,
1974-05-24,279.49,48.6,11.0548048048048,11.31,,
1974-05-27,,48.6,11.0548048048048,11.31,,
1974-05-28,279.33,48.6,11.0548048048048,11.73,,
1974-05-29,279.72,48.6,11.0548048048048,12.61,,
1974-05-30,280.9,48.6,11.0548048048048,11.55,,
1974-05-31,281.93,48.6,11.0548048048048,11.64,,
1974-06-03,283.69,49.0,11.0548048048048,11.58,,
1974-06-04,282.89,49.0,11.0548048048048,11.14,,
1974-06-05,281.85,49.0,11.0548048048048,10.94,,
1974-06-06,281.93,49.0,11.0548048048048,11.4,,
1974-06-07,282.65,49.0,11.0548048048048,11.38,,
1974-06-10,282.17,49.0,11.0548048048048,11.47,,
1974-06-11,282.25,49.0,11.0548048048048,11.69,,
1974-06-12,282.97,49.0,11.0548048048048,12.47,,
1974-06-13,282.49,49.0,11.0548048048048,11.73,,
1974-06-14,282.57,49.0,11.0548048048048,12.11,,
1974-06-17,282.73,49.0,11.0548048048048,11.88,,
1974-06-18,282.73,49.0,11.0548048048048,11.59,,
1974-06-19,282.65,49.0,11.0548048048048,11.41,,
1974-06-20,282.89,49.0,11.0548048048048,11.88,,
1974-06-21,283.21,49.0,11.0548048048048,12.0,,
1974-06-24,283.61,49.0,11.0548048048048,11.89,,
1974-06-25,283.85,49.0,11.0548048048048,12.01,,
1974-06-26,284.09,49.0,11.0548048048048,11.98,,
1974-06-27,283.93,49.0,11.0548048048048,13.25,,
1974-06-28,284.25,49.0,11.0548048048048,13.31,,
1974-07-01,285.31,49.3,11.0548048048048,14.33,26347.0,30.86269
1974-07-02,286.61,49.3,11.0548048048048,13.86,26347.0,30.86269
1974-07-03,285.88,49.3,11.0548048048048,13.5,26347.0,30.86269
1974-07-04,,49.3,11.0548048048048,13.5,26347.0,30.86269
1974-07-05,287.36,49.3,11.0548048048048,13.3,26347.0,30.86269
1974-07-08,287.94,49.3,11.0548048048048,13.93,26347.0,30.86269
1974-07-09,288.43,49.3,11.0548048048048,13.93,26347.0,30.86269
1974-07-10,290.7,49.3,11.0548048048048,12.15,26347.0,30.86269
1974-07-11,291.97,49.3,11.0548048048048,13.41,26347.0,30.86269
1974-07-12,289.18,49.3,11.0548048048048,13.6,26347.0,30.86269
1974-07-15,288.85,49.3,11.0548048048048,13.33,26347.0,30.86269
1974-07-16,288.1,49.3,11.0548048048048,12.24,26347.0,30.86269
1974-07-17,289.94,49.3,11.0548048048048,11.52,26347.0,30.86269
1974-07-18,290.36,49.3,11.0548048048048,12.26,26347.0,30.86269
1974-07-19,290.7,49.3,11.0548048048048,12.38,26347.0,30.86269
1974-07-22,291.29,49.3,11.0548048048048,12.28,26347.0,30.86269
1974-07-23,292.74,49.3,11.0548048048048,12.32,26347.0,30.86269
1974-07-24,292.83,49.3,11.0548048048048,14.19,26347.0,30.86269
1974-07-25,293.94,49.3,11.0548048048048,12.64,26347.0,30.86269
1974-07-26,295.42,49.3,11.0548048048048,12.6,26347.0,30.86269
1974-07-29,298.24,49.3,11.0548048048048,11.96,26347.0,30.86269
1974-07-30,297.53,49.3,11.0548048048048,11.56,26347.0,30.86269
1974-07-31,298.24,49.3,11.0548048048048,12.06,26347.0,30.86269
1974-08-01,299.58,49.9,11.0548048048048,12.25,,
1974-08-02,300.12,49.9,11.0548048048048,12.17,,
1974-08-05,300.21,49.9,11.0548048048048,12.02,,
1974-08-06,300.75,49.9,11.0548048048048,11.91,,
1974-08-07,302.11,49.9,11.0548048048048,11.96,,
1974-08-08,302.75,49.9,11.0548048048048,12.09,,
1974-08-09,302.57,49.9,11.0548048048048,12.0,,
1974-08-12,302.11,49.9,11.0548048048048,12.02,,
1974-08-13,301.84,49.9,11.0548048048048,12.09,,
1974-08-14,302.48,49.9,11.0548048048048,11.93,,
1974-08-15,302.75,49.9,11.0548048048048,12.21,,
1974-08-16,302.94,49.9,11.0548048048048,12.33,,
1974-08-19,303.12,49.9,11.0548048048048,12.35,,
1974-08-20,303.12,49.9,11.0548048048048,12.3,,
1974-08-21,303.49,49.9,11.0548048048048,11.79,,
1974-08-22,303.86,49.9,11.0548048048048,12.13,,
1974-08-23,303.12,49.9,11.0548048048048,12.07,,
1974-08-26,302.85,49.9,11.0548048048048,12.09,,
1974-08-27,302.11,49.9,11.0548048048048,11.62,,
1974-08-28,302.48,49.9,11.0548048048048,10.82,,
1974-08-29,302.94,49.9,11.0548048048048,11.67,,
1974-08-30,302.94,49.9,11.0548048048048,11.6,,
1974-09-02,,50.6,11.0548048048048,11.6,,
1974-09-03,302.66,50.6,11.0548048048048,11.92,,
1974-09-04,302.75,50.6,11.0548048048048,11.46,,
1974-09-05,302.57,50.6,11.0548048048048,11.62,,
1974-09-06,302.66,50.6,11.0548048048048,11.54,,
1974-09-09,302.48,50.6,11.0548048048048,11.86,,
1974-09-10,302.75,50.6,11.0548048048048,11.76,,
1974-09-11,302.11,50.6,11.0548048048048,10.52,,
1974-09-12,301.2,50.6,11.0548048048048,11.58,,
1974-09-13,299.58,50.6,11.0548048048048,11.61,,
1974-09-16,299.4,50.6,11.0548048048048,11.55,,
1974-09-17,296.12,50.6,11.0548048048048,11.21,,
1974-09-18,296.03,50.6,11.0548048048048,10.69,,
1974-09-19,296.82,50.6,11.0548048048048,11.17,,
1974-09-20,295.86,50.6,11.0548048048048,11.17,,
1974-09-23,295.86,50.6,11.0548048048048,11.21,,
1974-09-24,294.81,50.6,11.0548048048048,10.96,,
1974-09-25,296.21,50.6,11.0548048048048,10.98,,
1974-09-26,296.74,50.6,11.0548048048048,11.0,,
1974-09-27,296.74,50.6,11.0548048048048,11.18,,
1974-09-30,298.33,50.6,11.0548048048048,11.11,,
1974-10-01,298.15,51.0,11.0548048048048,11.3,26177.0,30.79768
1974-10-02,297.97,51.0,11.0548048048048,10.32,26177.0,30.79768
1974-10-03,299.04,51.0,11.0548048048048,10.97,26177.0,30.79768
1974-10-04,299.04,51.0,11.0548048048048,10.78,26177.0,30.79768
1974-10-07,300.03,51.0,11.0548048048048,10.44,26177.0,30.79768
1974-10-08,299.76,51.0,11.0548048048048,10.03,26177.0,30.79768
1974-10-09,298.69,51.0,11.0548048048048,9.23,26177.0,30.79768
1974-10-10,298.77,51.0,11.0548048048048,10.02,26177.0,30.79768
1974-10-11,299.13,51.0,11.0548048048048,10.01,26177.0,30.79768
1974-10-14,,51.0,11.0548048048048,10.01,26177.0,30.79768
1974-10-15,299.13,51.0,11.0548048048048,10.35,26177.0,30.79768
1974-10-16,299.04,51.0,11.0548048048048,10.38,26177.0,30.79768
1974-10-17,298.95,51.0,11.0548048048048,10.04,26177.0,30.79768
1974-10-18,299.31,51.0,11.0548048048048,9.76,26177.0,30.79768
1974-10-21,299.67,51.0,11.0548048048048,9.63,26177.0,30.79768
1974-10-22,299.94,51.0,11.0548048048048,9.67,26177.0,30.79768
1974-10-23,299.67,51.0,11.0548048048048,10.04,26177.0,30.79768
1974-10-24,299.94,51.0,11.0548048048048,9.69,26177.0,30.79768
1974-10-25,299.85,51.0,11.0548048048048,9.71,26177.0,30.79768
1974-10-28,300.12,51.0,11.0548048048048,9.74,26177.0,30.79768
1974-10-29,299.94,51.0,11.0548048048048,9.58,26177.0,30.79768
1974-10-30,299.94,51.0,11.0548048048048,9.91,26177.0,30.79768
1974-10-31,299.94,51.0,11.0548048048048,9.66,26177.0,30.79768
1974-11-01,300.48,51.5,11.0548048048048,9.65,,
1974-11-04,300.48,51.5,11.0548048048048,9.77,,
1974-11-05,,51.5,11.0548048048048,9.89,,
1974-11-06,300.48,51.5,11.0548048048048,9.11,,
1974-11-07,299.76,51.5,11.0548048048048,9.61,,
1974-11-08,299.67,51.5,11.0548048048048,9.55,,
1974-11-11,,51.5,11.0548048048048,9.55,,
1974-11-12,300.3,51.5,11.0548048048048,9.4,,
1974-11-13,300.12,51.5,11.0548048048048,8.4,,
1974-11-14,300.3,51.5,11.0548048048048,9.32,,
1974-11-15,299.94,51.5,11.0548048048048,9.27,,
1974-11-18,299.67,51.5,11.0548048048048,9.47,,
1974-11-19,299.94,51.5,11.0548048048048,9.5,,
1974-11-20,299.94,51.5,11.0548048048048,9.28,,
1974-11-21,299.94,51.5,11.0548048048048,9.4,,
1974-11-22,299.85,51.5,11.0548048048048,9.41,,
1974-11-25,300.21,51.5,11.0548048048048,9.5,,
1974-11-26,300.12,51.5,11.0548048048048,9.53,,
1974-11-27,299.85,51.5,11.0548048048048,9.56,,
1974-11-28,,51.5,11.0548048048048,9.56,,
1974-11-29,300.3,51.5,11.0548048048048,9.47,,
1974-12-02,300.39,51.9,11.0548048048048,9.41,,
1974-12-03,300.03,51.9,11.0548048048048,8.89,,
1974-12-04,299.76,51.9,11.0548048048048,6.88,,
1974-12-05,300.03,51.9,11.0548048048048,8.89,,
1974-12-06,299.94,51.9,11.0548048048048,8.87,,
1974-12-09,299.85,51.9,11.0548048048048,8.9,,
1974-12-10,299.76,51.9,11.0548048048048,8.95,,
1974-12-11,299.76,51.9,11.0548048048048,8.7,,
1974-12-12,300.03,51.9,11.0548048048048,8.72,,
1974-12-13,300.03,51.9,11.0548048048048,8.75,,
1974-12-16,300.3,51.9,11.0548048048048,8.77,,
1974-12-17,300.48,51.9,11.0548048048048,8.53,,
1974-12-18,300.66,51.9,11.0548048048048,8.78,,
1974-12-19,300.84,51.9,11.0548048048048,8.57,,
1974-12-20,301.11,51.9,11.0548048048048,8.64,,
1974-12-23,301.02,51.9,11.0548048048048,8.76,,
1974-12-24,301.2,51.9,11.0548048048048,7.94,,
1974-12-25,,51.9,11.0548048048048,7.94,,
1974-12-26,301.11,51.9,11.0548048048048,8.77,,
1974-12-27,300.75,51.9,11.0548048048048,8.79,,
1974-12-30,300.57,51.9,11.0548048048048,8.57,,
1974-12-31,301.02,51.9,11.0548048048048,3.87,,
1975-01-01,,52.3,9.14314686496534,3.87,25806.0,31.53604
1975-01-02,300.66,52.3,9.14314686496534,8.55,25806.0,31.53604
1975-01-03,300.84,52.3,9.14314686496534,8.37,25806.0,31.53604
1975-01-06,301.02,52.3,9.14314686496534,7.85,25806.0,31.53604
1975-01-07,300.93,52.3,9.14314686496534,7.3,25806.0,31.53604
1975-01-08,300.75,52.3,9.14314686496534,5.12,25806.0,31.53604
1975-01-09,300.84,52.3,9.14314686496534,7.27,25806.0,31.53604
1975-01-10,300.84,52.3,9.14314686496534,7.24,25806.0,31.53604
1975-01-13,300.93,52.3,9.14314686496534,7.28,25806.0,31.53604
1975-01-14,300.93,52.3,9.14314686496534,7.09,25806.0,31.53604
1975-01-15,301.02,52.3,9.14314686496534,7.19,25806.0,31.53604
1975-01-16,300.75,52.3,9.14314686496534,6.96,25806.0,31.53604
1975-01-17,300.84,52.3,9.14314686496534,6.95,25806.0,31.53604
1975-01-20,301.02,52.3,9.14314686496534,7.04,25806.0,31.53604
1975-01-21,300.84,52.3,9.14314686496534,7.16,25806.0,31.53604
1975-01-22,300.3,52.3,9.14314686496534,8.19,25806.0,31.53604
1975-01-23,299.67,52.3,9.14314686496534,7.06,25806.0,31.53604
1975-01-24,295.33,52.3,9.14314686496534,7.0,25806.0,31.53604
1975-01-27,294.99,52.3,9.14314686496534,7.18,25806.0,31.53604
1975-01-28,297.44,52.3,9.14314686496534,7.12,25806.0,31.53604
1975-01-29,297.35,52.3,9.14314686496534,6.6,25806.0,31.53604
1975-01-30,297.8,52.3,9.14314686496534,6.81,25806.0,31.53604
1975-01-31,297.97,52.3,9.14314686496534,6.76,25806.0,31.53604
1975-02-03,297.44,52.6,9.14314686496534,6.73,,
1975-02-04,297.09,52.6,9.14314686496534,6.58,,
1975-02-05,297.27,52.6,9.14314686496534,4.84,,
1975-02-06,297.0,52.6,9.14314686496534,6.21,,
1975-02-07,295.6,52.6,9.14314686496534,6.17,,
1975-02-10,292.4,52.6,9.14314686496534,6.38,,
1975-02-11,291.63,52.6,9.14314686496534,6.48,,
1975-02-12,,52.6,9.14314686496534,6.36,,
1975-02-13,292.83,52.6,9.14314686496534,6.33,,
1975-02-14,293.26,52.6,9.14314686496534,6.29,,
1975-02-17,,52.6,9.14314686496534,6.29,,
1975-02-18,293.34,52.6,9.14314686496534,6.22,,
1975-02-19,291.55,52.6,9.14314686496534,6.31,,
1975-02-20,291.12,52.6,9.14314686496534,6.17,,
1975-02-21,289.52,52.6,9.14314686496534,6.14,,
1975-02-24,285.88,52.6,9.14314686496534,6.0,,
1975-02-25,285.96,52.6,9.14314686496534,5.96,,
1975-02-26,285.63,52.6,9.14314686496534,6.48,,
1975-02-27,285.88,52.6,9.14314686496534,6.01,,
1975-02-28,286.45,52.6,9.14314686496534,6.07,,
1975-03-03,285.39,52.8,9.14314686496534,6.06,,
1975-03-04,284.66,52.8,9.14314686496534,5.91,,
1975-03-05,285.23,52.8,9.14314686496534,5.0,,
1975-03-06,285.71,52.8,9.14314686496534,5.7,,
1975-03-07,285.96,52.8,9.14314686496534,5.78,,
1975-03-10,286.21,52.8,9.14314686496534,5.68,,
1975-03-11,286.12,52.8,9.14314686496534,5.41,,
1975-03-12,287.27,52.8,9.14314686496534,3.96,,
1975-03-13,288.85,52.8,9.14314686496534,5.49,,
1975-03-14,288.1,52.8,9.14314686496534,5.44,,
1975-03-17,286.53,52.8,9.14314686496534,5.5,,
1975-03-18,287.19,52.8,9.14314686496534,5.43,,
1975-03-19,288.18,52.8,9.14314686496534,4.95,,
1975-03-20,287.19,52.8,9.14314686496534,5.46,,
1975-03-21,287.44,52.8,9.14314686496534,5.52,,
1975-03-24,287.77,52.8,9.14314686496534,5.68,,
1975-03-25,290.02,52.8,9.14314686496534,5.38,,
1975-03-26,290.53,52.8,9.14314686496534,5.6,,
1975-03-27,292.06,52.8,9.14314686496534,5.51,,
1975-03-28,292.48,52.8,9.14314686496534,5.73,,
1975-03-31,294.03,52.8,9.14314686496534,5.39,,
1975-04-01,290.87,53.0,9.14314686496534,5.48,25928.0,32.27817
1975-04-02,291.55,53.0,9.14314686496534,5.55,25928.0,32.27817
1975-04-03,292.31,53.0,9.14314686496534,5.41,25928.0,32.27817
1975-04-04,292.23,53.0,9.14314686496534,5.25,25928.0,32.27817
1975-04-07,291.97,53.0,9.14314686496534,5.37,25928.0,32.27817
1975-04-08,291.89,53.0,9.14314686496534,5.22,25928.0,32.27817
1975-04-09,291.89,53.0,9.14314686496534,5.18,25928.0,32.27817
1975-04-10,291.8,53.0,9.14314686496534,5.31,25928.0,32.27817
1975-04-11,291.12,53.0,9.14314686496534,5.39,25928.0,32.27817
1975-04-14,291.29,53.0,9.14314686496534,5.46,25928.0,32.27817
1975-04-15,290.95,53.0,9.14314686496534,5.48,25928.0,32.27817
1975-04-16,291.38,53.0,9.14314686496534,5.69,25928.0,32.27817
1975-04-17,291.72,53.0,9.14314686496534,5.59,25928.0,32.27817
1975-04-18,291.8,53.0,9.14314686496534,5.57,25928.0,32.27817
1975-04-21,292.83,53.0,9.14314686496534,5.56,25928.0,32.27817
1975-04-22,292.83,53.0,9.14314686496534,5.34,25928.0,32.27817
1975-04-23,292.74,53.0,9.14314686496534,5.57,25928.0,32.27817
1975-04-24,292.83,53.0,9.14314686496534,5.54,25928.0,32.27817
1975-04-25,293.69,53.0,9.14314686496534,5.47,25928.0,32.27817
1975-04-28,294.55,53.0,9.14314686496534,5.5,25928.0,32.27817
1975-04-29,293.86,53.0,9.14314686496534,5.46,25928.0,32.27817
1975-04-30,292.23,53.0,9.14314686496534,7.03,25928.0,32.27817
1975-05-01,292.14,53.1,9.14314686496534,5.55,,
1975-05-02,290.36,53.1,9.14314686496534,5.49,,
1975-05-05,290.44,53.1,9.14314686496534,5.41,,
1975-05-06,291.38,53.1,9.14314686496534,5.35,,
1975-05-07,291.21,53.1,9.14314686496534,5.16,,
1975-05-08,291.38,53.1,9.14314686496534,5.37,,
1975-05-09,291.46,53.1,9.14314686496534,5.24,,
1975-05-12,291.29,53.1,9.14314686496534,5.25,,
1975-05-13,291.46,53.1,9.14314686496534,5.12,,
1975-05-14,291.8,53.1,9.14314686496534,4.95,,
1975-05-15,291.63,53.1,9.14314686496534,5.09,,
1975-05-16,291.55,53.1,9.14314686496534,5.1,,
1975-05-19,291.8,53.1,9.14314686496534,5.13,,
1975-05-20,292.23,53.1,9.14314686496534,5.03,,
1975-05-21,292.06,53.1,9.14314686496534,5.36,,
1975-05-22,291.89,53.1,9.14314686496534,5.05,,
1975-05-23,291.04,53.1,9.14314686496534,5.07,,
1975-05-26,,53.1,9.14314686496534,5.07,,
1975-05-27,291.29,53.1,9.14314686496534,5.11,,
1975-05-28,290.7,53.1,9.14314686496534,5.54,,
1975-05-29,291.38,53.1,9.14314686496534,5.16,,
1975-05-30,291.55,53.1,9.14314686496534,5.23,,
1975-06-02,291.46,53.5,9.14314686496534,5.37,,
1975-06-03,291.04,53.5,9.14314686496534,5.35,,
1975-06-04,291.29,53.5,9.14314686496534,5.12,,
1975-06-05,292.23,53.5,9.14314686496534,5.17,,
1975-06-06,291.8,53.5,9.14314686496534,5.2,,
1975-06-09,291.8,53.5,9.14314686496534,5.18,,
1975-06-10,291.89,53.5,9.14314686496534,5.06,,
1975-06-11,291.89,53.5,9.14314686496534,5.06,,
1975-06-12,292.48,53.5,9.14314686496534,5.18,,
1975-06-13,292.65,53.5,9.14314686496534,5.2,,
1975-06-16,294.12,53.5,9.14314686496534,5.34,,
1975-06-17,293.43,53.5,9.14314686496534,5.43,,
1975-06-18,294.12,53.5,9.14314686496534,5.59,,
1975-06-19,294.12,53.5,9.14314686496534,5.43,,
1975-06-20,293.94,53.5,9.14314686496534,5.55,,
1975-06-23,294.72,53.5,9.14314686496534,5.89,,
1975-06-24,295.33,53.5,9.14314686496534,5.95,,
1975-06-25,297.0,53.5,9.14314686496534,6.13,,
1975-06-26,295.77,53.5,9.14314686496534,6.31,,
1975-06-27,296.03,53.5,9.14314686496534,6.61,,
1975-06-30,295.68,53.5,9.14314686496534,5.97,,
1975-07-01,295.68,54.0,9.14314686496534,6.12,26294.0,32.38043
1975-07-02,295.51,54.0,9.14314686496534,5.97,26294.0,32.38043
1975-07-03,295.42,54.0,9.14314686496534,6.24,26294.0,32.38043
1975-07-04,,54.0,9.14314686496534,6.24,26294.0,32.38043
1975-07-07,295.51,54.0,9.14314686496534,6.28,26294.0,32.38043
1975-07-08,295.68,54.0,9.14314686496534,5.76,26294.0,32.38043
1975-07-09,295.95,54.0,9.14314686496534,5.4,26294.0,32.38043
1975-07-10,296.12,54.0,9.14314686496534,5.89,26294.0,32.38043
1975-07-11,296.12,54.0,9.14314686496534,5.84,26294.0,32.38043
1975-07-14,295.86,54.0,9.14314686496534,5.92,26294.0,32.38043
1975-07-15,295.86,54.0,9.14314686496534,5.92,26294.0,32.38043
1975-07-16,296.03,54.0,9.14314686496534,6.27,26294.0,32.38043
1975-07-17,296.3,54.0,9.14314686496534,6.07,26294.0,32.38043
1975-07-18,296.21,54.0,9.14314686496534,6.07,26294.0,32.38043
1975-07-21,296.12,54.0,9.14314686496534,6.08,26294.0,32.38043
1975-07-22,296.47,54.0,9.14314686496534,6.1,26294.0,32.38043
1975-07-23,296.82,54.0,9.14314686496534,6.5,26294.0,32.38043
1975-07-24,297.62,54.0,9.14314686496534,6.31,26294.0,32.38043
1975-07-25,296.65,54.0,9.14314686496534,6.31,26294.0,32.38043
1975-07-28,297.8,54.0,9.14314686496534,6.26,26294.0,32.38043
1975-07-29,297.35,54.0,9.14314686496534,6.16,26294.0,32.38043
1975-07-30,297.44,54.0,9.14314686496534,6.11,26294.0,32.38043
1975-07-31,297.71,54.0,9.14314686496534,6.23,26294.0,32.38043
1975-08-01,297.89,54.2,9.14314686496534,6.24,,
1975-08-04,297.97,54.2,9.14314686496534,6.26,,
1975-08-05,297.97,54.2,9.14314686496534,6.15,,
1975-08-06,298.06,54.2,9.14314686496534,5.3,,
1975-08-07,297.97,54.2,9.14314686496534,6.14,,
1975-08-08,297.62,54.2,9.14314686496534,6.04,,
1975-08-11,297.8,54.2,9.14314686496534,6.13,,
1975-08-12,298.06,54.2,9.14314686496534,6.11,,
1975-08-13,297.97,54.2,9.14314686496534,6.09,,
1975-08-14,297.97,54.2,9.14314686496534,6.06,,
1975-08-15,297.97,54.2,9.14314686496534,6.05,,
1975-08-18,298.15,54.2,9.14314686496534,6.15,,
1975-08-19,298.06,54.2,9.14314686496534,6.24,,
1975-08-20,297.97,54.2,9.14314686496534,6.42,,
1975-08-21,297.89,54.2,9.14314686496534,6.34,,
1975-08-22,297.97,54.2,9.14314686496534,6.32,,
1975-08-25,298.06,54.2,9.14314686496534,6.31,,
1975-08-26,298.15,54.2,9.14314686496534,6.18,,
1975-08-27,297.97,54.2,9.14314686496534,5.81,,
1975-08-28,298.06,54.2,9.14314686496534,6.17,,
1975-08-29,297.97,54.2,9.14314686496534,6.13,,
1975-09-01,,54.6,9.14314686496534,6.13,,
1975-09-02,297.97,54.6,9.14314686496534,6.29,,
1975-09-03,297.8,54.6,9.14314686496534,5.47,,
1975-09-04,297.89,54.6,9.14314686496534,6.19,,
1975-09-05,297.97,54.6,9.14314686496534,6.2,,
1975-09-08,297.97,54.6,9.14314686496534,6.19,,
1975-09-09,298.06,54.6,9.14314686496534,6.09,,
1975-09-10,297.97,54.6,9.14314686496534,5.98,,
1975-09-11,298.06,54.6,9.14314686496534,6.22,,
1975-09-12,298.06,54.6,9.14314686496534,6.33,,
1975-09-15,298.06,54.6,9.14314686496534,6.41,,
1975-09-16,298.06,54.6,9.14314686496534,6.28,,
1975-09-17,298.33,54.6,9.14314686496534,6.03,,
1975-09-18,300.48,54.6,9.14314686496534,6.31,,
1975-09-19,301.57,54.6,9.14314686496534,6.21,,
1975-09-22,302.94,54.6,9.14314686496534,6.28,,
1975-09-23,303.31,54.6,9.14314686496534,6.26,,
1975-09-24,303.12,54.6,9.14314686496534,6.54,,
1975-09-25,302.66,54.6,9.14314686496534,6.38,,
1975-09-26,301.75,54.6,9.14314686496534,6.42,,
1975-09-29,303.21,54.6,9.14314686496534,6.42,,
1975-09-30,302.85,54.6,9.14314686496534,6.22,,
1975-10-01,302.57,54.9,9.14314686496534,6.24,26579.0,32.7301
1975-10-02,302.66,54.9,9.14314686496534,6.3,26579.0,32.7301
1975-10-03,303.03,54.9,9.14314686496534,6.18,26579.0,32.7301
1975-10-06,303.12,54.9,9.14314686496534,6.03,26579.0,32.7301
1975-10-07,302.94,54.9,9.14314686496534,5.8,26579.0,32.7301
1975-10-08,303.12,54.9,9.14314686496534,5.73,26579.0,32.7301
1975-10-09,303.03,54.9,9.14314686496534,5.87,26579.0,32.7301
1975-10-10,302.94,54.9,9.14314686496534,5.79,26579.0,32.7301
1975-10-13,,54.9,9.14314686496534,5.79,26579.0,32.7301
1975-10-14,302.66,54.9,9.14314686496534,5.76,26579.0,32.7301
1975-10-15,302.94,54.9,9.14314686496534,5.95,26579.0,32.7301
1975-10-16,302.94,54.9,9.14314686496534,5.78,26579.0,32.7301
1975-10-17,302.76,54.9,9.14314686496534,5.68,26579.0,32.7301
1975-10-20,302.48,54.9,9.14314686496534,5.77,26579.0,32.7301
1975-10-21,301.11,54.9,9.14314686496534,5.72,26579.0,32.7301
1975-10-22,301.57,54.9,9.14314686496534,5.77,26579.0,32.7301
1975-10-23,301.84,54.9,9.14314686496534,5.66,26579.0,32.7301
1975-10-24,301.66,54.9,9.14314686496534,5.64,26579.0,32.7301
1975-10-27,301.57,54.9,9.14314686496534,5.67,26579.0,32.7301
1975-10-28,301.48,54.9,9.14314686496534,5.63,26579.0,32.7301
1975-10-29,301.57,54.9,9.14314686496534,5.67,26579.0,32.7301
1975-10-30,301.66,54.9,9.14314686496534,5.64,26579.0,32.7301
1975-10-31,301.75,54.9,9.14314686496534,5.65,26579.0,32.7301
1975-11-03,301.75,55.3,9.14314686496534,5.65,,
1975-11-04,,55.3,9.14314686496534,4.94,,
1975-11-05,301.84,55.3,9.14314686496534,2.99,,
1975-11-06,301.75,55.3,9.14314686496534,5.31,,
1975-11-07,301.75,55.3,9.14314686496534,5.22,,
1975-11-10,302.3,55.3,9.14314686496534,5.18,,
1975-11-11,,55.3,9.14314686496534,5.18,,
1975-11-12,301.93,55.3,9.14314686496534,5.35,,
1975-11-13,302.21,55.3,9.14314686496534,5.23,,
1975-11-14,302.57,55.3,9.14314686496534,5.18,,
1975-11-17,302.66,55.3,9.14314686496534,5.31,,
1975-11-18,302.94,55.3,9.14314686496534,5.35,,
1975-11-19,303.12,55.3,9.14314686496534,5.28,,
1975-11-20,302.94,55.3,9.14314686496534,5.3,,
1975-11-21,303.12,55.3,9.14314686496534,5.26,,
1975-11-24,302.94,55.3,9.14314686496534,5.31,,
1975-11-25,303.12,55.3,9.14314686496534,5.26,,
1975-11-26,303.21,55.3,9.14314686496534,5.34,,
1975-11-27,,55.3,9.14314686496534,5.34,,
1975-11-28,303.12,55.3,9.14314686496534,5.29,,
1975-12-01,304.41,55.6,9.14314686496534,5.31,,
1975-12-02,304.41,55.6,9.14314686496534,5.29,,
1975-12-03,305.06,55.6,9.14314686496534,4.96,,
1975-12-04,304.97,55.6,9.14314686496534,5.24,,
1975-12-05,306.75,55.6,9.14314686496534,5.31,,
1975-12-08,306.84,55.6,9.14314686496534,5.32,,
1975-12-09,306.19,55.6,9.14314686496534,5.23,,
1975-12-10,306.09,55.6,9.14314686496534,5.09,,
1975-12-11,305.9,55.6,9.14314686496534,5.25,,
1975-12-12,305.9,55.6,9.14314686496534,5.19,,
1975-12-15,306.0,55.6,9.14314686496534,5.23,,
1975-12-16,305.53,55.6,9.14314686496534,5.18,,
1975-12-17,305.62,55.6,9.14314686496534,4.93,,
1975-12-18,305.62,55.6,9.14314686496534,5.22,,
1975-12-19,306.09,55.6,9.14314686496534,5.21,,
1975-12-22,306.09,55.6,9.14314686496534,5.24,,
1975-12-23,306.0,55.6,9.14314686496534,5.18,,
1975-12-24,305.9,55.6,9.14314686496534,5.02,,
1975-12-25,,55.6,9.14314686496534,5.02,,
1975-12-26,305.9,55.6,9.14314686496534,5.15,,
1975-12-29,305.25,55.6,9.14314686496534,5.1,,
1975-12-30,305.06,55.6,9.14314686496534,5.3,,
1975-12-31,305.16,55.6,9.14314686496534,5.37,,
1976-01-01,,55.8,5.74481263549085,5.37,27119.0,32.98513
1976-01-02,305.06,55.8,5.74481263549085,5.28,27119.0,32.98513
1976-01-05,305.16,55.8,5.74481263549085,5.29,27119.0,32.98513
1976-01-06,305.06,55.8,5.74481263549085,5.05,27119.0,32.98513
1976-01-07,305.25,55.8,5.74481263549085,4.26,27119.0,32.98513
1976-01-08,305.62,55.8,5.74481263549085,4.84,27119.0,32.98513
1976-01-09,306.0,55.8,5.74481263549085,4.73,27119.0,32.98513
1976-01-12,305.16,55.8,5.74481263549085,4.74,27119.0,32.98513
1976-01-13,305.25,55.8,5.74481263549085,4.78,27119.0,32.98513
1976-01-14,305.34,55.8,5.74481263549085,4.78,27119.0,32.98513
1976-01-15,305.25,55.8,5.74481263549085,4.81,27119.0,32.98513
1976-01-16,305.25,55.8,5.74481263549085,4.82,27119.0,32.98513
1976-01-19,304.14,55.8,5.74481263549085,4.79,27119.0,32.98513
1976-01-20,303.86,55.8,5.74481263549085,4.76,27119.0,32.98513
1976-01-21,304.41,55.8,5.74481263549085,4.83,27119.0,32.98513
1976-01-22,304.14,55.8,5.74481263549085,4.77,27119.0,32.98513
1976-01-23,304.04,55.8,5.74481263549085,4.72,27119.0,32.98513
1976-01-26,303.77,55.8,5.74481263549085,4.77,27119.0,32.98513
1976-01-27,303.67,55.8,5.74481263549085,4.79,27119.0,32.98513
1976-01-28,303.58,55.8,5.74481263549085,5.12,27119.0,32.98513
1976-01-29,303.67,55.8,5.74481263549085,4.82,27119.0,32.98513
1976-01-30,303.67,55.8,5.74481263549085,4.84,27119.0,32.98513
1976-02-02,303.21,55.9,5.74481263549085,4.87,,
1976-02-03,302.76,55.9,5.74481263549085,4.81,,
1976-02-04,300.57,55.9,5.74481263549085,4.71,,
1976-02-05,300.57,55.9,5.74481263549085,4.77,,
1976-02-06,301.39,55.9,5.74481263549085,4.76,,
1976-02-09,300.75,55.9,5.74481263549085,4.7,,
1976-02-10,300.66,55.9,5.74481263549085,4.63,,
1976-02-11,300.12,55.9,5.74481263549085,4.75,,
1976-02-12,,55.9,5.74481263549085,4.74,,
1976-02-13,300.75,55.9,5.74481263549085,4.8,,
1976-02-16,,55.9,5.74481263549085,4.8,,
1976-02-17,301.57,55.9,5.74481263549085,4.84,,
1976-02-18,301.66,55.9,5.74481263549085,4.12,,
1976-02-19,301.75,55.9,5.74481263549085,4.79,,
1976-02-20,302.11,55.9,5.74481263549085,4.73,,
1976-02-23,302.57,55.9,5.74481263549085,4.8,,
1976-02-24,302.02,55.9,5.74481263549085,4.84,,
1976-02-25,302.02,55.9,5.74481263549085,4.97,,
1976-02-26,302.11,55.9,5.74481263549085,4.83,,
1976-02-27,302.11,55.9,5.74481263549085,4.89,,
1976-03-01,301.66,56.0,5.74481263549085,5.21,,
1976-03-02,301.66,56.0,5.74481263549085,5.01,,
1976-03-03,301.57,56.0,5.74481263549085,4.95,,
1976-03-04,301.66,56.0,5.74481263549085,4.95,,
1976-03-05,301.57,56.0,5.74481263549085,4.97,,
1976-03-08,300.75,56.0,5.74481263549085,4.86,,
1976-03-09,301.11,56.0,5.74481263549085,4.78,,
1976-03-10,301.3,56.0,5.74481263549085,4.49,,
1976-03-11,301.3,56.0,5.74481263549085,4.82,,
1976-03-12,300.84,56.0,5.74481263549085,4.81,,
1976-03-15,300.66,56.0,5.74481263549085,4.81,,
1976-03-16,300.57,56.0,5.74481263549085,4.77,,
1976-03-17,299.94,56.0,5.74481263549085,4.56,,
1976-03-18,299.94,56.0,5.74481263549085,4.83,,
1976-03-19,299.67,56.0,5.74481263549085,4.8,,
1976-03-22,299.85,56.0,5.74481263549085,4.76,,
1976-03-23,299.76,56.0,5.74481263549085,4.72,,
1976-03-24,299.76,56.0,5.74481263549085,4.85,,
1976-03-25,299.67,56.0,5.74481263549085,4.81,,
1976-03-26,299.58,56.0,5.74481263549085,4.76,,
1976-03-29,299.67,56.0,5.74481263549085,4.81,,
1976-03-30,299.85,56.0,5.74481263549085,4.88,,
1976-03-31,299.58,56.0,5.74481263549085,5.07,,
1976-04-01,299.49,56.1,5.74481263549085,4.83,27260.0,33.49464
1976-04-02,299.31,56.1,5.74481263549085,4.79,27260.0,33.49464
1976-04-05,299.31,56.1,5.74481263549085,4.74,27260.0,33.49464
1976-04-06,299.04,56.1,5.74481263549085,4.72,27260.0,33.49464
1976-04-07,298.86,56.1,5.74481263549085,4.43,27260.0,33.49464
1976-04-08,297.44,56.1,5.74481263549085,4.75,27260.0,33.49464
1976-04-09,297.89,56.1,5.74481263549085,4.7,27260.0,33.49464
1976-04-12,298.42,56.1,5.74481263549085,4.76,27260.0,33.49464
1976-04-13,298.6,56.1,5.74481263549085,4.75,27260.0,33.49464
1976-04-14,298.06,56.1,5.74481263549085,5.0,27260.0,33.49464
1976-04-15,299.4,56.1,5.74481263549085,4.77,27260.0,33.49464
1976-04-16,299.31,56.1,5.74481263549085,4.68,27260.0,33.49464
1976-04-19,300.03,56.1,5.74481263549085,4.74,27260.0,33.49464
1976-04-20,299.49,56.1,5.74481263549085,4.78,27260.0,33.49464
1976-04-21,299.58,56.1,5.74481263549085,5.1,27260.0,33.49464
1976-04-22,299.67,56.1,5.74481263549085,4.83,27260.0,33.49464
1976-04-23,299.76,56.1,5.74481263549085,4.86,27260.0,33.49464
1976-04-26,299.85,56.1,5.74481263549085,4.9,27260.0,33.49464
1976-04-27,299.31,56.1,5.74481263549085,4.94,27260.0,33.49464
1976-04-28,299.22,56.1,5.74481263549085,5.25,27260.0,33.49464
1976-04-29,299.31,56.1,5.74481263549085,5.0,27260.0,33.49464
1976-04-30,299.04,56.1,5.74481263549085,5.1,27260.0,33.49464
1976-05-03,298.95,56.4,5.74481263549085,5.06,,
1976-05-04,297.89,56.4,5.74481263549085,4.98,,
1976-05-05,297.97,56.4,5.74481263549085,4.86,,
1976-05-06,298.24,56.4,5.74481263549085,4.94,,
1976-05-07,298.51,56.4,5.74481263549085,4.97,,
1976-05-10,298.42,56.4,5.74481263549085,5.06,,
1976-05-11,298.42,56.4,5.74481263549085,5.05,,
1976-05-12,298.69,56.4,5.74481263549085,5.17,,
1976-05-13,298.95,56.4,5.74481263549085,5.13,,
1976-05-14,298.78,56.4,5.74481263549085,5.21,,
1976-05-17,299.31,56.4,5.74481263549085,5.36,,
1976-05-18,299.13,56.4,5.74481263549085,5.39,,
1976-05-19,299.22,56.4,5.74481263549085,5.48,,
1976-05-20,299.4,56.4,5.74481263549085,5.47,,
1976-05-21,299.58,56.4,5.74481263549085,5.51,,
1976-05-24,299.58,56.4,5.74481263549085,5.48,,
1976-05-25,299.58,56.4,5.74481263549085,5.42,,
1976-05-26,299.76,56.4,5.74481263549085,5.6,,
1976-05-27,299.67,56.4,5.74481263549085,5.61,,
1976-05-28,300.03,56.4,5.74481263549085,5.67,,
1976-05-31,,56.4,5.74481263549085,5.67,,
1976-06-01,300.39,56.7,5.74481263549085,5.58,,
1976-06-02,300.3,56.7,5.74481263549085,4.9,,
1976-06-03,300.48,56.7,5.74481263549085,5.5,,
1976-06-04,300.39,56.7,5.74481263549085,5.44,,
1976-06-07,300.3,56.7,5.74481263549085,5.45,,
1976-06-08,300.12,56.7,5.74481263549085,5.48,,
1976-06-09,299.94,56.7,5.74481263549085,5.34,,
1976-06-10,299.94,56.7,5.74481263549085,5.47,,
1976-06-11,300.03,56.7,5.74481263549085,5.44,,
1976-06-14,299.94,56.7,5.74481263549085,5.53,,
1976-06-15,299.76,56.7,5.74481263549085,5.58,,
1976-06-16,299.85,56.7,5.74481263549085,5.39,,
1976-06-17,300.03,56.7,5.74481263549085,5.56,,
1976-06-18,299.31,56.7,5.74481263549085,5.49,,
1976-06-21,299.31,56.7,5.74481263549085,5.49,,
1976-06-22,299.22,56.7,5.74481263549085,5.43,,
1976-06-23,296.82,56.7,5.74481263549085,5.44,,
1976-06-24,297.27,56.7,5.74481263549085,5.47,,
1976-06-25,297.8,56.7,5.74481263549085,5.5,,
1976-06-28,296.03,56.7,5.74481263549085,5.69,,
1976-06-29,297.0,56.7,5.74481263549085,5.67,,
1976-06-30,297.97,56.7,5.74481263549085,5.71,,
1976-07-01,296.91,57.0,5.74481263549085,5.58,27339.0,33.64333
1976-07-02,297.18,57.0,5.74481263549085,5.45,27339.0,33.64333
1976-07-05,,57.0,5.74481263549085,5.45,27339.0,33.64333
1976-07-06,296.38,57.0,5.74481263549085,5.39,27339.0,33.64333
1976-07-07,296.65,57.0,5.74481263549085,4.82,27339.0,33.64333
1976-07-08,296.47,57.0,5.74481263549085,5.39,27339.0,33.64333
1976-07-09,296.74,57.0,5.74481263549085,5.26,27339.0,33.64333
1976-07-12,296.38,57.0,5.74481263549085,5.26,27339.0,33.64333
1976-07-13,294.9,57.0,5.74481263549085,5.21,27339.0,33.64333
1976-07-14,292.65,57.0,5.74481263549085,5.26,27339.0,33.64333
1976-07-15,293.17,57.0,5.74481263549085,5.25,27339.0,33.64333
1976-07-16,294.03,57.0,5.74481263549085,5.28,27339.0,33.64333
1976-07-19,293.69,57.0,5.74481263549085,5.39,27339.0,33.64333
1976-07-20,293.34,57.0,5.74481263549085,5.31,27339.0,33.64333
1976-07-21,293.6,57.0,5.74481263549085,5.33,27339.0,33.64333
1976-07-22,293.69,57.0,5.74481263549085,5.27,27339.0,33.64333
1976-07-23,293.94,57.0,5.74481263549085,5.24,27339.0,33.64333
1976-07-26,293.51,57.0,5.74481263549085,5.28,27339.0,33.64333
1976-07-27,293.86,57.0,5.74481263549085,5.28,27339.0,33.64333
1976-07-28,293.51,57.0,5.74481263549085,5.41,27339.0,33.64333
1976-07-29,293.6,57.0,5.74481263549085,5.29,27339.0,33.64333
1976-07-30,293.26,57.0,5.74481263549085,5.32,27339.0,33.64333
1976-08-02,292.91,57.3,5.74481263549085,5.37,,
1976-08-03,292.91,57.3,5.74481263549085,5.37,,
1976-08-04,292.83,57.3,5.74481263549085,5.52,,
1976-08-05,293.0,57.3,5.74481263549085,5.33,,
1976-08-06,293.0,57.3,5.74481263549085,5.24,,
1976-08-09,292.65,57.3,5.74481263549085,5.27,,
1976-08-10,292.83,57.3,5.74481263549085,5.21,,
1976-08-11,292.57,57.3,5.74481263549085,5.21,,
1976-08-12,292.65,57.3,5.74481263549085,5.25,,
1976-08-13,291.12,57.3,5.74481263549085,5.24,,
1976-08-16,290.36,57.3,5.74481263549085,5.38,,
1976-08-17,287.85,57.3,5.74481263549085,5.31,,
1976-08-18,288.27,57.3,5.74481263549085,5.39,,
1976-08-19,288.77,57.3,5.74481263549085,5.32,,
1976-08-20,289.35,57.3,5.74481263549085,5.31,,
1976-08-23,289.77,57.3,5.74481263549085,5.28,,
1976-08-24,288.43,57.3,5.74481263549085,5.2,,
1976-08-25,288.85,57.3,5.74481263549085,5.2,,
1976-08-26,288.93,57.3,5.74481263549085,5.27,,
1976-08-27,288.6,57.3,5.74481263549085,5.28,,
1976-08-30,288.77,57.3,5.74481263549085,5.3,,
1976-08-31,289.35,57.3,5.74481263549085,5.31,,
1976-09-01,288.93,57.6,5.74481263549085,5.25,,
1976-09-02,288.68,57.6,5.74481263549085,5.31,,
1976-09-03,287.77,57.6,5.74481263549085,5.3,,
1976-09-06,,57.6,5.74481263549085,5.3,,
1976-09-07,287.77,57.6,5.74481263549085,5.34,,
1976-09-08,287.6,57.6,5.74481263549085,4.88,,
1976-09-09,286.04,57.6,5.74481263549085,5.25,,
1976-09-10,286.94,57.6,5.74481263549085,5.22,,
1976-09-13,286.62,57.6,5.74481263549085,5.27,,
1976-09-14,286.53,57.6,5.74481263549085,5.2,,
1976-09-15,286.12,57.6,5.74481263549085,5.15,,
1976-09-16,286.7,57.6,5.74481263549085,5.24,,
1976-09-17,287.27,57.6,5.74481263549085,5.17,,
1976-09-20,287.11,57.6,5.74481263549085,5.26,,
1976-09-21,288.02,57.6,5.74481263549085,5.22,,
1976-09-22,287.11,57.6,5.74481263549085,5.25,,
1976-09-23,287.77,57.6,5.74481263549085,5.25,,
1976-09-24,287.85,57.6,5.74481263549085,5.27,,
1976-09-27,287.6,57.6,5.74481263549085,5.37,,
1976-09-28,287.52,57.6,5.74481263549085,5.39,,
1976-09-29,287.77,57.6,5.74481263549085,5.44,,
1976-09-30,286.86,57.6,5.74481263549085,5.31,,
1976-10-01,287.11,57.9,5.74481263549085,5.32,27464.0,33.78753
1976-10-04,287.27,57.9,5.74481263549085,5.27,27464.0,33.78753
1976-10-05,287.44,57.9,5.74481263549085,5.15,27464.0,33.78753
1976-10-06,288.02,57.9,5.74481263549085,4.5,27464.0,33.78753
1976-10-07,288.1,57.9,5.74481263549085,5.12,27464.0,33.78753
1976-10-08,288.77,57.9,5.74481263549085,5.0,27464.0,33.78753
1976-10-11,,57.9,5.74481263549085,5.0,27464.0,33.78753
1976-10-12,289.86,57.9,5.74481263549085,5.09,27464.0,33.78753
1976-10-13,290.36,57.9,5.74481263549085,4.94,27464.0,33.78753
1976-10-14,292.31,57.9,5.74481263549085,4.99,27464.0,33.78753
1976-10-15,293.0,57.9,5.74481263549085,4.93,27464.0,33.78753
1976-10-18,292.48,57.9,5.74481263549085,5.03,27464.0,33.78753
1976-10-19,292.23,57.9,5.74481263549085,4.97,27464.0,33.78753
1976-10-20,292.14,57.9,5.74481263549085,4.98,27464.0,33.78753
1976-10-21,292.74,57.9,5.74481263549085,4.98,27464.0,33.78753
1976-10-22,293.69,57.9,5.74481263549085,5.0,27464.0,33.78753
1976-10-25,293.34,57.9,5.74481263549085,5.01,27464.0,33.78753
1976-10-26,293.77,57.9,5.74481263549085,5.0,27464.0,33.78753
1976-10-27,293.17,57.9,5.74481263549085,4.95,27464.0,33.78753
1976-10-28,293.6,57.9,5.74481263549085,4.98,27464.0,33.78753
1976-10-29,294.38,57.9,5.74481263549085,5.02,27464.0,33.78753
1976-11-01,295.86,58.1,5.74481263549085,5.04,,
1976-11-02,,58.1,5.74481263549085,5.04,,
1976-11-03,295.16,58.1,5.74481263549085,5.31,,
1976-11-04,295.33,58.1,5.74481263549085,5.03,,
1976-11-05,294.99,58.1,5.74481263549085,4.96,,
1976-11-08,293.77,58.1,5.74481263549085,4.92,,
1976-11-09,294.29,58.1,5.74481263549085,4.93,,
1976-11-10,294.38,58.1,5.74481263549085,5.07,,
1976-11-11,,58.1,5.74481263549085,5.07,,
1976-11-12,294.64,58.1,5.74481263549085,5.05,,
1976-11-15,294.72,58.1,5.74481263549085,5.09,,
1976-11-16,295.16,58.1,5.74481263549085,4.99,,
1976-11-17,295.07,58.1,5.74481263549085,4.87,,
1976-11-18,295.16,58.1,5.74481263549085,4.95,,
1976-11-19,295.42,58.1,5.74481263549085,4.9,,
1976-11-22,295.07,58.1,5.74481263549085,4.84,,
1976-11-23,295.42,58.1,5.74481263549085,4.85,,
1976-11-24,295.42,58.1,5.74481263549085,4.97,,
1976-11-25,,58.1,5.74481263549085,4.97,,
1976-11-26,295.51,58.1,5.74481263549085,4.8,,
1976-11-29,295.68,58.1,5.74481263549085,4.71,,
1976-11-30,297.09,58.1,5.74481263549085,4.69,,
1976-12-01,296.91,58.4,5.74481263549085,4.67,,
1976-12-02,296.82,58.4,5.74481263549085,4.68,,
1976-12-03,297.89,58.4,5.74481263549085,4.63,,
1976-12-06,296.56,58.4,5.74481263549085,4.69,,
1976-12-07,296.38,58.4,5.74481263549085,4.66,,
1976-12-08,296.3,58.4,5.74481263549085,4.74,,
1976-12-09,295.77,58.4,5.74481263549085,4.69,,
1976-12-10,294.81,58.4,5.74481263549085,4.64,,
1976-12-13,294.72,58.4,5.74481263549085,4.73,,
1976-12-14,295.33,58.4,5.74481263549085,4.69,,
1976-12-15,294.72,58.4,5.74481263549085,4.73,,
1976-12-16,295.51,58.4,5.74481263549085,4.65,,
1976-12-17,294.64,58.4,5.74481263549085,4.56,,
1976-12-20,293.6,58.4,5.74481263549085,4.65,,
1976-12-21,293.94,58.4,5.74481263549085,4.68,,
1976-12-22,293.86,58.4,5.74481263549085,4.75,,
1976-12-23,293.43,58.4,5.74481263549085,4.6,,
1976-12-24,293.51,58.4,5.74481263549085,4.54,,
1976-12-27,292.31,58.4,5.74481263549085,4.66,,
1976-12-28,292.14,58.4,5.74481263549085,4.73,,
1976-12-29,292.91,58.4,5.74481263549085,5.01,,
1976-12-30,293.0,58.4,5.74481263549085,4.9,,
1976-12-31,293.08,58.4,5.74481263549085,4.17,,
1977-01-03,292.48,58.7,6.50168399472839,4.89,27724.0,33.65136
1977-01-04,291.72,58.7,6.50168399472839,4.71,27724.0,33.65136
1977-01-05,292.31,58.7,6.50168399472839,4.3,27724.0,33.65136
1977-01-06,292.91,58.7,6.50168399472839,4.59,27724.0,33.65136
1977-01-07,292.83,58.7,6.50168399472839,4.62,27724.0,33.65136
1977-01-10,292.48,58.7,6.50168399472839,4.66,27724.0,33.65136
1977-01-11,292.48,58.7,6.50168399472839,4.7,27724.0,33.65136
1977-01-12,292.4,58.7,6.50168399472839,4.07,27724.0,33.65136
1977-01-13,292.57,58.7,6.50168399472839,4.6,27724.0,33.65136
1977-01-14,292.06,58.7,6.50168399472839,4.6,27724.0,33.65136
1977-01-17,291.72,58.7,6.50168399472839,4.8,27724.0,33.65136
1977-01-18,291.21,58.7,6.50168399472839,4.71,27724.0,33.65136
1977-01-19,289.6,58.7,6.50168399472839,4.64,27724.0,33.65136
1977-01-20,290.28,58.7,6.50168399472839,4.64,27724.0,33.65136
1977-01-21,290.44,58.7,6.50168399472839,4.68,27724.0,33.65136
1977-01-24,290.11,58.7,6.50168399472839,4.79,27724.0,33.65136
1977-01-25,289.27,58.7,6.50168399472839,4.7,27724.0,33.65136
1977-01-26,288.18,58.7,6.50168399472839,4.89,27724.0,33.65136
1977-01-27,289.1,58.7,6.50168399472839,4.7,27724.0,33.65136
1977-01-28,289.52,58.7,6.50168399472839,4.62,27724.0,33.65136
1977-01-31,288.43,58.7,6.50168399472839,4.65,27724.0,33.65136
1977-02-01,288.02,59.3,6.50168399472839,4.58,,
1977-02-02,288.27,59.3,6.50168399472839,4.41,,
1977-02-03,288.35,59.3,6.50168399472839,4.58,,
1977-02-04,288.1,59.3,6.50168399472839,4.6,,
1977-02-07,287.94,59.3,6.50168399472839,4.74,,
1977-02-08,287.11,59.3,6.50168399472839,4.67,,
1977-02-09,285.96,59.3,6.50168399472839,4.84,,
1977-02-10,285.63,59.3,6.50168399472839,4.67,,
1977-02-11,285.06,59.3,6.50168399472839,4.68,,
1977-02-14,281.69,59.3,6.50168399472839,4.73,,
1977-02-15,283.93,59.3,6.50168399472839,4.68,,
1977-02-16,283.77,59.3,6.50168399472839,4.79,,
1977-02-17,282.97,59.3,6.50168399472839,4.69,,
1977-02-18,283.45,59.3,6.50168399472839,4.72,,
1977-02-21,,59.3,6.50168399472839,4.72,,
1977-02-22,283.37,59.3,6.50168399472839,4.76,,
1977-02-23,283.45,59.3,6.50168399472839,4.84,,
1977-02-24,283.53,59.3,6.50168399472839,4.72,,
1977-02-25,282.01,59.3,6.50168399472839,4.66,,
1977-02-28,282.81,59.3,6.50168399472839,4.73,,
1977-03-01,282.49,59.6,6.50168399472839,4.7,,
1977-03-02,281.53,59.6,6.50168399472839,4.65,,
1977-03-03,281.29,59.6,6.50168399472839,4.68,,
1977-03-04,282.09,59.6,6.50168399472839,4.66,,
1977-03-07,281.93,59.6,6.50168399472839,4.7,,
1977-03-08,282.09,59.6,6.50168399472839,4.63,,
1977-03-09,282.33,59.6,6.50168399472839,4.41,,
1977-03-10,282.01,59.6,6.50168399472839,4.65,,
1977-03-11,282.01,59.6,6.50168399472839,4.62,,
1977-03-14,281.21,59.6,6.50168399472839,4.67,,
1977-03-15,281.53,59.6,6.50168399472839,4.61,,
1977-03-16,281.85,59.6,6.50168399472839,4.57,,
1977-03-17,281.69,59.6,6.50168399472839,4.67,,
1977-03-18,280.82,59.6,6.50168399472839,4.66,,
1977-03-21,279.1,59.6,6.50168399472839,4.72,,
1977-03-22,278.94,59.6,6.50168399472839,4.69,,
1977-03-23,277.24,59.6,6.50168399472839,5.34,,
1977-03-24,278.47,59.6,6.50168399472839,4.76,,
1977-03-25,278.32,59.6,6.50168399472839,4.75,,
1977-03-28,276.85,59.6,6.50168399472839,4.74,,
1977-03-29,276.63,59.6,6.50168399472839,4.67,,
1977-03-30,277.24,59.6,6.50168399472839,4.74,,
1977-03-31,277.55,59.6,6.50168399472839,4.72,,
1977-04-01,276.17,60.0,6.50168399472839,4.72,28195.0,32.80422
1977-04-04,274.65,60.0,6.50168399472839,4.73,28195.0,32.80422
1977-04-05,273.0,60.0,6.50168399472839,4.48,28195.0,32.80422
1977-04-06,273.22,60.0,6.50168399472839,4.08,28195.0,32.80422
1977-04-07,273.6,60.0,6.50168399472839,4.65,28195.0,32.80422
1977-04-08,273.22,60.0,6.50168399472839,4.61,28195.0,32.80422
1977-04-11,271.3,60.0,6.50168399472839,4.65,28195.0,32.80422
1977-04-12,270.71,60.0,6.50168399472839,4.66,28195.0,32.80422
1977-04-13,272.55,60.0,6.50168399472839,4.75,28195.0,32.80422
1977-04-14,273.37,60.0,6.50168399472839,4.64,28195.0,32.80422
1977-04-15,273.82,60.0,6.50168399472839,4.7,28195.0,32.80422
1977-04-18,275.33,60.0,6.50168399472839,4.76,28195.0,32.80422
1977-04-19,275.79,60.0,6.50168399472839,4.67,28195.0,32.80422
1977-04-20,278.78,60.0,6.50168399472839,4.78,28195.0,32.80422
1977-04-21,276.85,60.0,6.50168399472839,4.71,28195.0,32.80422
1977-04-22,277.78,60.0,6.50168399472839,4.77,28195.0,32.80422
1977-04-25,278.01,60.0,6.50168399472839,4.85,28195.0,32.80422
1977-04-26,278.32,60.0,6.50168399472839,4.91,28195.0,32.80422
1977-04-27,278.01,60.0,6.50168399472839,4.94,28195.0,32.80422
1977-04-28,277.09,60.0,6.50168399472839,4.92,28195.0,32.80422
1977-04-29,277.78,60.0,6.50168399472839,5.12,28195.0,32.80422
1977-05-02,278.01,60.2,6.50168399472839,5.34,,
1977-05-03,278.16,60.2,6.50168399472839,5.18,,
1977-05-04,276.7,60.2,6.50168399472839,5.26,,
1977-05-05,275.94,60.2,6.50168399472839,5.21,,
1977-05-06,276.85,60.2,6.50168399472839,5.36,,
1977-05-09,278.01,60.2,6.50168399472839,5.3,,
1977-05-10,277.47,60.2,6.50168399472839,5.21,,
1977-05-11,277.93,60.2,6.50168399472839,5.35,,
1977-05-12,278.01,60.2,6.50168399472839,5.33,,
1977-05-13,277.62,60.2,6.50168399472839,5.33,,
1977-05-16,277.7,60.2,6.50168399472839,5.38,,
1977-05-17,277.55,60.2,6.50168399472839,5.36,,
1977-05-18,277.39,60.2,6.50168399472839,5.29,,
1977-05-19,276.97,60.2,6.50168399472839,5.4,,
1977-05-20,277.24,60.2,6.50168399472839,5.51,,
1977-05-23,277.55,60.2,6.50168399472839,5.51,,
1977-05-24,277.78,60.2,6.50168399472839,5.41,,
1977-05-25,277.39,60.2,6.50168399472839,5.3,,
1977-05-26,277.12,60.2,6.50168399472839,5.39,,
1977-05-27,277.28,60.2,6.50168399472839,5.36,,
1977-05-30,,60.2,6.50168399472839,5.36,,
1977-05-31,277.28,60.2,6.50168399472839,5.47,,
1977-06-01,277.32,60.5,6.50168399472839,5.24,,
1977-06-02,276.55,60.5,6.50168399472839,5.37,,
1977-06-03,276.28,60.5,6.50168399472839,5.32,,
1977-06-06,275.18,60.5,6.50168399472839,5.32,,
1977-06-07,275.56,60.5,6.50168399472839,5.23,,
1977-06-08,274.42,60.5,6.50168399472839,5.3,,
1977-06-09,273.75,60.5,6.50168399472839,5.33,,
1977-06-10,273.67,60.5,6.50168399472839,5.34,,
1977-06-13,271.81,60.5,6.50168399472839,5.37,,
1977-06-14,272.33,60.5,6.50168399472839,5.3,,
1977-06-15,272.78,60.5,6.50168399472839,5.54,,
1977-06-16,272.44,60.5,6.50168399472839,5.38,,
1977-06-17,272.7,60.5,6.50168399472839,5.37,,
1977-06-20,272.78,60.5,6.50168399472839,5.39,,
1977-06-21,272.44,60.5,6.50168399472839,5.36,,
1977-06-22,271.74,60.5,6.50168399472839,5.77,,
1977-06-23,271.81,60.5,6.50168399472839,5.4,,
1977-06-24,272.0,60.5,6.50168399472839,5.43,,
1977-06-27,271.48,60.5,6.50168399472839,5.42,,
1977-06-28,270.86,60.5,6.50168399472839,5.29,,
1977-06-29,267.45,60.5,6.50168399472839,5.63,,
1977-06-30,267.59,60.5,6.50168399472839,5.64,,
1977-07-01,267.13,60.8,6.50168399472839,5.36,28623.0,32.98791
1977-07-04,,60.8,6.50168399472839,5.36,28623.0,32.98791
1977-07-05,264.9,60.8,6.50168399472839,5.34,28623.0,32.98791
1977-07-06,265.39,60.8,6.50168399472839,5.06,28623.0,32.98791
1977-07-07,264.69,60.8,6.50168399472839,5.35,28623.0,32.98791
1977-07-08,264.76,60.8,6.50168399472839,5.35,28623.0,32.98791
1977-07-11,263.09,60.8,6.50168399472839,5.33,28623.0,32.98791
1977-07-12,264.48,60.8,6.50168399472839,5.33,28623.0,32.98791
1977-07-13,264.27,60.8,6.50168399472839,5.26,28623.0,32.98791
1977-07-14,,60.8,6.50168399472839,5.26,28623.0,32.98791
1977-07-15,265.32,60.8,6.50168399472839,5.32,28623.0,32.98791
1977-07-18,263.99,60.8,6.50168399472839,5.41,28623.0,32.98791
1977-07-19,264.27,60.8,6.50168399472839,5.39,28623.0,32.98791
1977-07-20,264.83,60.8,6.50168399472839,5.43,28623.0,32.98791
1977-07-21,264.76,60.8,6.50168399472839,5.44,28623.0,32.98791
1977-07-22,264.24,60.8,6.50168399472839,5.43,28623.0,32.98791
1977-07-25,264.34,60.8,6.50168399472839,5.44,28623.0,32.98791
1977-07-26,264.41,60.8,6.50168399472839,5.41,28623.0,32.98791
1977-07-27,264.76,60.8,6.50168399472839,5.56,28623.0,32.98791
1977-07-28,265.96,60.8,6.50168399472839,5.67,28623.0,32.98791
1977-07-29,266.81,60.8,6.50168399472839,5.86,28623.0,32.98791
1977-08-01,267.13,61.1,6.50168399472839,5.84,,
1977-08-02,266.52,61.1,6.50168399472839,5.81,,
1977-08-03,265.57,61.1,6.50168399472839,5.72,,
1977-08-04,265.53,61.1,6.50168399472839,5.76,,
1977-08-05,265.85,61.1,6.50168399472839,5.73,,
1977-08-08,266.24,61.1,6.50168399472839,5.73,,
1977-08-09,265.96,61.1,6.50168399472839,5.69,,
1977-08-10,266.06,61.1,6.50168399472839,5.56,,
1977-08-11,265.96,61.1,6.50168399472839,5.84,,
1977-08-12,266.38,61.1,6.50168399472839,5.92,,
1977-08-15,267.92,61.1,6.50168399472839,6.01,,
1977-08-16,267.67,61.1,6.50168399472839,6.06,,
1977-08-17,266.74,61.1,6.50168399472839,5.91,,
1977-08-18,266.74,61.1,6.50168399472839,6.06,,
1977-08-19,267.27,61.1,6.50168399472839,5.97,,
1977-08-22,266.7,61.1,6.50168399472839,6.0,,
1977-08-23,266.77,61.1,6.50168399472839,5.99,,
1977-08-24,266.21,61.1,6.50168399472839,5.99,,
1977-08-25,267.31,61.1,6.50168399472839,6.01,,
1977-08-26,267.09,61.1,6.50168399472839,6.0,,
1977-08-29,267.06,61.1,6.50168399472839,6.05,,
1977-08-30,267.4,61.1,6.50168399472839,6.04,,
1977-08-31,267.5,61.1,6.50168399472839,6.03,,
1977-09-01,268.17,61.3,6.50168399472839,6.06,,
1977-09-02,267.97,61.3,6.50168399472839,6.02,,
1977-09-05,,61.3,6.50168399472839,6.02,,
1977-09-06,267.59,61.3,6.50168399472839,6.0,,
1977-09-07,266.81,61.3,6.50168399472839,5.62,,
1977-09-08,266.88,61.3,6.50168399472839,6.01,,
1977-09-09,266.84,61.3,6.50168399472839,6.02,,
1977-09-12,266.67,61.3,6.50168399472839,6.18,,
1977-09-13,266.84,61.3,6.50168399472839,6.19,,
1977-09-14,267.13,61.3,6.50168399472839,5.89,,
1977-09-15,267.06,61.3,6.50168399472839,6.13,,
1977-09-16,267.09,61.3,6.50168399472839,6.09,,
1977-09-19,266.92,61.3,6.50168399472839,6.08,,
1977-09-20,266.88,61.3,6.50168399472839,6.06,,
1977-09-21,266.88,61.3,6.50168399472839,6.14,,
1977-09-22,266.81,61.3,6.50168399472839,6.21,,
1977-09-23,266.81,61.3,6.50168399472839,6.31,,
1977-09-26,266.7,61.3,6.50168399472839,6.4,,
1977-09-27,266.63,61.3,6.50168399472839,6.37,,
1977-09-28,266.67,61.3,6.50168399472839,6.55,,
1977-09-29,265.11,61.3,6.50168399472839,6.46,,
1977-09-30,263.71,61.3,6.50168399472839,6.46,,
1977-10-03,260.72,61.6,6.50168399472839,6.6,28543.0,33.21873
1977-10-04,260.82,61.6,6.50168399472839,6.43,28543.0,33.21873
1977-10-05,261.1,61.6,6.50168399472839,6.03,28543.0,33.21873
1977-10-06,258.55,61.6,6.50168399472839,6.41,28543.0,33.21873
1977-10-07,257.6,61.6,6.50168399472839,6.4,28543.0,33.21873
1977-10-10,,61.6,6.50168399472839,6.4,28543.0,33.21873
1977-10-11,257.8,61.6,6.50168399472839,6.67,28543.0,33.21873
1977-10-12,256.81,61.6,6.50168399472839,6.2,28543.0,33.21873
1977-10-13,254.97,61.6,6.50168399472839,6.53,28543.0,33.21873
1977-10-14,253.0,61.6,6.50168399472839,6.48,28543.0,33.21873
1977-10-17,252.53,61.6,6.50168399472839,6.5,28543.0,33.21873
1977-10-18,252.21,61.6,6.50168399472839,6.46,28543.0,33.21873
1977-10-19,254.45,61.6,6.50168399472839,6.59,28543.0,33.21873
1977-10-20,254.19,61.6,6.50168399472839,6.51,28543.0,33.21873
1977-10-21,254.32,61.6,6.50168399472839,6.44,28543.0,33.21873
1977-10-24,251.95,61.6,6.50168399472839,6.47,28543.0,33.21873
1977-10-25,252.33,61.6,6.50168399472839,6.5,28543.0,33.21873
1977-10-26,251.6,61.6,6.50168399472839,6.61,28543.0,33.21873
1977-10-27,250.31,61.6,6.50168399472839,6.57,28543.0,33.21873
1977-10-28,250.5,61.6,6.50168399472839,6.49,28543.0,33.21873
1977-10-31,249.13,61.6,6.50168399472839,6.6,28543.0,33.21873
1977-11-01,246.73,62.0,6.50168399472839,6.65,,
1977-11-02,248.32,62.0,6.50168399472839,6.22,,
1977-11-03,247.74,62.0,6.50168399472839,6.62,,
1977-11-04,249.0,62.0,6.50168399472839,6.58,,
1977-11-07,248.69,62.0,6.50168399472839,6.62,,
1977-11-08,,62.0,6.50168399472839,6.58,,
1977-11-09,247.1,62.0,6.50168399472839,6.47,,
1977-11-10,246.18,62.0,6.50168399472839,6.53,,
1977-11-11,,62.0,6.50168399472839,6.53,,
1977-11-14,245.1,62.0,6.50168399472839,6.54,,
1977-11-15,245.28,62.0,6.50168399472839,6.52,,
1977-11-16,245.25,62.0,6.50168399472839,5.73,,
1977-11-17,245.4,62.0,6.50168399472839,6.44,,
1977-11-18,243.49,62.0,6.50168399472839,6.44,,
1977-11-21,242.78,62.0,6.50168399472839,6.54,,
1977-11-22,240.64,62.0,6.50168399472839,6.49,,
1977-11-23,239.75,62.0,6.50168399472839,6.81,,
1977-11-24,,62.0,6.50168399472839,6.81,,
1977-11-25,239.98,62.0,6.50168399472839,6.48,,
1977-11-28,240.24,62.0,6.50168399472839,6.51,,
1977-11-29,243.66,62.0,6.50168399472839,6.5,,
1977-11-30,244.02,62.0,6.50168399472839,6.56,,
1977-12-01,243.07,62.3,6.50168399472839,6.52,,
1977-12-02,242.51,62.3,6.50168399472839,6.53,,
1977-12-05,242.01,62.3,6.50168399472839,6.59,,
1977-12-06,241.6,62.3,6.50168399472839,6.56,,
1977-12-07,241.43,62.3,6.50168399472839,6.28,,
1977-12-08,241.72,62.3,6.50168399472839,6.5,,
1977-12-09,242.37,62.3,6.50168399472839,6.5,,
1977-12-12,241.78,62.3,6.50168399472839,6.52,,
1977-12-13,240.53,62.3,6.50168399472839,6.48,,
1977-12-14,237.81,62.3,6.50168399472839,6.44,,
1977-12-15,239.12,62.3,6.50168399472839,6.52,,
1977-12-16,240.59,62.3,6.50168399472839,6.55,,
1977-12-19,241.02,62.3,6.50168399472839,6.56,,
1977-12-20,240.5,62.3,6.50168399472839,6.51,,
1977-12-21,240.38,62.3,6.50168399472839,6.57,,
1977-12-22,241.55,62.3,6.50168399472839,6.57,,
1977-12-23,241.66,62.3,6.50168399472839,6.54,,
1977-12-26,,62.3,6.50168399472839,6.54,,
1977-12-27,241.37,62.3,6.50168399472839,6.69,,
1977-12-28,240.44,62.3,6.50168399472839,7.1,,
1977-12-29,240.04,62.3,6.50168399472839,7.01,,
1977-12-30,239.98,62.3,6.50168399472839,6.53,,
1978-01-02,,62.7,7.63096383885602,6.53,28567.0,33.5012
1978-01-03,237.59,62.7,7.63096383885602,7.05,28567.0,33.5012
1978-01-04,237.42,62.7,7.63096383885602,6.68,28567.0,33.5012
1978-01-05,241.08,62.7,7.63096383885602,6.56,28567.0,33.5012
1978-01-06,240.38,62.7,7.63096383885602,6.5,28567.0,33.5012
1978-01-09,241.46,62.7,7.63096383885602,6.67,28567.0,33.5012
1978-01-10,241.49,62.7,7.63096383885602,6.65,28567.0,33.5012
1978-01-11,240.5,62.7,7.63096383885602,6.69,28567.0,33.5012
1978-01-12,241.6,62.7,7.63096383885602,6.76,28567.0,33.5012
1978-01-13,241.49,62.7,7.63096383885602,6.78,28567.0,33.5012
1978-01-16,241.6,62.7,7.63096383885602,6.93,28567.0,33.5012
1978-01-17,242.01,62.7,7.63096383885602,6.77,28567.0,33.5012
1978-01-18,242.42,62.7,7.63096383885602,6.68,28567.0,33.5012
1978-01-19,242.13,62.7,7.63096383885602,6.76,28567.0,33.5012
1978-01-20,241.85,62.7,7.63096383885602,6.64,28567.0,33.5012
1978-01-23,241.46,62.7,7.63096383885602,6.76,28567.0,33.5012
1978-01-24,241.66,62.7,7.63096383885602,6.75,28567.0,33.5012
1978-01-25,241.25,62.7,7.63096383885602,6.87,28567.0,33.5012
1978-01-26,240.56,62.7,7.63096383885602,6.83,28567.0,33.5012
1978-01-27,241.37,62.7,7.63096383885602,6.69,28567.0,33.5012
1978-01-30,241.78,62.7,7.63096383885602,6.72,28567.0,33.5012
1978-01-31,241.6,62.7,7.63096383885602,6.79,28567.0,33.5012
1978-02-01,241.6,63.0,7.63096383885602,7.18,,
1978-02-02,241.81,63.0,7.63096383885602,6.79,,
1978-02-03,241.84,63.0,7.63096383885602,6.78,,
1978-02-06,241.14,63.0,7.63096383885602,6.78,,
1978-02-07,241.43,63.0,7.63096383885602,6.75,,
1978-02-08,241.49,63.0,7.63096383885602,6.59,,
1978-02-09,241.55,63.0,7.63096383885602,6.74,,
1978-02-10,241.58,63.0,7.63096383885602,6.71,,
1978-02-13,,63.0,7.63096383885602,6.7,,
1978-02-14,240.7,63.0,7.63096383885602,6.83,,
1978-02-15,240.67,63.0,7.63096383885602,6.92,,
1978-02-16,240.15,63.0,7.63096383885602,6.83,,
1978-02-17,239.81,63.0,7.63096383885602,6.75,,
1978-02-20,,63.0,7.63096383885602,6.75,,
1978-02-21,238.41,63.0,7.63096383885602,7.01,,
1978-02-22,238.83,63.0,7.63096383885602,6.62,,
1978-02-23,238.15,63.0,7.63096383885602,6.76,,
1978-02-24,240.21,63.0,7.63096383885602,6.76,,
1978-02-27,239.23,63.0,7.63096383885602,6.88,,
1978-02-28,238.1,63.0,7.63096383885602,6.83,,
1978-03-01,238.27,63.4,7.63096383885602,6.86,,
1978-03-02,238.41,63.4,7.63096383885602,6.78,,
1978-03-03,237.02,63.4,7.63096383885602,6.77,,
1978-03-06,236.41,63.4,7.63096383885602,6.81,,
1978-03-07,235.57,63.4,7.63096383885602,6.72,,
1978-03-08,234.41,63.4,7.63096383885602,6.72,,
1978-03-09,235.02,63.4,7.63096383885602,6.76,,
1978-03-10,235.9,63.4,7.63096383885602,6.77,,
1978-03-13,234.03,63.4,7.63096383885602,6.81,,
1978-03-14,233.05,63.4,7.63096383885602,6.75,,
1978-03-15,233.05,63.4,7.63096383885602,6.77,,
1978-03-16,235.63,63.4,7.63096383885602,6.76,,
1978-03-17,231.0,63.4,7.63096383885602,6.75,,
1978-03-20,231.16,63.4,7.63096383885602,6.84,,
1978-03-21,230.63,63.4,7.63096383885602,6.76,,
1978-03-22,230.36,63.4,7.63096383885602,6.78,,
1978-03-23,230.02,63.4,7.63096383885602,6.77,,
1978-03-24,228.0,63.4,7.63096383885602,6.78,,
1978-03-27,225.23,63.4,7.63096383885602,6.89,,
1978-03-28,225.02,63.4,7.63096383885602,6.84,,
1978-03-29,222.27,63.4,7.63096383885602,6.88,,
1978-03-30,222.37,63.4,7.63096383885602,6.91,,
1978-03-31,229.89,63.4,7.63096383885602,6.97,,
1978-04-03,218.34,63.9,7.63096383885602,6.95,29596.0,32.12444
1978-04-04,219.3,63.9,7.63096383885602,6.72,29596.0,32.12444
1978-04-05,218.96,63.9,7.63096383885602,6.51,29596.0,32.12444
1978-04-06,218.63,63.9,7.63096383885602,6.75,29596.0,32.12444
1978-04-07,220.12,63.9,7.63096383885602,6.74,29596.0,32.12444
1978-04-10,219.83,63.9,7.63096383885602,6.79,29596.0,32.12444
1978-04-11,219.33,63.9,7.63096383885602,6.73,29596.0,32.12444
1978-04-12,218.72,63.9,7.63096383885602,6.7,29596.0,32.12444
1978-04-13,219.35,63.9,7.63096383885602,6.77,29596.0,32.12444
1978-04-14,219.4,63.9,7.63096383885602,6.76,29596.0,32.12444
1978-04-17,220.6,63.9,7.63096383885602,6.85,29596.0,32.12444
1978-04-18,221.53,63.9,7.63096383885602,6.76,29596.0,32.12444
1978-04-19,221.88,63.9,7.63096383885602,6.78,29596.0,32.12444
1978-04-20,226.76,63.9,7.63096383885602,6.93,29596.0,32.12444
1978-04-21,225.89,63.9,7.63096383885602,6.97,29596.0,32.12444
1978-04-24,228.1,63.9,7.63096383885602,7.0,29596.0,32.12444
1978-04-25,227.58,63.9,7.63096383885602,6.96,29596.0,32.12444
1978-04-26,225.63,63.9,7.63096383885602,7.18,29596.0,32.12444
1978-04-27,222.22,63.9,7.63096383885602,7.18,29596.0,32.12444
1978-04-28,224.97,63.9,7.63096383885602,7.25,29596.0,32.12444
1978-05-01,225.78,64.5,7.63096383885602,7.27,,
1978-05-02,226.07,64.5,7.63096383885602,7.26,,
1978-05-03,226.14,64.5,7.63096383885602,7.46,,
1978-05-04,224.77,64.5,7.63096383885602,7.27,,
1978-05-05,224.59,64.5,7.63096383885602,7.29,,
1978-05-08,225.12,64.5,7.63096383885602,7.38,,
1978-05-09,225.38,64.5,7.63096383885602,7.41,,
1978-05-10,224.92,64.5,7.63096383885602,7.33,,
1978-05-11,225.23,64.5,7.63096383885602,7.37,,
1978-05-12,225.63,64.5,7.63096383885602,7.37,,
1978-05-15,226.22,64.5,7.63096383885602,7.41,,
1978-05-16,228.41,64.5,7.63096383885602,7.25,,
1978-05-17,227.95,64.5,7.63096383885602,7.27,,
1978-05-18,227.53,64.5,7.63096383885602,7.32,,
1978-05-19,228.0,64.5,7.63096383885602,7.44,,
1978-05-22,228.83,64.5,7.63096383885602,7.51,,
1978-05-23,229.04,64.5,7.63096383885602,7.49,,
1978-05-24,228.41,64.5,7.63096383885602,7.36,,
1978-05-25,225.84,64.5,7.63096383885602,7.47,,
1978-05-26,225.68,64.5,7.63096383885602,7.25,,
1978-05-29,225.05,64.5,7.63096383885602,7.44,,
1978-05-30,,64.5,7.63096383885602,7.41,,
1978-05-31,221.34,64.5,7.63096383885602,7.43,,
1978-06-01,221.51,65.0,7.63096383885602,7.48,,
1978-06-02,221.24,65.0,7.63096383885602,7.48,,
1978-06-05,220.99,65.0,7.63096383885602,7.52,,
1978-06-06,220.99,65.0,7.63096383885602,7.47,,
1978-06-07,220.99,65.0,7.63096383885602,7.37,,
1978-06-08,220.9,65.0,7.63096383885602,7.5,,
1978-06-09,220.6,65.0,7.63096383885602,7.49,,
1978-06-12,218.01,65.0,7.63096383885602,7.5,,
1978-06-13,216.92,65.0,7.63096383885602,7.43,,
1978-06-14,215.38,65.0,7.63096383885602,7.51,,
1978-06-15,216.17,65.0,7.63096383885602,7.51,,
1978-06-16,215.89,65.0,7.63096383885602,7.49,,
1978-06-19,213.49,65.0,7.63096383885602,7.5,,
1978-06-20,211.15,65.0,7.63096383885602,7.51,,
1978-06-21,210.66,65.0,7.63096383885602,7.75,,
1978-06-22,211.1,65.0,7.63096383885602,7.73,,
1978-06-23,207.47,65.0,7.63096383885602,7.69,,
1978-06-26,206.06,65.0,7.63096383885602,7.78,,
1978-06-27,205.93,65.0,7.63096383885602,7.78,,
1978-06-28,205.97,65.0,7.63096383885602,8.07,,
1978-06-29,205.21,65.0,7.63096383885602,8.03,,
1978-06-30,203.71,65.0,7.63096383885602,8.01,,
1978-07-03,202.43,65.5,7.63096383885602,7.64,29806.0,32.21407
1978-07-04,,65.5,7.63096383885602,7.64,29806.0,32.21407
1978-07-05,201.61,65.5,7.63096383885602,6.7,29806.0,32.21407
1978-07-06,203.09,65.5,7.63096383885602,7.72,29806.0,32.21407
1978-07-07,202.35,65.5,7.63096383885602,7.7,29806.0,32.21407
1978-07-10,201.69,65.5,7.63096383885602,7.78,29806.0,32.21407
1978-07-11,202.86,65.5,7.63096383885602,7.74,29806.0,32.21407
1978-07-12,203.29,65.5,7.63096383885602,7.71,29806.0,32.21407
1978-07-13,202.65,65.5,7.63096383885602,7.75,29806.0,32.21407
1978-07-14,202.59,65.5,7.63096383885602,7.77,29806.0,32.21407
1978-07-17,203.79,65.5,7.63096383885602,7.91,29806.0,32.21407
1978-07-18,202.55,65.5,7.63096383885602,7.99,29806.0,32.21407
1978-07-19,201.53,65.5,7.63096383885602,8.63,29806.0,32.21407
1978-07-20,201.57,65.5,7.63096383885602,7.96,29806.0,32.21407
1978-07-21,200.94,65.5,7.63096383885602,7.95,29806.0,32.21407
1978-07-24,198.02,65.5,7.63096383885602,7.89,29806.0,32.21407
1978-07-25,195.47,65.5,7.63096383885602,7.81,29806.0,32.21407
1978-07-26,194.1,65.5,7.63096383885602,7.65,29806.0,32.21407
1978-07-27,193.65,65.5,7.63096383885602,7.84,29806.0,32.21407
1978-07-28,190.59,65.5,7.63096383885602,7.83,29806.0,32.21407
1978-07-31,189.14,65.5,7.63096383885602,8.0,29806.0,32.21407
1978-08-01,186.57,65.9,7.63096383885602,7.97,,
1978-08-02,186.29,65.9,7.63096383885602,7.9,,
1978-08-03,188.32,65.9,7.63096383885602,7.85,,
1978-08-04,190.19,65.9,7.63096383885602,7.81,,
1978-08-07,188.79,65.9,7.63096383885602,7.84,,
1978-08-08,187.34,65.9,7.63096383885602,7.82,,
1978-08-09,187.62,65.9,7.63096383885602,7.9,,
1978-08-10,186.67,65.9,7.63096383885602,7.83,,
1978-08-11,185.53,65.9,7.63096383885602,7.84,,
1978-08-14,183.76,65.9,7.63096383885602,7.92,,
1978-08-15,185.29,65.9,7.63096383885602,7.9,,
1978-08-16,184.64,65.9,7.63096383885602,7.93,,
1978-08-17,188.32,65.9,7.63096383885602,7.99,,
1978-08-18,188.86,65.9,7.63096383885602,8.04,,
1978-08-21,193.01,65.9,7.63096383885602,8.24,,
1978-08-22,191.31,65.9,7.63096383885602,8.24,,
1978-08-23,191.9,65.9,7.63096383885602,8.38,,
1978-08-24,191.02,65.9,7.63096383885602,8.2,,
1978-08-25,192.57,65.9,7.63096383885602,8.2,,
1978-08-28,193.35,65.9,7.63096383885602,8.31,,
1978-08-29,189.39,65.9,7.63096383885602,8.37,,
1978-08-30,189.07,65.9,7.63096383885602,8.45,,
1978-08-31,190.51,65.9,7.63096383885602,8.4,,
1978-09-01,190.8,66.5,7.63096383885602,8.33,,
1978-09-04,,66.5,7.63096383885602,8.33,,
1978-09-05,190.15,66.5,7.63096383885602,8.37,,
1978-09-06,190.0,66.5,7.63096383885602,8.0,,
1978-09-07,191.05,66.5,7.63096383885602,8.27,,
1978-09-08,192.9,66.5,7.63096383885602,8.31,,
1978-09-11,191.9,66.5,7.63096383885602,8.44,,
1978-09-12,191.5,66.5,7.63096383885602,8.38,,
1978-09-13,189.9,66.5,7.63096383885602,8.31,,
1978-09-14,190.15,66.5,7.63096383885602,8.37,,
1978-09-15,189.85,66.5,7.63096383885602,8.35,,
1978-09-18,190.8,66.5,7.63096383885602,8.39,,
1978-09-19,190.3,66.5,7.63096383885602,8.34,,
1978-09-20,188.8,66.5,7.63096383885602,8.38,,
1978-09-21,187.75,66.5,7.63096383885602,8.49,,
1978-09-22,188.25,66.5,7.63096383885602,8.5,,
1978-09-25,187.65,66.5,7.63096383885602,8.73,,
1978-09-26,189.15,66.5,7.63096383885602,8.92,,
1978-09-27,189.1,66.5,7.63096383885602,8.68,,
1978-09-28,189.2,66.5,7.63096383885602,8.81,,
1978-09-29,189.19,66.5,7.63096383885602,8.9,,
1978-10-02,188.85,67.1,7.63096383885602,8.96,30119.0,31.86206
1978-10-03,187.5,67.1,7.63096383885602,8.83,30119.0,31.86206
1978-10-04,187.0,67.1,7.63096383885602,8.68,30119.0,31.86206
1978-10-05,187.3,67.1,7.63096383885602,8.75,30119.0,31.86206
1978-10-06,188.4,67.1,7.63096383885602,8.71,30119.0,31.86206
1978-10-09,,67.1,7.63096383885602,8.71,30119.0,31.86206
1978-10-10,187.9,67.1,7.63096383885602,9.06,30119.0,31.86206
1978-10-11,185.85,67.1,7.63096383885602,8.3,30119.0,31.86206
1978-10-12,186.6,67.1,7.63096383885602,8.81,30119.0,31.86206
1978-10-13,185.9,67.1,7.63096383885602,8.73,30119.0,31.86206
1978-10-16,183.85,67.1,7.63096383885602,8.84,30119.0,31.86206
1978-10-17,182.25,67.1,7.63096383885602,8.76,30119.0,31.86206
1978-10-18,182.3,67.1,7.63096383885602,8.86,30119.0,31.86206
1978-10-19,183.25,67.1,7.63096383885602,8.95,30119.0,31.86206
1978-10-20,181.8,67.1,7.63096383885602,9.07,30119.0,31.86206
1978-10-23,181.55,67.1,7.63096383885602,9.3,30119.0,31.86206
1978-10-24,182.55,67.1,7.63096383885602,9.65,30119.0,31.86206
1978-10-25,179.55,67.1,7.63096383885602,9.55,30119.0,31.86206
1978-10-26,178.3,67.1,7.63096383885602,9.15,30119.0,31.86206
1978-10-27,179.0,67.1,7.63096383885602,9.15,30119.0,31.86206
1978-10-30,177.05,67.1,7.63096383885602,9.23,30119.0,31.86206
1978-10-31,179.5,67.1,7.63096383885602,9.35,30119.0,31.86206
1978-11-01,186.0,67.5,7.63096383885602,9.87,,
1978-11-02,187.85,67.5,7.63096383885602,9.89,,
1978-11-03,189.0,67.5,7.63096383885602,9.94,,
1978-11-06,190.25,67.5,7.63096383885602,9.88,,
1978-11-07,,67.5,7.63096383885602,9.34,,
1978-11-08,187.25,67.5,7.63096383885602,9.43,,
1978-11-09,187.9,67.5,7.63096383885602,9.75,,
1978-11-10,188.6,67.5,7.63096383885602,9.67,,
1978-11-13,188.45,67.5,7.63096383885602,9.8,,
1978-11-14,188.95,67.5,7.63096383885602,9.76,,
1978-11-15,191.0,67.5,7.63096383885602,9.46,,
1978-11-16,194.1,67.5,7.63096383885602,9.72,,
1978-11-17,195.6,67.5,7.63096383885602,9.64,,
1978-11-20,194.8,67.5,7.63096383885602,9.7,,
1978-11-21,195.0,67.5,7.63096383885602,9.64,,
1978-11-22,194.2,67.5,7.63096383885602,9.78,,
1978-11-23,,67.5,7.63096383885602,9.78,,
1978-11-24,195.05,67.5,7.63096383885602,9.77,,
1978-11-27,196.0,67.5,7.63096383885602,9.91,,
1978-11-28,196.75,67.5,7.63096383885602,9.94,,
1978-11-29,197.0,67.5,7.63096383885602,10.0,,
1978-11-30,199.1,67.5,7.63096383885602,9.94,,
1978-12-01,201.7,67.9,7.63096383885602,9.95,,
1978-12-04,197.65,67.9,7.63096383885602,9.88,,
1978-12-05,197.5,67.9,7.63096383885602,9.78,,
1978-12-06,197.55,67.9,7.63096383885602,9.66,,
1978-12-07,198.65,67.9,7.63096383885602,9.8,,
1978-12-08,198.1,67.9,7.63096383885602,9.82,,
1978-12-11,196.0,67.9,7.63096383885602,9.94,,
1978-12-12,196.35,67.9,7.63096383885602,9.94,,
1978-12-13,196.25,67.9,7.63096383885602,9.39,,
1978-12-14,195.55,67.9,7.63096383885602,9.84,,
1978-12-15,195.8,67.9,7.63096383885602,9.83,,
1978-12-18,193.05,67.9,7.63096383885602,9.97,,
1978-12-19,193.3,67.9,7.63096383885602,9.94,,
1978-12-20,194.6,67.9,7.63096383885602,8.98,,
1978-12-21,195.2,67.9,7.63096383885602,9.99,,
1978-12-22,194.1,67.9,7.63096383885602,10.01,,
1978-12-25,,67.9,7.63096383885602,10.01,,
1978-12-26,195.0,67.9,7.63096383885602,10.89,,
1978-12-27,194.5,67.9,7.63096383885602,10.82,,
1978-12-28,193.95,67.9,7.63096383885602,10.71,,
1978-12-29,194.3,67.9,7.63096383885602,10.84,,
1979-01-01,,68.5,11.2544711292795,10.84,30096.0,31.53601
1979-01-02,194.58,68.5,11.2544711292795,11.72,30096.0,31.53601
1979-01-03,196.6,68.5,11.2544711292795,8.34,30096.0,31.53601
1979-01-04,196.4,68.5,11.2544711292795,10.03,30096.0,31.53601
1979-01-05,196.65,68.5,11.2544711292795,9.94,30096.0,31.53601
1979-01-08,195.65,68.5,11.2544711292795,10.01,30096.0,31.53601
1979-01-09,196.65,68.5,11.2544711292795,10.01,30096.0,31.53601
1979-01-10,196.65,68.5,11.2544711292795,9.91,30096.0,31.53601
1979-01-11,198.25,68.5,11.2544711292795,10.0,30096.0,31.53601
1979-01-12,197.6,68.5,11.2544711292795,10.01,30096.0,31.53601
1979-01-15,197.8,68.5,11.2544711292795,10.17,30096.0,31.53601
1979-01-16,197.15,68.5,11.2544711292795,10.1,30096.0,31.53601
1979-01-17,196.8,68.5,11.2544711292795,10.05,30096.0,31.53601
1979-01-18,196.75,68.5,11.2544711292795,10.0,30096.0,31.53601
1979-01-19,198.25,68.5,11.2544711292795,10.03,30096.0,31.53601
1979-01-22,197.63,68.5,11.2544711292795,10.15,30096.0,31.53601
1979-01-23,197.9,68.5,11.2544711292795,10.06,30096.0,31.53601
1979-01-24,197.7,68.5,11.2544711292795,10.02,30096.0,31.53601
1979-01-25,199.0,68.5,11.2544711292795,10.02,30096.0,31.53601
1979-01-26,199.55,68.5,11.2544711292795,10.05,30096.0,31.53601
1979-01-29,200.1,68.5,11.2544711292795,10.1,30096.0,31.53601
1979-01-30,200.75,68.5,11.2544711292795,10.01,30096.0,31.53601
1979-01-31,202.2,68.5,11.2544711292795,10.57,30096.0,31.53601
1979-02-01,202.75,69.2,11.2544711292795,10.05,,
1979-02-02,201.6,69.2,11.2544711292795,10.11,,
1979-02-05,199.85,69.2,11.2544711292795,10.26,,
1979-02-06,199.05,69.2,11.2544711292795,10.27,,
1979-02-07,196.0,69.2,11.2544711292795,9.48,,
1979-02-08,197.7,69.2,11.2544711292795,10.05,,
1979-02-09,198.8,69.2,11.2544711292795,10.0,,
1979-02-12,,69.2,11.2544711292795,9.97,,
1979-02-13,199.7,69.2,11.2544711292795,10.55,,
1979-02-14,200.4,69.2,11.2544711292795,10.49,,
1979-02-15,200.25,69.2,11.2544711292795,10.07,,
1979-02-16,200.7,69.2,11.2544711292795,9.98,,
1979-02-19,,69.2,11.2544711292795,9.98,,
1979-02-20,201.05,69.2,11.2544711292795,10.05,,
1979-02-21,201.85,69.2,11.2544711292795,9.76,,
1979-02-22,201.4,69.2,11.2544711292795,9.99,,
1979-02-23,201.4,69.2,11.2544711292795,10.02,,
1979-02-26,202.08,69.2,11.2544711292795,10.09,,
1979-02-27,201.9,69.2,11.2544711292795,10.01,,
1979-02-28,202.65,69.2,11.2544711292795,10.24,,
1979-03-01,203.75,69.9,11.2544711292795,10.05,,
1979-03-02,204.9,69.9,11.2544711292795,10.11,,
1979-03-05,204.73,69.9,11.2544711292795,10.15,,
1979-03-06,204.5,69.9,11.2544711292795,9.95,,
1979-03-07,204.0,69.9,11.2544711292795,10.04,,
1979-03-08,204.18,69.9,11.2544711292795,10.02,,
1979-03-09,204.7,69.9,11.2544711292795,10.17,,
1979-03-12,205.73,69.9,11.2544711292795,10.3,,
1979-03-13,208.65,69.9,11.2544711292795,10.22,,
1979-03-14,207.28,69.9,11.2544711292795,10.39,,
1979-03-15,206.95,69.9,11.2544711292795,10.14,,
1979-03-16,207.45,69.9,11.2544711292795,10.19,,
1979-03-19,207.0,69.9,11.2544711292795,10.11,,
1979-03-20,207.17,69.9,11.2544711292795,9.93,,
1979-03-21,206.95,69.9,11.2544711292795,9.91,,
1979-03-22,205.5,69.9,11.2544711292795,10.01,,
1979-03-23,205.9,69.9,11.2544711292795,10.01,,
1979-03-26,206.8,69.9,11.2544711292795,10.08,,
1979-03-27,207.15,69.9,11.2544711292795,10.03,,
1979-03-28,207.88,69.9,11.2544711292795,9.83,,
1979-03-29,208.37,69.9,11.2544711292795,10.01,,
1979-03-30,209.58,69.9,11.2544711292795,10.07,,
1979-04-02,211.65,70.6,11.2544711292795,10.03,30050.0,31.06277
1979-04-03,214.4,70.6,11.2544711292795,9.75,30050.0,31.06277
1979-04-04,215.28,70.6,11.2544711292795,9.62,30050.0,31.06277
1979-04-05,215.23,70.6,11.2544711292795,10.0,30050.0,31.06277
1979-04-06,214.9,70.6,11.2544711292795,10.03,30050.0,31.06277
1979-04-09,213.5,70.6,11.2544711292795,10.02,30050.0,31.06277
1979-04-10,212.75,70.6,11.2544711292795,10.03,30050.0,31.06277
1979-04-11,213.5,70.6,11.2544711292795,9.38,30050.0,31.06277
1979-04-12,215.75,70.6,11.2544711292795,10.02,30050.0,31.06277
1979-04-13,215.9,70.6,11.2544711292795,9.83,30050.0,31.06277
1979-04-16,216.45,70.6,11.2544711292795,10.03,30050.0,31.06277
1979-04-17,218.0,70.6,11.2544711292795,9.98,30050.0,31.06277
1979-04-18,215.4,70.6,11.2544711292795,10.18,30050.0,31.06277
1979-04-19,216.18,70.6,11.2544711292795,10.02,30050.0,31.06277
1979-04-20,218.3,70.6,11.2544711292795,10.07,30050.0,31.06277
1979-04-23,218.35,70.6,11.2544711292795,10.22,30050.0,31.06277
1979-04-24,218.45,70.6,11.2544711292795,10.25,30050.0,31.06277
1979-04-25,218.2,70.6,11.2544711292795,9.96,30050.0,31.06277
1979-04-26,218.1,70.6,11.2544711292795,10.05,30050.0,31.06277
1979-04-27,219.9,70.6,11.2544711292795,10.16,30050.0,31.06277
1979-04-30,221.8,70.6,11.2544711292795,10.43,30050.0,31.06277
1979-05-01,224.4,71.4,11.2544711292795,10.38,,
1979-05-02,224.95,71.4,11.2544711292795,10.2,,
1979-05-03,224.8,71.4,11.2544711292795,10.24,,
1979-05-04,221.5,71.4,11.2544711292795,10.25,,
1979-05-07,214.8,71.4,11.2544711292795,10.29,,
1979-05-08,215.15,71.4,11.2544711292795,10.21,,
1979-05-09,213.15,71.4,11.2544711292795,10.25,,
1979-05-10,214.58,71.4,11.2544711292795,10.23,,
1979-05-11,215.13,71.4,11.2544711292795,10.26,,
1979-05-14,214.0,71.4,11.2544711292795,10.33,,
1979-05-15,214.2,71.4,11.2544711292795,10.28,,
1979-05-16,214.35,71.4,11.2544711292795,10.13,,
1979-05-17,216.7,71.4,11.2544711292795,10.24,,
1979-05-18,218.8,71.4,11.2544711292795,10.25,,
1979-05-21,218.8,71.4,11.2544711292795,10.34,,
1979-05-22,219.4,71.4,11.2544711292795,10.18,,
1979-05-23,219.15,71.4,11.2544711292795,9.66,,
1979-05-24,218.65,71.4,11.2544711292795,10.18,,
1979-05-25,219.75,71.4,11.2544711292795,10.05,,
1979-05-28,220.45,71.4,11.2544711292795,10.49,,
1979-05-29,222.05,71.4,11.2544711292795,10.48,,
1979-05-30,,71.4,11.2544711292795,10.65,,
1979-05-31,220.35,71.4,11.2544711292795,10.31,,
1979-06-01,221.28,72.2,11.2544711292795,10.24,,
1979-06-04,219.75,72.2,11.2544711292795,10.23,,
1979-06-05,221.15,72.2,11.2544711292795,10.19,,
1979-06-06,220.35,72.2,11.2544711292795,10.17,,
1979-06-07,219.55,72.2,11.2544711292795,10.26,,
1979-06-08,218.6,72.2,11.2544711292795,10.26,,
1979-06-11,218.83,72.2,11.2544711292795,10.31,,
1979-06-12,219.7,72.2,11.2544711292795,10.24,,
1979-06-13,220.15,72.2,11.2544711292795,10.01,,
1979-06-14,220.18,72.2,11.2544711292795,10.29,,
1979-06-15,218.8,72.2,11.2544711292795,10.31,,
1979-06-18,219.9,72.2,11.2544711292795,10.4,,
1979-06-19,218.65,72.2,11.2544711292795,10.24,,
1979-06-20,219.0,72.2,11.2544711292795,10.13,,
1979-06-21,218.95,72.2,11.2544711292795,10.22,,
1979-06-22,215.8,72.2,11.2544711292795,10.26,,
1979-06-25,213.24,72.2,11.2544711292795,10.43,,
1979-06-26,215.9,72.2,11.2544711292795,10.3,,
1979-06-27,216.4,72.2,11.2544711292795,10.5,,
1979-06-28,216.55,72.2,11.2544711292795,10.54,,
1979-06-29,217.8,72.2,11.2544711292795,10.54,,
1979-07-02,218.3,73.0,11.2544711292795,10.66,30182.0,30.98402
1979-07-03,218.4,73.0,11.2544711292795,10.05,30182.0,30.98402
1979-07-04,,73.0,11.2544711292795,10.05,30182.0,30.98402
1979-07-05,217.0,73.0,11.2544711292795,10.33,30182.0,30.98402
1979-07-06,217.5,73.0,11.2544711292795,10.29,30182.0,30.98402
1979-07-09,217.5,73.0,11.2544711292795,10.31,30182.0,30.98402
1979-07-10,217.68,73.0,11.2544711292795,10.24,30182.0,30.98402
1979-07-11,217.45,73.0,11.2544711292795,10.24,30182.0,30.98402
1979-07-12,217.25,73.0,11.2544711292795,10.31,30182.0,30.98402
1979-07-13,217.35,73.0,11.2544711292795,10.32,30182.0,30.98402
1979-07-16,216.8,73.0,11.2544711292795,10.44,30182.0,30.98402
1979-07-17,216.45,73.0,11.2544711292795,10.36,30182.0,30.98402
1979-07-18,213.6,73.0,11.2544711292795,10.37,30182.0,30.98402
1979-07-19,216.0,73.0,11.2544711292795,10.41,30182.0,30.98402
1979-07-20,217.1,73.0,11.2544711292795,10.61,30182.0,30.98402
1979-07-23,215.75,73.0,11.2544711292795,10.97,30182.0,30.98402
1979-07-24,214.4,73.0,11.2544711292795,10.76,30182.0,30.98402
1979-07-25,215.25,73.0,11.2544711292795,10.45,30182.0,30.98402
1979-07-26,215.03,73.0,11.2544711292795,10.6,30182.0,30.98402
1979-07-27,215.4,73.0,11.2544711292795,10.7,30182.0,30.98402
1979-07-30,215.8,73.0,11.2544711292795,10.96,30182.0,30.98402
1979-07-31,216.7,73.0,11.2544711292795,10.81,30182.0,30.98402
1979-08-01,216.05,73.7,11.2544711292795,10.75,,
1979-08-02,216.55,73.7,11.2544711292795,10.7,,
1979-08-03,216.9,73.7,11.2544711292795,10.69,,
1979-08-06,216.45,73.7,11.2544711292795,10.72,,
1979-08-07,216.5,73.7,11.2544711292795,10.57,,
1979-08-08,216.5,73.7,11.2544711292795,10.61,,
1979-08-09,216.05,73.7,11.2544711292795,10.68,,
1979-08-10,215.9,73.7,11.2544711292795,10.74,,
1979-08-13,216.58,73.7,11.2544711292795,10.93,,
1979-08-14,216.8,73.7,11.2544711292795,10.8,,
1979-08-15,216.85,73.7,11.2544711292795,10.97,,
1979-08-16,216.98,73.7,11.2544711292795,11.08,,
1979-08-17,217.3,73.7,11.2544711292795,11.05,,
1979-08-20,217.38,73.7,11.2544711292795,11.12,,
1979-08-21,217.85,73.7,11.2544711292795,10.99,,
1979-08-22,219.5,73.7,11.2544711292795,10.91,,
1979-08-23,219.12,73.7,11.2544711292795,11.01,,
1979-08-24,219.25,73.7,11.2544711292795,11.19,,
1979-08-27,220.95,73.7,11.2544711292795,11.47,,
1979-08-28,220.55,73.7,11.2544711292795,11.43,,
1979-08-29,221.93,73.7,11.2544711292795,10.66,,
1979-08-30,219.95,73.7,11.2544711292795,11.32,,
1979-08-31,220.4,73.7,11.2544711292795,11.29,,
1979-09-03,,74.4,11.2544711292795,11.29,,
1979-09-04,221.05,74.4,11.2544711292795,11.31,,
1979-09-05,221.5,74.4,11.2544711292795,9.38,,
1979-09-06,220.85,74.4,11.2544711292795,11.31,,
1979-09-07,220.8,74.4,11.2544711292795,11.27,,
1979-09-10,220.9,74.4,11.2544711292795,11.33,,
1979-09-11,221.55,74.4,11.2544711292795,11.31,,
1979-09-12,222.2,74.4,11.2544711292795,11.35,,
1979-09-13,223.6,74.4,11.2544711292795,11.37,,
1979-09-14,223.4,74.4,11.2544711292795,11.36,,
1979-09-17,223.48,74.4,11.2544711292795,11.51,,
1979-09-18,223.8,74.4,11.2544711292795,11.53,,
1979-09-19,223.43,74.4,11.2544711292795,11.11,,
1979-09-20,220.3,74.4,11.2544711292795,11.54,,
1979-09-21,222.45,74.4,11.2544711292795,11.6,,
1979-09-24,223.1,74.4,11.2544711292795,11.74,,
1979-09-25,222.8,74.4,11.2544711292795,11.59,,
1979-09-26,222.6,74.4,11.2544711292795,11.63,,
1979-09-27,223.55,74.4,11.2544711292795,11.8,,
1979-09-28,224.5,74.4,11.2544711292795,12.16,,
1979-10-01,225.25,75.2,11.2544711292795,12.06,30164.0,31.02615
1979-10-02,225.35,75.2,11.2544711292795,11.8,30164.0,31.02615
1979-10-03,224.45,75.2,11.2544711292795,11.22,30164.0,31.02615
1979-10-04,223.4,75.2,11.2544711292795,11.67,30164.0,31.02615
1979-10-05,224.15,75.2,11.2544711292795,11.61,30164.0,31.02615
1979-10-08,,75.2,11.2544711292795,11.61,30164.0,31.02615
1979-10-09,226.0,75.2,11.2544711292795,13.86,30164.0,31.02615
1979-10-10,225.6,75.2,11.2544711292795,12.04,30164.0,31.02615
1979-10-11,226.4,75.2,11.2544711292795,13.2,30164.0,31.02615
1979-10-12,227.5,75.2,11.2544711292795,12.97,30164.0,31.02615
1979-10-15,229.8,75.2,11.2544711292795,13.65,30164.0,31.02615
1979-10-16,232.0,75.2,11.2544711292795,13.31,30164.0,31.02615
1979-10-17,234.1,75.2,11.2544711292795,13.44,30164.0,31.02615
1979-10-18,232.18,75.2,11.2544711292795,13.64,30164.0,31.02615
1979-10-19,230.65,75.2,11.2544711292795,15.07,30164.0,31.02615
1979-10-22,233.8,75.2,11.2544711292795,17.6,30164.0,31.02615
1979-10-23,235.4,75.2,11.2544711292795,15.65,30164.0,31.02615
1979-10-24,234.5,75.2,11.2544711292795,13.88,30164.0,31.02615
1979-10-25,233.9,75.2,11.2544711292795,15.22,30164.0,31.02615
1979-10-26,234.3,75.2,11.2544711292795,16.01,30164.0,31.02615
1979-10-29,235.98,75.2,11.2544711292795,16.16,30164.0,31.02615
1979-10-30,238.1,75.2,11.2544711292795,15.02,30164.0,31.02615
1979-10-31,237.85,75.2,11.2544711292795,14.82,30164.0,31.02615
1979-11-01,238.15,76.0,11.2544711292795,15.26,,
1979-11-02,234.55,76.0,11.2544711292795,14.66,,
1979-11-05,237.1,76.0,11.2544711292795,13.56,,
1979-11-06,,76.0,11.2544711292795,12.71,,
1979-11-07,240.2,76.0,11.2544711292795,10.9,,
1979-11-08,241.3,76.0,11.2544711292795,13.52,,
1979-11-09,243.55,76.0,11.2544711292795,13.42,,
1979-11-12,,76.0,11.2544711292795,13.42,,
1979-11-13,246.6,76.0,11.2544711292795,13.54,,
1979-11-14,243.35,76.0,11.2544711292795,12.36,,
1979-11-15,247.2,76.0,11.2544711292795,13.43,,
1979-11-16,246.5,76.0,11.2544711292795,13.23,,
1979-11-19,245.25,76.0,11.2544711292795,13.21,,
1979-11-20,246.2,76.0,11.2544711292795,12.98,,
1979-11-21,248.1,76.0,11.2544711292795,12.4,,
1979-11-22,,76.0,11.2544711292795,12.4,,
1979-11-23,249.0,76.0,11.2544711292795,12.31,,
1979-11-26,250.85,76.0,11.2544711292795,12.35,,
1979-11-27,249.45,76.0,11.2544711292795,12.53,,
1979-11-28,248.95,76.0,11.2544711292795,12.98,,
1979-11-29,248.85,76.0,11.2544711292795,13.04,,
1979-11-30,249.55,76.0,11.2544711292795,13.96,,
1979-12-03,248.89,76.9,11.2544711292795,14.48,,
1979-12-04,247.5,76.9,11.2544711292795,13.78,,
1979-12-05,245.7,76.9,11.2544711292795,13.18,,
1979-12-06,243.6,76.9,11.2544711292795,13.34,,
1979-12-07,240.2,76.9,11.2544711292795,13.71,,
1979-12-10,232.65,76.9,11.2544711292795,14.17,,
1979-12-11,233.3,76.9,11.2544711292795,14.11,,
1979-12-12,237.9,76.9,11.2544711292795,13.77,,
1979-12-13,240.7,76.9,11.2544711292795,14.64,,
1979-12-14,242.55,76.9,11.2544711292795,13.96,,
1979-12-17,240.1,76.9,11.2544711292795,14.26,,
1979-12-18,239.4,76.9,11.2544711292795,13.59,,
1979-12-19,239.0,76.9,11.2544711292795,12.96,,
1979-12-20,236.6,76.9,11.2544711292795,13.69,,
1979-12-21,239.9,76.9,11.2544711292795,14.04,,
1979-12-24,239.8,76.9,11.2544711292795,13.16,,
1979-12-25,,76.9,11.2544711292795,13.16,,
1979-12-26,239.05,76.9,11.2544711292795,12.27,,
1979-12-27,239.8,76.9,11.2544711292795,13.87,,
1979-12-28,240.55,76.9,11.2544711292795,13.63,,
1979-12-31,240.3,76.9,11.2544711292795,14.77,,
1980-01-01,,78.0,13.5492019749684,14.77,30174.0,30.94982
1980-01-02,238.45,78.0,13.5492019749684,14.0,30174.0,30.94982
1980-01-03,238.35,78.0,13.5492019749684,13.89,30174.0,30.94982
1980-01-04,234.8,78.0,13.5492019749684,14.0,30174.0,30.94982
1980-01-07,231.55,78.0,13.5492019749684,14.0,30174.0,30.94982
1980-01-08,234.75,78.0,13.5492019749684,13.86,30174.0,30.94982
1980-01-09,234.95,78.0,13.5492019749684,13.86,30174.0,30.94982
1980-01-10,235.8,78.0,13.5492019749684,14.07,30174.0,30.94982
1980-01-11,236.05,78.0,13.5492019749684,14.13,30174.0,30.94982
1980-01-14,236.2,78.0,13.5492019749684,14.07,30174.0,30.94982
1980-01-15,239.65,78.0,13.5492019749684,13.55,30174.0,30.94982
1980-01-16,238.15,78.0,13.5492019749684,13.28,30174.0,30.94982
1980-01-17,239.9,78.0,13.5492019749684,13.57,30174.0,30.94982
1980-01-18,239.65,78.0,13.5492019749684,13.74,30174.0,30.94982
1980-01-21,241.0,78.0,13.5492019749684,14.06,30174.0,30.94982
1980-01-22,239.7,78.0,13.5492019749684,13.97,30174.0,30.94982
1980-01-23,237.25,78.0,13.5492019749684,13.59,30174.0,30.94982
1980-01-24,239.35,78.0,13.5492019749684,13.89,30174.0,30.94982
1980-01-25,239.6,78.0,13.5492019749684,14.0,30174.0,30.94982
1980-01-28,240.22,78.0,13.5492019749684,13.86,30174.0,30.94982
1980-01-29,239.35,78.0,13.5492019749684,13.46,30174.0,30.94982
1980-01-30,239.5,78.0,13.5492019749684,11.56,30174.0,30.94982
1980-01-31,239.33,78.0,13.5492019749684,13.4,30174.0,30.94982
1980-02-01,240.45,79.0,13.5492019749684,13.44,,
1980-02-04,240.29,79.0,13.5492019749684,13.5,,
1980-02-05,240.1,79.0,13.5492019749684,12.63,,
1980-02-06,240.1,79.0,13.5492019749684,9.76,,
1980-02-07,240.09,79.0,13.5492019749684,12.93,,
1980-02-08,241.65,79.0,13.5492019749684,13.33,,
1980-02-11,241.4,79.0,13.5492019749684,13.97,,
1980-02-12,,79.0,13.5492019749684,14.02,,
1980-02-13,242.1,79.0,13.5492019749684,14.58,,
1980-02-14,243.39,79.0,13.5492019749684,14.3,,
1980-02-15,243.2,79.0,13.5492019749684,14.67,,
1980-02-18,,79.0,13.5492019749684,14.67,,
1980-02-19,245.36,79.0,13.5492019749684,16.69,,
1980-02-20,246.05,79.0,13.5492019749684,14.44,,
1980-02-21,246.09,79.0,13.5492019749684,15.01,,
1980-02-22,247.45,79.0,13.5492019749684,14.46,,
1980-02-25,248.35,79.0,13.5492019749684,14.03,,
1980-02-26,248.08,79.0,13.5492019749684,14.16,,
1980-02-27,248.45,79.0,13.5492019749684,15.76,,
1980-02-28,248.4,79.0,13.5492019749684,15.18,,
1980-02-29,251.65,79.0,13.5492019749684,16.33,,
1980-03-03,247.85,80.1,13.5492019749684,17.14,,
1980-03-04,246.4,80.1,13.5492019749684,16.15,,
1980-03-05,246.88,80.1,13.5492019749684,15.75,,
1980-03-06,248.1,80.1,13.5492019749684,17.05,,
1980-03-07,247.85,80.1,13.5492019749684,16.89,,
1980-03-10,247.93,80.1,13.5492019749684,16.28,,
1980-03-11,247.3,80.1,13.5492019749684,15.65,,
1980-03-12,247.5,80.1,13.5492019749684,15.47,,
1980-03-13,248.1,80.1,13.5492019749684,16.71,,
1980-03-14,249.05,80.1,13.5492019749684,16.29,,
1980-03-17,248.9,80.1,13.5492019749684,16.75,,
1980-03-18,249.1,80.1,13.5492019749684,15.73,,
1980-03-19,248.65,80.1,13.5492019749684,15.59,,
1980-03-20,248.7,80.1,13.5492019749684,16.83,,
1980-03-21,248.92,80.1,13.5492019749684,17.68,,
1980-03-24,249.15,80.1,13.5492019749684,17.92,,
1980-03-25,249.07,80.1,13.5492019749684,17.72,,
1980-03-26,249.1,80.1,13.5492019749684,18.96,,
1980-03-27,249.9,80.1,13.5492019749684,19.04,,
1980-03-28,249.65,80.1,13.5492019749684,19.71,,
1980-03-31,249.95,80.1,13.5492019749684,19.85,,
1980-04-01,254.65,80.9,13.5492019749684,19.79,29470.0,31.37303
1980-04-02,257.15,80.9,13.5492019749684,17.9,29470.0,31.37303
1980-04-03,257.2,80.9,13.5492019749684,19.96,29470.0,31.37303
1980-04-04,258.75,80.9,13.5492019749684,19.85,29470.0,31.37303
1980-04-07,261.4,80.9,13.5492019749684,19.78,29470.0,31.37303
1980-04-08,258.2,80.9,13.5492019749684,18.37,29470.0,31.37303
1980-04-09,251.8,80.9,13.5492019749684,15.65,29470.0,31.37303
1980-04-10,249.5,80.9,13.5492019749684,19.53,29470.0,31.37303
1980-04-11,252.5,80.9,13.5492019749684,18.73,29470.0,31.37303
1980-04-14,251.35,80.9,13.5492019749684,18.34,29470.0,31.37303
1980-04-15,252.7,80.9,13.5492019749684,18.35,29470.0,31.37303
1980-04-16,249.1,80.9,13.5492019749684,16.06,29470.0,31.37303
1980-04-17,248.7,80.9,13.5492019749684,18.33,29470.0,31.37303
1980-04-18,249.4,80.9,13.5492019749684,18.31,29470.0,31.37303
1980-04-21,249.8,80.9,13.5492019749684,17.65,29470.0,31.37303
1980-04-22,250.0,80.9,13.5492019749684,16.65,29470.0,31.37303
1980-04-23,243.25,80.9,13.5492019749684,15.38,29470.0,31.37303
1980-04-24,244.65,80.9,13.5492019749684,16.18,29470.0,31.37303
1980-04-25,246.0,80.9,13.5492019749684,15.45,29470.0,31.37303
1980-04-28,241.3,80.9,13.5492019749684,14.67,29470.0,31.37303
1980-04-29,239.3,80.9,13.5492019749684,13.98,29470.0,31.37303
1980-04-30,239.35,80.9,13.5492019749684,14.64,29470.0,31.37303
1980-05-01,240.5,81.7,13.5492019749684,14.07,,
1980-05-02,240.35,81.7,13.5492019749684,14.3,,
1980-05-05,237.2,81.7,13.5492019749684,12.28,,
1980-05-06,231.8,81.7,13.5492019749684,11.57,,
1980-05-07,231.85,81.7,13.5492019749684,9.89,,
1980-05-08,233.6,81.7,13.5492019749684,10.57,,
1980-05-09,231.8,81.7,13.5492019749684,10.8,,
1980-05-12,226.8,81.7,13.5492019749684,10.79,,
1980-05-13,227.75,81.7,13.5492019749684,10.92,,
1980-05-14,227.2,81.7,13.5492019749684,11.3,,
1980-05-15,227.8,81.7,13.5492019749684,11.15,,
1980-05-16,229.6,81.7,13.5492019749684,11.42,,
1980-05-19,229.0,81.7,13.5492019749684,10.92,,
1980-05-20,226.75,81.7,13.5492019749684,10.2,,
1980-05-21,224.4,81.7,13.5492019749684,8.44,,
1980-05-22,224.05,81.7,13.5492019749684,9.51,,
1980-05-23,221.25,81.7,13.5492019749684,8.73,,
1980-05-26,,81.7,13.5492019749684,8.73,,
1980-05-27,219.2,81.7,13.5492019749684,9.55,,
1980-05-28,223.5,81.7,13.5492019749684,12.23,,
1980-05-29,223.8,81.7,13.5492019749684,10.49,,
1980-05-30,223.0,81.7,13.5492019749684,11.06,,
1980-06-02,223.55,82.5,13.5492019749684,11.26,,
1980-06-03,222.7,82.5,13.5492019749684,11.05,,
1980-06-04,221.4,82.5,13.5492019749684,9.22,,
1980-06-05,220.35,82.5,13.5492019749684,10.07,,
1980-06-06,219.3,82.5,13.5492019749684,10.39,,
1980-06-09,216.35,82.5,13.5492019749684,9.6,,
1980-06-10,215.8,82.5,13.5492019749684,8.44,,
1980-06-11,217.75,82.5,13.5492019749684,8.48,,
1980-06-12,216.5,82.5,13.5492019749684,8.64,,
1980-06-13,216.0,82.5,13.5492019749684,8.6,,
1980-06-16,216.0,82.5,13.5492019749684,9.68,,
1980-06-17,216.0,82.5,13.5492019749684,9.53,,
1980-06-18,215.75,82.5,13.5492019749684,9.28,,
1980-06-19,216.35,82.5,13.5492019749684,9.48,,
1980-06-20,217.2,82.5,13.5492019749684,9.43,,
1980-06-23,216.07,82.5,13.5492019749684,9.29,,
1980-06-24,216.6,82.5,13.5492019749684,8.62,,
1980-06-25,217.95,82.5,13.5492019749684,7.9,,
1980-06-26,217.2,82.5,13.5492019749684,9.05,,
1980-06-27,217.55,82.5,13.5492019749684,9.27,,
1980-06-30,219.9,82.5,13.5492019749684,10.44,,
1980-07-01,219.5,82.6,13.5492019749684,9.47,29347.0,31.77687
1980-07-02,218.8,82.6,13.5492019749684,9.1,29347.0,31.77687
1980-07-03,219.0,82.6,13.5492019749684,9.61,29347.0,31.77687
1980-07-04,,82.6,13.5492019749684,9.61,29347.0,31.77687
1980-07-07,217.9,82.6,13.5492019749684,9.35,29347.0,31.77687
1980-07-08,219.1,82.6,13.5492019749684,8.75,29347.0,31.77687
1980-07-09,218.15,82.6,13.5492019749684,8.3,29347.0,31.77687
1980-07-10,216.85,82.6,13.5492019749684,8.81,29347.0,31.77687
1980-07-11,217.7,82.6,13.5492019749684,9.12,29347.0,31.77687
1980-07-14,218.25,82.6,13.5492019749684,9.3,29347.0,31.77687
1980-07-15,219.4,82.6,13.5492019749684,9.09,29347.0,31.77687
1980-07-16,218.8,82.6,13.5492019749684,8.33,29347.0,31.77687
1980-07-17,218.5,82.6,13.5492019749684,8.64,29347.0,31.77687
1980-07-18,220.27,82.6,13.5492019749684,8.74,29347.0,31.77687
1980-07-21,220.38,82.6,13.5492019749684,8.63,29347.0,31.77687
1980-07-22,221.0,82.6,13.5492019749684,8.39,29347.0,31.77687
1980-07-23,224.15,82.6,13.5492019749684,8.86,29347.0,31.77687
1980-07-24,223.2,82.6,13.5492019749684,8.57,29347.0,31.77687
1980-07-25,225.4,82.6,13.5492019749684,8.76,29347.0,31.77687
1980-07-28,227.4,82.6,13.5492019749684,9.1,29347.0,31.77687
1980-07-29,226.8,82.6,13.5492019749684,9.31,29347.0,31.77687
1980-07-30,227.05,82.6,13.5492019749684,9.57,29347.0,31.77687
1980-07-31,227.4,82.6,13.5492019749684,9.93,29347.0,31.77687
1980-08-01,227.0,83.2,13.5492019749684,10.48,,
1980-08-04,226.05,83.2,13.5492019749684,10.04,,
1980-08-05,226.25,83.2,13.5492019749684,8.16,,
1980-08-06,225.3,83.2,13.5492019749684,7.65,,
1980-08-07,225.7,83.2,13.5492019749684,8.86,,
1980-08-08,226.3,83.2,13.5492019749684,9.05,,
1980-08-11,225.78,83.2,13.5492019749684,9.19,,
1980-08-12,222.9,83.2,13.5492019749684,8.67,,
1980-08-13,224.0,83.2,13.5492019749684,8.1,,
1980-08-14,224.4,83.2,13.5492019749684,9.02,,
1980-08-15,225.75,83.2,13.5492019749684,9.05,,
1980-08-18,226.3,83.2,13.5492019749684,9.6,,
1980-08-19,224.38,83.2,13.5492019749684,9.79,,
1980-08-20,224.15,83.2,13.5492019749684,9.92,,
1980-08-21,224.75,83.2,13.5492019749684,9.92,,
1980-08-22,223.8,83.2,13.5492019749684,10.05,,
1980-08-25,223.2,83.2,13.5492019749684,9.97,,
1980-08-26,219.4,83.2,13.5492019749684,9.99,,
1980-08-27,219.68,83.2,13.5492019749684,10.2,,
1980-08-28,218.0,83.2,13.5492019749684,10.58,,
1980-08-29,219.1,83.2,13.5492019749684,10.74,,
1980-09-01,,83.9,13.5492019749684,10.74,,
1980-09-02,215.93,83.9,13.5492019749684,10.3,,
1980-09-03,216.7,83.9,13.5492019749684,9.48,,
1980-09-04,217.2,83.9,13.5492019749684,10.05,,
1980-09-05,218.0,83.9,13.5492019749684,10.28,,
1980-09-08,216.7,83.9,13.5492019749684,10.33,,
1980-09-09,216.8,83.9,13.5492019749684,10.22,,
1980-09-10,216.55,83.9,13.5492019749684,10.09,,
1980-09-11,214.47,83.9,13.5492019749684,10.47,,
1980-09-12,213.2,83.9,13.5492019749684,10.79,,
1980-09-15,212.65,83.9,13.5492019749684,10.96,,
1980-09-16,211.47,83.9,13.5492019749684,10.81,,
1980-09-17,211.95,83.9,13.5492019749684,9.88,,
1980-09-18,212.98,83.9,13.5492019749684,10.86,,
1980-09-19,210.8,83.9,13.5492019749684,10.75,,
1980-09-22,214.8,83.9,13.5492019749684,10.94,,
1980-09-23,218.15,83.9,13.5492019749684,11.01,,
1980-09-24,214.45,83.9,13.5492019749684,10.92,,
1980-09-25,215.0,83.9,13.5492019749684,11.26,,
1980-09-26,211.7,83.9,13.5492019749684,11.95,,
1980-09-29,212.4,83.9,13.5492019749684,13.34,,
1980-09-30,210.85,83.9,13.5492019749684,13.19,,
1980-10-01,208.5,84.7,13.5492019749684,13.05,29813.0,31.157
1980-10-02,208.15,84.7,13.5492019749684,13.45,29813.0,31.157
1980-10-03,207.6,84.7,13.5492019749684,13.31,29813.0,31.157
1980-10-06,207.9,84.7,13.5492019749684,11.9,29813.0,31.157
1980-10-07,208.85,84.7,13.5492019749684,11.7,29813.0,31.157
1980-10-08,208.35,84.7,13.5492019749684,11.14,29813.0,31.157
1980-10-09,208.95,84.7,13.5492019749684,12.45,29813.0,31.157
1980-10-10,209.0,84.7,13.5492019749684,12.79,29813.0,31.157
1980-10-13,,84.7,13.5492019749684,12.79,29813.0,31.157
1980-10-14,206.5,84.7,13.5492019749684,13.17,29813.0,31.157
1980-10-15,207.3,84.7,13.5492019749684,11.69,29813.0,31.157
1980-10-16,208.15,84.7,13.5492019749684,12.85,29813.0,31.157
1980-10-17,208.2,84.7,13.5492019749684,12.31,29813.0,31.157
1980-10-20,208.65,84.7,13.5492019749684,12.37,29813.0,31.157
1980-10-21,207.95,84.7,13.5492019749684,12.61,29813.0,31.157
1980-10-22,209.35,84.7,13.5492019749684,13.11,29813.0,31.157
1980-10-23,210.4,84.7,13.5492019749684,13.16,29813.0,31.157
1980-10-24,212.75,84.7,13.5492019749684,13.19,29813.0,31.157
1980-10-27,213.75,84.7,13.5492019749684,13.27,29813.0,31.157
1980-10-28,213.25,84.7,13.5492019749684,13.02,29813.0,31.157
1980-10-29,210.0,84.7,13.5492019749684,13.15,29813.0,31.157
1980-10-30,210.5,84.7,13.5492019749684,13.77,29813.0,31.157
1980-10-31,211.05,84.7,13.5492019749684,13.77,29813.0,31.157
1980-11-03,210.8,85.6,13.5492019749684,14.06,,
1980-11-04,,85.6,13.5492019749684,14.02,,
1980-11-05,211.35,85.6,13.5492019749684,14.76,,
1980-11-06,212.65,85.6,13.5492019749684,15.35,,
1980-11-07,213.1,85.6,13.5492019749684,15.01,,
1980-11-10,209.5,85.6,13.5492019749684,14.57,,
1980-11-11,,85.6,13.5492019749684,14.57,,
1980-11-12,213.1,85.6,13.5492019749684,13.01,,
1980-11-13,212.3,85.6,13.5492019749684,14.0,,
1980-11-14,212.9,85.6,13.5492019749684,14.23,,
1980-11-17,213.6,85.6,13.5492019749684,16.22,,
1980-11-18,213.3,85.6,13.5492019749684,17.19,,
1980-11-19,212.65,85.6,13.5492019749684,16.41,,
1980-11-20,213.7,85.6,13.5492019749684,17.01,,
1980-11-21,213.8,85.6,13.5492019749684,17.63,,
1980-11-24,213.35,85.6,13.5492019749684,17.11,,
1980-11-25,213.65,85.6,13.5492019749684,16.69,,
1980-11-26,216.45,85.6,13.5492019749684,18.33,,
1980-11-27,,85.6,13.5492019749684,18.33,,
1980-11-28,216.6,85.6,13.5492019749684,18.56,,
1980-12-01,217.85,86.4,13.5492019749684,17.71,,
1980-12-02,216.55,86.4,13.5492019749684,16.75,,
1980-12-03,213.55,86.4,13.5492019749684,15.58,,
1980-12-04,211.0,86.4,13.5492019749684,18.11,,
1980-12-05,211.6,86.4,13.5492019749684,19.32,,
1980-12-08,208.5,86.4,13.5492019749684,18.8,,
1980-12-09,209.1,86.4,13.5492019749684,18.37,,
1980-12-10,210.1,86.4,13.5492019749684,18.52,,
1980-12-11,210.45,86.4,13.5492019749684,20.14,,
1980-12-12,210.5,86.4,13.5492019749684,19.44,,
1980-12-15,209.4,86.4,13.5492019749684,19.62,,
1980-12-16,208.75,86.4,13.5492019749684,20.45,,
1980-12-17,208.9,86.4,13.5492019749684,20.27,,
1980-12-18,209.5,86.4,13.5492019749684,20.74,,
1980-12-19,208.2,86.4,13.5492019749684,20.07,,
1980-12-22,207.65,86.4,13.5492019749684,19.75,,
1980-12-23,207.9,86.4,13.5492019749684,18.84,,
1980-12-24,208.0,86.4,13.5492019749684,16.52,,
1980-12-25,,86.4,13.5492019749684,16.52,,
1980-12-26,208.4,86.4,13.5492019749684,17.26,,
1980-12-29,206.65,86.4,13.5492019749684,17.93,,
1980-12-30,203.1,86.4,13.5492019749684,20.89,,
1980-12-31,203.1,86.4,13.5492019749684,22.0,,
1981-01-01,,87.2,10.3347153402771,22.0,30335.0,30.87284
1981-01-02,202.5,87.2,10.3347153402771,20.05,30335.0,30.87284
1981-01-05,199.05,87.2,10.3347153402771,19.39,30335.0,30.87284
1981-01-06,199.7,87.2,10.3347153402771,19.97,30335.0,30.87284
1981-01-07,201.05,87.2,10.3347153402771,18.9,30335.0,30.87284
1981-01-08,201.7,87.2,10.3347153402771,19.49,30335.0,30.87284
1981-01-09,203.0,87.2,10.3347153402771,19.58,30335.0,30.87284
1981-01-12,204.1,87.2,10.3347153402771,19.87,30335.0,30.87284
1981-01-13,203.3,87.2,10.3347153402771,19.97,30335.0,30.87284
1981-01-14,203.05,87.2,10.3347153402771,19.38,30335.0,30.87284
1981-01-15,201.75,87.2,10.3347153402771,19.52,30335.0,30.87284
1981-01-16,202.9,87.2,10.3347153402771,19.82,30335.0,30.87284
1981-01-19,202.3,87.2,10.3347153402771,19.88,30335.0,30.87284
1981-01-20,200.65,87.2,10.3347153402771,18.94,30335.0,30.87284
1981-01-21,199.2,87.2,10.3347153402771,17.63,30335.0,30.87284
1981-01-22,200.85,87.2,10.3347153402771,19.05,30335.0,30.87284
1981-01-23,202.75,87.2,10.3347153402771,18.7,30335.0,30.87284
1981-01-26,203.55,87.2,10.3347153402771,18.69,30335.0,30.87284
1981-01-27,202.5,87.2,10.3347153402771,17.98,30335.0,30.87284
1981-01-28,204.5,87.2,10.3347153402771,15.03,30335.0,30.87284
1981-01-29,204.6,87.2,10.3347153402771,16.98,30335.0,30.87284
1981-01-30,206.7,87.2,10.3347153402771,17.25,30335.0,30.87284
1981-02-02,203.15,88.0,10.3347153402771,17.54,,
1981-02-03,204.05,88.0,10.3347153402771,17.76,,
1981-02-04,202.9,88.0,10.3347153402771,16.33,,
1981-02-05,202.95,88.0,10.3347153402771,16.8,,
1981-02-06,203.8,88.0,10.3347153402771,16.94,,
1981-02-09,203.9,88.0,10.3347153402771,16.89,,
1981-02-10,203.9,88.0,10.3347153402771,16.72,,
1981-02-11,203.9,88.0,10.3347153402771,14.33,,
1981-02-12,,88.0,10.3347153402771,14.71,,
1981-02-13,207.45,88.0,10.3347153402771,16.2,,
1981-02-16,,88.0,10.3347153402771,16.2,,
1981-02-17,206.8,88.0,10.3347153402771,16.44,,
1981-02-18,206.55,88.0,10.3347153402771,14.73,,
1981-02-19,206.8,88.0,10.3347153402771,15.63,,
1981-02-20,206.8,88.0,10.3347153402771,14.62,,
1981-02-23,208.05,88.0,10.3347153402771,14.83,,
1981-02-24,207.0,88.0,10.3347153402771,15.03,,
1981-02-25,207.3,88.0,10.3347153402771,15.39,,
1981-02-26,207.9,88.0,10.3347153402771,15.24,,
1981-02-27,209.7,88.0,10.3347153402771,15.53,,
1981-03-02,211.1,88.6,10.3347153402771,15.96,,
1981-03-03,208.6,88.6,10.3347153402771,16.51,,
1981-03-04,208.6,88.6,10.3347153402771,15.84,,
1981-03-05,208.9,88.6,10.3347153402771,16.11,,
1981-03-06,209.0,88.6,10.3347153402771,15.94,,
1981-03-09,206.0,88.6,10.3347153402771,15.67,,
1981-03-10,207.0,88.6,10.3347153402771,15.15,,
1981-03-11,207.6,88.6,10.3347153402771,13.96,,
1981-03-12,207.6,88.6,10.3347153402771,14.61,,
1981-03-13,207.55,88.6,10.3347153402771,14.28,,
1981-03-16,207.27,88.6,10.3347153402771,14.18,,
1981-03-17,207.7,88.6,10.3347153402771,14.27,,
1981-03-18,207.6,88.6,10.3347153402771,13.0,,
1981-03-19,208.75,88.6,10.3347153402771,13.05,,
1981-03-20,208.25,88.6,10.3347153402771,13.16,,
1981-03-23,208.6,88.6,10.3347153402771,13.47,,
1981-03-24,208.55,88.6,10.3347153402771,13.69,,
1981-03-25,208.85,88.6,10.3347153402771,14.7,,
1981-03-26,211.45,88.6,10.3347153402771,14.82,,
1981-03-27,211.8,88.6,10.3347153402771,15.1,,
1981-03-30,211.4,88.6,10.3347153402771,15.23,,
1981-03-31,211.25,88.6,10.3347153402771,14.63,,
1981-04-01,212.4,89.1,10.3347153402771,14.51,30042.0,30.70875
1981-04-02,213.8,89.1,10.3347153402771,14.86,30042.0,30.70875
1981-04-03,213.2,89.1,10.3347153402771,15.77,30042.0,30.70875
1981-04-06,214.0,89.1,10.3347153402771,16.03,30042.0,30.70875
1981-04-07,213.1,89.1,10.3347153402771,15.6,30042.0,30.70875
1981-04-08,213.45,89.1,10.3347153402771,14.2,30042.0,30.70875
1981-04-09,214.1,89.1,10.3347153402771,15.54,30042.0,30.70875
1981-04-10,215.17,89.1,10.3347153402771,15.56,30042.0,30.70875
1981-04-13,216.25,89.1,10.3347153402771,15.6,30042.0,30.70875
1981-04-14,215.22,89.1,10.3347153402771,14.94,30042.0,30.70875
1981-04-15,216.7,89.1,10.3347153402771,14.56,30042.0,30.70875
1981-04-16,216.8,89.1,10.3347153402771,15.67,30042.0,30.70875
1981-04-17,217.5,89.1,10.3347153402771,15.17,30042.0,30.70875
1981-04-20,218.2,89.1,10.3347153402771,15.6,30042.0,30.70875
1981-04-21,218.35,89.1,10.3347153402771,15.86,30042.0,30.70875
1981-04-22,216.85,89.1,10.3347153402771,16.24,30042.0,30.70875
1981-04-23,215.2,89.1,10.3347153402771,15.76,30042.0,30.70875
1981-04-24,214.3,89.1,10.3347153402771,15.32,30042.0,30.70875
1981-04-27,212.1,89.1,10.3347153402771,16.08,30042.0,30.70875
1981-04-28,212.3,89.1,10.3347153402771,17.12,30042.0,30.70875
1981-04-29,214.7,89.1,10.3347153402771,19.02,30042.0,30.70875
1981-04-30,215.78,89.1,10.3347153402771,18.92,30042.0,30.70875
1981-05-01,215.75,89.7,10.3347153402771,19.79,,
1981-05-04,217.1,89.7,10.3347153402771,18.67,,
1981-05-05,217.8,89.7,10.3347153402771,18.39,,
1981-05-06,216.9,89.7,10.3347153402771,17.02,,
1981-05-07,217.9,89.7,10.3347153402771,18.41,,
1981-05-08,217.6,89.7,10.3347153402771,18.14,,
1981-05-11,217.95,89.7,10.3347153402771,18.28,,
1981-05-12,219.75,89.7,10.3347153402771,18.08,,
1981-05-13,220.45,89.7,10.3347153402771,18.26,,
1981-05-14,222.35,89.7,10.3347153402771,18.83,,
1981-05-15,223.05,89.7,10.3347153402771,18.49,,
1981-05-18,221.97,89.7,10.3347153402771,18.52,,
1981-05-19,221.0,89.7,10.3347153402771,18.75,,
1981-05-20,220.8,89.7,10.3347153402771,20.64,,
1981-05-21,222.5,89.7,10.3347153402771,20.27,,
1981-05-22,222.5,89.7,10.3347153402771,19.29,,
1981-05-25,,89.7,10.3347153402771,19.29,,
1981-05-26,224.35,89.7,10.3347153402771,17.97,,
1981-05-27,224.95,89.7,10.3347153402771,15.54,,
1981-05-28,224.0,89.7,10.3347153402771,17.32,,
1981-05-29,223.9,89.7,10.3347153402771,17.56,,
1981-06-01,222.5,90.5,10.3347153402771,19.01,,
1981-06-02,223.85,90.5,10.3347153402771,19.45,,
1981-06-03,223.4,90.5,10.3347153402771,20.35,,
1981-06-04,226.4,90.5,10.3347153402771,20.05,,
1981-06-05,227.8,90.5,10.3347153402771,19.99,,
1981-06-08,227.9,90.5,10.3347153402771,18.73,,
1981-06-09,228.1,90.5,10.3347153402771,18.36,,
1981-06-10,225.45,90.5,10.3347153402771,18.22,,
1981-06-11,226.1,90.5,10.3347153402771,18.76,,
1981-06-12,224.15,90.5,10.3347153402771,18.33,,
1981-06-15,219.7,90.5,10.3347153402771,18.83,,
1981-06-16,220.15,90.5,10.3347153402771,19.39,,
1981-06-17,220.9,90.5,10.3347153402771,21.71,,
1981-06-18,222.1,90.5,10.3347153402771,20.68,,
1981-06-19,223.35,90.5,10.3347153402771,20.61,,
1981-06-22,222.52,90.5,10.3347153402771,18.75,,
1981-06-23,221.8,90.5,10.3347153402771,16.75,,
1981-06-24,222.8,90.5,10.3347153402771,16.37,,
1981-06-25,225.45,90.5,10.3347153402771,18.43,,
1981-06-26,224.85,90.5,10.3347153402771,18.39,,
1981-06-29,225.85,90.5,10.3347153402771,18.55,,
1981-06-30,226.85,90.5,10.3347153402771,18.64,,
1981-07-01,228.25,91.5,10.3347153402771,21.09,30319.0,30.60333
1981-07-02,226.75,91.5,10.3347153402771,20.54,30319.0,30.60333
1981-07-03,228.5,91.5,10.3347153402771,19.83,30319.0,30.60333
1981-07-06,229.83,91.5,10.3347153402771,19.94,30319.0,30.60333
1981-07-07,228.75,91.5,10.3347153402771,19.71,30319.0,30.60333
1981-07-08,229.45,91.5,10.3347153402771,19.82,30319.0,30.60333
1981-07-09,228.85,91.5,10.3347153402771,20.34,30319.0,30.60333
1981-07-10,228.3,91.5,10.3347153402771,19.06,30319.0,30.60333
1981-07-13,228.3,91.5,10.3347153402771,18.42,30319.0,30.60333
1981-07-14,231.0,91.5,10.3347153402771,17.65,30319.0,30.60333
1981-07-15,230.6,91.5,10.3347153402771,17.72,30319.0,30.60333
1981-07-16,231.28,91.5,10.3347153402771,18.8,30319.0,30.60333
1981-07-17,231.97,91.5,10.3347153402771,17.88,30319.0,30.60333
1981-07-20,233.0,91.5,10.3347153402771,18.58,30319.0,30.60333
1981-07-21,234.35,91.5,10.3347153402771,19.98,30319.0,30.60333
1981-07-22,234.5,91.5,10.3347153402771,22.36,30319.0,30.60333
1981-07-23,234.9,91.5,10.3347153402771,20.05,30319.0,30.60333
1981-07-24,234.52,91.5,10.3347153402771,18.65,30319.0,30.60333
1981-07-27,236.1,91.5,10.3347153402771,18.15,30319.0,30.60333
1981-07-28,237.25,91.5,10.3347153402771,18.15,30319.0,30.60333
1981-07-29,237.85,91.5,10.3347153402771,17.5,30319.0,30.60333
1981-07-30,238.8,91.5,10.3347153402771,17.59,30319.0,30.60333
1981-07-31,240.4,91.5,10.3347153402771,17.46,30319.0,30.60333
1981-08-03,245.4,92.2,10.3347153402771,18.81,,
1981-08-04,246.1,92.2,10.3347153402771,19.92,,
1981-08-05,240.9,92.2,10.3347153402771,19.06,,
1981-08-06,239.9,92.2,10.3347153402771,18.96,,
1981-08-07,234.9,92.2,10.3347153402771,18.51,,
1981-08-10,236.1,92.2,10.3347153402771,18.11,,
1981-08-11,235.75,92.2,10.3347153402771,17.85,,
1981-08-12,230.2,92.2,10.3347153402771,17.58,,
1981-08-13,231.7,92.2,10.3347153402771,17.92,,
1981-08-14,233.75,92.2,10.3347153402771,17.53,,
1981-08-17,229.8,92.2,10.3347153402771,18.3,,
1981-08-18,229.2,92.2,10.3347153402771,19.75,,
1981-08-19,230.35,92.2,10.3347153402771,18.77,,
1981-08-20,228.9,92.2,10.3347153402771,18.38,,
1981-08-21,227.25,92.2,10.3347153402771,17.53,,
1981-08-24,228.4,92.2,10.3347153402771,17.92,,
1981-08-25,230.6,92.2,10.3347153402771,17.21,,
1981-08-26,230.1,92.2,10.3347153402771,15.77,,
1981-08-27,230.95,92.2,10.3347153402771,17.13,,
1981-08-28,229.1,92.2,10.3347153402771,16.15,,
1981-08-31,230.5,92.2,10.3347153402771,16.83,,
1981-09-01,230.95,93.1,10.3347153402771,17.52,,
1981-09-02,229.7,93.1,10.3347153402771,18.32,,
1981-09-03,230.4,93.1,10.3347153402771,17.16,,
1981-09-04,229.7,93.1,10.3347153402771,16.42,,
1981-09-07,,93.1,10.3347153402771,16.42,,
1981-09-08,232.5,93.1,10.3347153402771,16.7,,
1981-09-09,233.8,93.1,10.3347153402771,15.94,,
1981-09-10,230.9,93.1,10.3347153402771,16.53,,
1981-09-11,231.35,93.1,10.3347153402771,16.15,,
1981-09-14,230.2,93.1,10.3347153402771,16.11,,
1981-09-15,225.7,93.1,10.3347153402771,15.78,,
1981-09-16,226.95,93.1,10.3347153402771,15.73,,
1981-09-17,226.3,93.1,10.3347153402771,15.86,,
1981-09-18,226.3,93.1,10.3347153402771,15.71,,
1981-09-21,224.2,93.1,10.3347153402771,15.43,,
1981-09-22,226.8,93.1,10.3347153402771,14.64,,
1981-09-23,227.9,93.1,10.3347153402771,14.27,,
1981-09-24,229.1,93.1,10.3347153402771,15.04,,
1981-09-25,229.7,93.1,10.3347153402771,14.39,,
1981-09-28,232.45,93.1,10.3347153402771,14.95,,
1981-09-29,231.9,93.1,10.3347153402771,15.23,,
1981-09-30,232.3,93.1,10.3347153402771,16.58,,
1981-10-01,233.1,93.4,10.3347153402771,16.96,29911.0,31.35587
1981-10-02,232.05,93.4,10.3347153402771,16.57,29911.0,31.35587
1981-10-05,227.6,93.4,10.3347153402771,14.88,29911.0,31.35587
1981-10-06,230.4,93.4,10.3347153402771,13.3,29911.0,31.35587
1981-10-07,228.5,93.4,10.3347153402771,13.4,29911.0,31.35587
1981-10-08,228.35,93.4,10.3347153402771,14.51,29911.0,31.35587
1981-10-09,226.55,93.4,10.3347153402771,14.71,29911.0,31.35587
1981-10-12,,93.4,10.3347153402771,14.71,29911.0,31.35587
1981-10-13,228.6,93.4,10.3347153402771,14.89,29911.0,31.35587
1981-10-14,228.75,93.4,10.3347153402771,16.28,29911.0,31.35587
1981-10-15,230.6,93.4,10.3347153402771,15.17,29911.0,31.35587
1981-10-16,230.6,93.4,10.3347153402771,15.1,29911.0,31.35587
1981-10-19,232.35,93.4,10.3347153402771,15.39,29911.0,31.35587
1981-10-20,232.7,93.4,10.3347153402771,15.73,29911.0,31.35587
1981-10-21,233.7,93.4,10.3347153402771,15.66,29911.0,31.35587
1981-10-22,233.65,93.4,10.3347153402771,15.56,29911.0,31.35587
1981-10-23,232.3,93.4,10.3347153402771,14.98,29911.0,31.35587
1981-10-26,236.15,93.4,10.3347153402771,14.69,29911.0,31.35587
1981-10-27,234.75,93.4,10.3347153402771,14.6,29911.0,31.35587
1981-10-28,234.05,93.4,10.3347153402771,14.31,29911.0,31.35587
1981-10-29,234.35,93.4,10.3347153402771,14.48,29911.0,31.35587
1981-10-30,232.8,93.4,10.3347153402771,14.44,29911.0,31.35587
1981-11-02,229.15,93.8,10.3347153402771,15.06,,
1981-11-03,,93.8,10.3347153402771,15.15,,
1981-11-04,227.3,93.8,10.3347153402771,15.5,,
1981-11-05,228.5,93.8,10.3347153402771,14.6,,
1981-11-06,229.05,93.8,10.3347153402771,13.79,,
1981-11-09,226.78,93.8,10.3347153402771,13.51,,
1981-11-10,229.85,93.8,10.3347153402771,14.29,,
1981-11-11,,93.8,10.3347153402771,14.29,,
1981-11-12,227.25,93.8,10.3347153402771,13.56,,
1981-11-13,227.35,93.8,10.3347153402771,13.08,,
1981-11-16,225.7,93.8,10.3347153402771,13.33,,
1981-11-17,224.25,93.8,10.3347153402771,13.16,,
1981-11-18,222.2,93.8,10.3347153402771,12.9,,
1981-11-19,220.3,93.8,10.3347153402771,12.94,,
1981-11-20,218.65,93.8,10.3347153402771,12.38,,
1981-11-23,217.6,93.8,10.3347153402771,12.15,,
1981-11-24,215.9,93.8,10.3347153402771,11.97,,
1981-11-25,216.6,93.8,10.3347153402771,12.71,,
1981-11-26,,93.8,10.3347153402771,12.71,,
1981-11-27,215.65,93.8,10.3347153402771,12.25,,
1981-11-30,214.2,93.8,10.3347153402771,12.44,,
1981-12-01,216.4,94.1,10.3347153402771,13.03,,
1981-12-02,214.7,94.1,10.3347153402771,12.43,,
1981-12-03,216.65,94.1,10.3347153402771,12.65,,
1981-12-04,216.5,94.1,10.3347153402771,11.83,,
1981-12-07,217.55,94.1,10.3347153402771,11.89,,
1981-12-08,218.0,94.1,10.3347153402771,11.95,,
1981-12-09,218.4,94.1,10.3347153402771,12.27,,
1981-12-10,218.6,94.1,10.3347153402771,12.3,,
1981-12-11,219.3,94.1,10.3347153402771,12.22,,
1981-12-14,220.75,94.1,10.3347153402771,12.28,,
1981-12-15,217.5,94.1,10.3347153402771,12.25,,
1981-12-16,218.3,94.1,10.3347153402771,12.35,,
1981-12-17,218.45,94.1,10.3347153402771,12.38,,
1981-12-18,219.0,94.1,10.3347153402771,12.28,,
1981-12-21,220.05,94.1,10.3347153402771,12.33,,
1981-12-22,219.35,94.1,10.3347153402771,12.54,,
1981-12-23,220.7,94.1,10.3347153402771,12.92,,
1981-12-24,222.1,94.1,10.3347153402771,12.3,,
1981-12-25,,94.1,10.3347153402771,12.3,,
1981-12-28,222.8,94.1,10.3347153402771,12.72,,
1981-12-29,222.3,94.1,10.3347153402771,12.97,,
1981-12-30,219.8,94.1,10.3347153402771,12.86,,
1981-12-31,219.8,94.1,10.3347153402771,13.13,,
1982-01-01,,94.4,6.13142700027494,13.13,29384.0,32.41298
1982-01-04,218.75,94.4,6.13142700027494,13.31,29384.0,32.41298
1982-01-05,219.7,94.4,6.13142700027494,12.9,29384.0,32.41298
1982-01-06,219.6,94.4,6.13142700027494,12.12,29384.0,32.41298
1982-01-07,222.0,94.4,6.13142700027494,12.37,29384.0,32.41298
1982-01-08,221.4,94.4,6.13142700027494,12.12,29384.0,32.41298
1982-01-11,223.3,94.4,6.13142700027494,12.64,29384.0,32.41298
1982-01-12,223.05,94.4,6.13142700027494,12.88,29384.0,32.41298
1982-01-13,224.35,94.4,6.13142700027494,12.66,29384.0,32.41298
1982-01-14,224.5,94.4,6.13142700027494,12.75,29384.0,32.41298
1982-01-15,224.5,94.4,6.13142700027494,12.47,29384.0,32.41298
1982-01-18,225.35,94.4,6.13142700027494,12.92,29384.0,32.41298
1982-01-19,224.5,94.4,6.13142700027494,13.35,29384.0,32.41298
1982-01-20,225.5,94.4,6.13142700027494,14.26,29384.0,32.41298
1982-01-21,225.65,94.4,6.13142700027494,13.51,29384.0,32.41298
1982-01-22,227.4,94.4,6.13142700027494,13.8,29384.0,32.41298
1982-01-25,229.4,94.4,6.13142700027494,14.89,29384.0,32.41298
1982-01-26,228.25,94.4,6.13142700027494,14.04,29384.0,32.41298
1982-01-27,229.6,94.4,6.13142700027494,13.99,29384.0,32.41298
1982-01-28,231.0,94.4,6.13142700027494,14.06,29384.0,32.41298
1982-01-29,228.3,94.4,6.13142700027494,14.21,29384.0,32.41298
1982-02-01,232.6,94.7,6.13142700027494,15.69,,
1982-02-02,233.25,94.7,6.13142700027494,15.34,,
1982-02-03,234.8,94.7,6.13142700027494,15.65,,
1982-02-04,233.15,94.7,6.13142700027494,15.27,,
1982-02-05,233.5,94.7,6.13142700027494,15.22,,
1982-02-08,234.75,94.7,6.13142700027494,14.88,,
1982-02-09,236.5,94.7,6.13142700027494,15.1,,
1982-02-10,236.35,94.7,6.13142700027494,15.44,,
1982-02-11,235.75,94.7,6.13142700027494,15.87,,
1982-02-12,,94.7,6.13142700027494,15.54,,
1982-02-15,,94.7,6.13142700027494,15.54,,
1982-02-16,240.65,94.7,6.13142700027494,16.36,,
1982-02-17,240.35,94.7,6.13142700027494,14.88,,
1982-02-18,235.5,94.7,6.13142700027494,15.07,,
1982-02-19,233.6,94.7,6.13142700027494,14.2,,
1982-02-22,232.1,94.7,6.13142700027494,13.83,,
1982-02-23,234.9,94.7,6.13142700027494,13.1,,
1982-02-24,234.45,94.7,6.13142700027494,12.44,,
1982-02-25,236.05,94.7,6.13142700027494,13.26,,
1982-02-26,237.25,94.7,6.13142700027494,13.74,,
1982-03-01,238.3,94.7,6.13142700027494,14.11,,
1982-03-02,237.7,94.7,6.13142700027494,14.63,,
1982-03-03,236.6,94.7,6.13142700027494,15.26,,
1982-03-04,236.55,94.7,6.13142700027494,14.4,,
1982-03-05,233.9,94.7,6.13142700027494,14.37,,
1982-03-08,234.3,94.7,6.13142700027494,13.75,,
1982-03-09,237.55,94.7,6.13142700027494,14.01,,
1982-03-10,237.25,94.7,6.13142700027494,15.21,,
1982-03-11,239.4,94.7,6.13142700027494,14.52,,
1982-03-12,240.1,94.7,6.13142700027494,14.72,,
1982-03-15,240.5,94.7,6.13142700027494,15.21,,
1982-03-16,241.6,94.7,6.13142700027494,15.43,,
1982-03-17,241.4,94.7,6.13142700027494,14.92,,
1982-03-18,242.1,94.7,6.13142700027494,14.97,,
1982-03-19,244.0,94.7,6.13142700027494,14.9,,
1982-03-22,245.3,94.7,6.13142700027494,14.43,,
1982-03-23,244.9,94.7,6.13142700027494,13.88,,
1982-03-24,243.6,94.7,6.13142700027494,13.37,,
1982-03-25,245.35,94.7,6.13142700027494,14.11,,
1982-03-26,247.1,94.7,6.13142700027494,14.39,,
1982-03-29,247.2,94.7,6.13142700027494,15.37,,
1982-03-30,245.3,94.7,6.13142700027494,15.49,,
1982-03-31,248.25,94.7,6.13142700027494,16.8,,
1982-04-01,246.2,95.0,6.13142700027494,15.48,29453.0,32.40213
1982-04-02,245.6,95.0,6.13142700027494,16.02,29453.0,32.40213
1982-04-05,248.4,95.0,6.13142700027494,14.62,29453.0,32.40213
1982-04-06,248.4,95.0,6.13142700027494,14.21,29453.0,32.40213
1982-04-07,245.9,95.0,6.13142700027494,13.69,29453.0,32.40213
1982-04-08,248.75,95.0,6.13142700027494,14.61,29453.0,32.40213
1982-04-09,248.05,95.0,6.13142700027494,14.28,29453.0,32.40213
1982-04-12,248.0,95.0,6.13142700027494,14.33,29453.0,32.40213
1982-04-13,246.7,95.0,6.13142700027494,14.74,29453.0,32.40213
1982-04-14,247.45,95.0,6.13142700027494,16.25,29453.0,32.40213
1982-04-15,248.4,95.0,6.13142700027494,15.81,29453.0,32.40213
1982-04-16,247.8,95.0,6.13142700027494,15.27,29453.0,32.40213
1982-04-19,245.0,95.0,6.13142700027494,14.87,29453.0,32.40213
1982-04-20,243.15,95.0,6.13142700027494,14.34,29453.0,32.40213
1982-04-21,243.2,95.0,6.13142700027494,14.26,29453.0,32.40213
1982-04-22,242.8,95.0,6.13142700027494,14.81,29453.0,32.40213
1982-04-23,241.15,95.0,6.13142700027494,14.63,29453.0,32.40213
1982-04-26,238.4,95.0,6.13142700027494,14.3,29453.0,32.40213
1982-04-27,238.0,95.0,6.13142700027494,13.92,29453.0,32.40213
1982-04-28,237.25,95.0,6.13142700027494,16.1,29453.0,32.40213
1982-04-29,235.9,95.0,6.13142700027494,15.89,29453.0,32.40213
1982-04-30,235.85,95.0,6.13142700027494,15.28,29453.0,32.40213
1982-05-03,236.6,95.9,6.13142700027494,15.27,,
1982-05-04,237.55,95.9,6.13142700027494,15.94,,
1982-05-05,234.1,95.9,6.13142700027494,15.74,,
1982-05-06,233.55,95.9,6.13142700027494,15.25,,
1982-05-07,232.92,95.9,6.13142700027494,14.9,,
1982-05-10,233.3,95.9,6.13142700027494,14.59,,
1982-05-11,232.85,95.9,6.13142700027494,14.89,,
1982-05-12,233.8,95.9,6.13142700027494,15.38,,
1982-05-13,235.2,95.9,6.13142700027494,14.89,,
1982-05-14,235.25,95.9,6.13142700027494,14.52,,
1982-05-17,236.85,95.9,6.13142700027494,14.68,,
1982-05-18,237.25,95.9,6.13142700027494,14.7,,
1982-05-19,238.95,95.9,6.13142700027494,14.86,,
1982-05-20,238.3,95.9,6.13142700027494,14.28,,
1982-05-21,237.6,95.9,6.13142700027494,13.56,,
1982-05-24,238.4,95.9,6.13142700027494,13.71,,
1982-05-25,240.2,95.9,6.13142700027494,13.94,,
1982-05-26,240.4,95.9,6.13142700027494,13.27,,
1982-05-27,242.9,95.9,6.13142700027494,13.69,,
1982-05-28,243.3,95.9,6.13142700027494,13.38,,
1982-05-31,,95.9,6.13142700027494,13.38,,
1982-06-01,244.3,97.0,6.13142700027494,13.76,,
1982-06-02,244.7,97.0,6.13142700027494,13.05,,
1982-06-03,243.2,97.0,6.13142700027494,13.54,,
1982-06-04,243.65,97.0,6.13142700027494,13.55,,
1982-06-07,245.65,97.0,6.13142700027494,13.54,,
1982-06-08,247.0,97.0,6.13142700027494,13.62,,
1982-06-09,248.95,97.0,6.13142700027494,13.83,,
1982-06-10,249.3,97.0,6.13142700027494,13.95,,
1982-06-11,247.55,97.0,6.13142700027494,14.11,,
1982-06-14,250.65,97.0,6.13142700027494,14.26,,
1982-06-15,251.65,97.0,6.13142700027494,14.5,,
1982-06-16,252.85,97.0,6.13142700027494,14.66,,
1982-06-17,254.5,97.0,6.13142700027494,14.48,,
1982-06-18,255.15,97.0,6.13142700027494,14.11,,
1982-06-21,257.15,97.0,6.13142700027494,14.05,,
1982-06-22,254.5,97.0,6.13142700027494,14.05,,
1982-06-23,256.0,97.0,6.13142700027494,14.3,,
1982-06-24,252.4,97.0,6.13142700027494,14.71,,
1982-06-25,257.7,97.0,6.13142700027494,14.9,,
1982-06-28,258.95,97.0,6.13142700027494,14.98,,
1982-06-29,255.55,97.0,6.13142700027494,14.71,,
1982-06-30,255.0,97.0,6.13142700027494,14.58,,
1982-07-01,255.95,97.5,6.13142700027494,14.73,29265.0,33.9253
1982-07-02,257.0,97.5,6.13142700027494,14.61,29265.0,33.9253
1982-07-05,,97.5,6.13142700027494,14.61,29265.0,33.9253
1982-07-06,257.7,97.5,6.13142700027494,14.53,29265.0,33.9253
1982-07-07,259.0,97.5,6.13142700027494,13.57,29265.0,33.9253
1982-07-08,257.85,97.5,6.13142700027494,13.86,29265.0,33.9253
1982-07-09,255.8,97.5,6.13142700027494,13.05,29265.0,33.9253
1982-07-12,254.25,97.5,6.13142700027494,13.12,29265.0,33.9253
1982-07-13,257.5,97.5,6.13142700027494,13.25,29265.0,33.9253
1982-07-14,256.35,97.5,6.13142700027494,12.88,29265.0,33.9253
1982-07-15,255.95,97.5,6.13142700027494,13.07,29265.0,33.9253
1982-07-16,254.05,97.5,6.13142700027494,12.64,29265.0,33.9253
1982-07-19,254.65,97.5,6.13142700027494,12.09,29265.0,33.9253
1982-07-20,253.75,97.5,6.13142700027494,11.22,29265.0,33.9253
1982-07-21,252.05,97.5,6.13142700027494,10.71,29265.0,33.9253
1982-07-22,251.85,97.5,6.13142700027494,11.04,29265.0,33.9253
1982-07-23,249.2,97.5,6.13142700027494,10.65,29265.0,33.9253
1982-07-26,250.95,97.5,6.13142700027494,10.84,29265.0,33.9253
1982-07-27,252.3,97.5,6.13142700027494,11.28,29265.0,33.9253
1982-07-28,254.8,97.5,6.13142700027494,12.01,29265.0,33.9253
1982-07-29,256.6,97.5,6.13142700027494,11.71,29265.0,33.9253
1982-07-30,258.1,97.5,6.13142700027494,11.41,29265.0,33.9253
1982-08-02,256.6,97.7,6.13142700027494,10.83,,
1982-08-03,257.85,97.7,6.13142700027494,10.61,,
1982-08-04,260.35,97.7,6.13142700027494,10.68,,
1982-08-05,259.85,97.7,6.13142700027494,10.76,,
1982-08-06,260.1,97.7,6.13142700027494,10.82,,
1982-08-09,262.3,97.7,6.13142700027494,11.07,,
1982-08-10,263.9,97.7,6.13142700027494,10.99,,
1982-08-11,263.4,97.7,6.13142700027494,11.0,,
1982-08-12,263.2,97.7,6.13142700027494,10.88,,
1982-08-13,262.1,97.7,6.13142700027494,10.38,,
1982-08-16,264.05,97.7,6.13142700027494,9.91,,
1982-08-17,264.05,97.7,6.13142700027494,9.74,,
1982-08-18,259.2,97.7,6.13142700027494,9.13,,
1982-08-19,258.35,97.7,6.13142700027494,9.1,,
1982-08-20,254.75,97.7,6.13142700027494,8.75,,
1982-08-23,254.6,97.7,6.13142700027494,9.01,,
1982-08-24,251.5,97.7,6.13142700027494,9.03,,
1982-08-25,251.0,97.7,6.13142700027494,9.91,,
1982-08-26,253.2,97.7,6.13142700027494,9.36,,
1982-08-27,256.6,97.7,6.13142700027494,9.91,,
1982-08-30,260.95,97.7,6.13142700027494,10.06,,
1982-08-31,261.1,97.7,6.13142700027494,10.63,,
1982-09-01,259.1,97.7,6.13142700027494,11.28,,
1982-09-02,256.2,97.7,6.13142700027494,10.55,,
1982-09-03,257.8,97.7,6.13142700027494,10.25,,
1982-09-06,,97.7,6.13142700027494,10.25,,
1982-09-07,257.45,97.7,6.13142700027494,9.74,,
1982-09-08,259.5,97.7,6.13142700027494,9.68,,
1982-09-09,258.65,97.7,6.13142700027494,9.99,,
1982-09-10,262.65,97.7,6.13142700027494,10.08,,
1982-09-13,264.0,97.7,6.13142700027494,10.58,,
1982-09-14,263.25,97.7,6.13142700027494,10.43,,
1982-09-15,263.4,97.7,6.13142700027494,10.63,,
1982-09-16,263.4,97.7,6.13142700027494,10.76,,
1982-09-17,263.2,97.7,6.13142700027494,10.33,,
1982-09-20,264.5,97.7,6.13142700027494,10.18,,
1982-09-21,265.1,97.7,6.13142700027494,10.11,,
1982-09-22,262.65,97.7,6.13142700027494,10.13,,
1982-09-23,264.95,97.7,6.13142700027494,10.38,,
1982-09-24,266.25,97.7,6.13142700027494,10.23,,
1982-09-27,269.8,97.7,6.13142700027494,10.18,,
1982-09-28,270.0,97.7,6.13142700027494,9.7,,
1982-09-29,268.85,97.7,6.13142700027494,9.88,,
1982-09-30,268.3,97.7,6.13142700027494,12.17,,
1982-10-01,268.9,98.1,6.13142700027494,10.87,29205.0,35.18156
1982-10-04,273.5,98.1,6.13142700027494,10.9,29205.0,35.18156
1982-10-05,273.8,98.1,6.13142700027494,10.27,29205.0,35.18156
1982-10-06,273.95,98.1,6.13142700027494,9.45,29205.0,35.18156
1982-10-07,270.1,98.1,6.13142700027494,9.82,29205.0,35.18156
1982-10-08,267.7,98.1,6.13142700027494,9.63,29205.0,35.18156
1982-10-11,,98.1,6.13142700027494,9.63,29205.0,35.18156
1982-10-12,262.6,98.1,6.13142700027494,9.2,29205.0,35.18156
1982-10-13,266.65,98.1,6.13142700027494,9.69,29205.0,35.18156
1982-10-14,268.5,98.1,6.13142700027494,9.57,29205.0,35.18156
1982-10-15,269.7,98.1,6.13142700027494,9.43,29205.0,35.18156
1982-10-18,268.55,98.1,6.13142700027494,9.59,29205.0,35.18156
1982-10-19,268.3,98.1,6.13142700027494,9.42,29205.0,35.18156
1982-10-20,270.4,98.1,6.13142700027494,9.81,29205.0,35.18156
1982-10-21,273.0,98.1,6.13142700027494,9.49,29205.0,35.18156
1982-10-22,273.45,98.1,6.13142700027494,9.42,29205.0,35.18156
1982-10-25,276.55,98.1,6.13142700027494,9.55,29205.0,35.18156
1982-10-26,276.05,98.1,6.13142700027494,9.4,29205.0,35.18156
1982-10-27,276.05,98.1,6.13142700027494,9.41,29205.0,35.18156
1982-10-28,277.45,98.1,6.13142700027494,9.44,29205.0,35.18156
1982-10-29,277.1,98.1,6.13142700027494,9.41,29205.0,35.18156
1982-11-01,276.9,98.0,6.13142700027494,9.43,,
1982-11-02,,98.0,6.13142700027494,9.25,,
1982-11-03,276.52,98.0,6.13142700027494,9.68,,
1982-11-04,277.65,98.0,6.13142700027494,9.55,,
1982-11-05,275.8,98.0,6.13142700027494,9.4,,
1982-11-08,276.0,98.0,6.13142700027494,9.45,,
1982-11-09,271.15,98.0,6.13142700027494,9.31,,
1982-11-10,268.1,98.0,6.13142700027494,9.64,,
1982-11-11,,98.0,6.13142700027494,9.64,,
1982-11-12,268.5,98.0,6.13142700027494,9.61,,
1982-11-15,267.35,98.0,6.13142700027494,9.82,,
1982-11-16,263.7,98.0,6.13142700027494,9.56,,
1982-11-17,263.3,98.0,6.13142700027494,9.42,,
1982-11-18,262.7,98.0,6.13142700027494,9.5,,
1982-11-19,257.85,98.0,6.13142700027494,9.06,,
1982-11-22,254.65,98.0,6.13142700027494,8.79,,
1982-11-23,257.05,98.0,6.13142700027494,8.54,,
1982-11-24,250.7,98.0,6.13142700027494,8.36,,
1982-11-25,,98.0,6.13142700027494,8.36,,
1982-11-26,250.2,98.0,6.13142700027494,8.54,,
1982-11-29,250.35,98.0,6.13142700027494,8.83,,
1982-11-30,249.2,98.0,6.13142700027494,8.93,,
1982-12-01,248.6,97.7,6.13142700027494,9.1,,
1982-12-02,248.1,97.7,6.13142700027494,9.09,,
1982-12-03,246.6,97.7,6.13142700027494,8.93,,
1982-12-06,245.1,97.7,6.13142700027494,8.81,,
1982-12-07,242.75,97.7,6.13142700027494,8.51,,
1982-12-08,242.15,97.7,6.13142700027494,8.7,,
1982-12-09,245.7,97.7,6.13142700027494,8.84,,
1982-12-10,244.25,97.7,6.13142700027494,8.83,,
1982-12-13,247.3,97.7,6.13142700027494,8.99,,
1982-12-14,244.3,97.7,6.13142700027494,8.55,,
1982-12-15,244.95,97.7,6.13142700027494,9.13,,
1982-12-16,243.3,97.7,6.13142700027494,8.99,,
1982-12-17,244.15,97.7,6.13142700027494,8.79,,
1982-12-20,244.45,97.7,6.13142700027494,8.6,,
1982-12-21,242.1,97.7,6.13142700027494,8.39,,
1982-12-22,240.5,97.7,6.13142700027494,8.5,,
1982-12-23,238.1,97.7,6.13142700027494,8.62,,
1982-12-24,238.1,97.7,6.13142700027494,8.58,,
1982-12-27,237.5,97.7,6.13142700027494,8.7,,
1982-12-28,234.65,97.7,6.13142700027494,8.99,,
1982-12-29,232.8,97.7,6.13142700027494,9.46,,
1982-12-30,234.5,97.7,6.13142700027494,10.75,,
1982-12-31,234.7,97.7,6.13142700027494,11.2,,
1983-01-03,232.0,97.9,3.21243523316063,9.19,29530.0,35.82911
1983-01-04,229.8,97.9,3.21243523316063,9.47,29530.0,35.82911
1983-01-05,229.1,97.9,3.21243523316063,8.46,29530.0,35.82911
1983-01-06,229.8,97.9,3.21243523316063,8.48,29530.0,35.82911
1983-01-07,229.1,97.9,3.21243523316063,8.27,29530.0,35.82911
1983-01-10,226.75,97.9,3.21243523316063,8.34,29530.0,35.82911
1983-01-11,228.8,97.9,3.21243523316063,8.47,29530.0,35.82911
1983-01-12,230.55,97.9,3.21243523316063,8.87,29530.0,35.82911
1983-01-13,229.1,97.9,3.21243523316063,8.64,29530.0,35.82911
1983-01-14,230.5,97.9,3.21243523316063,8.43,29530.0,35.82911
1983-01-17,229.6,97.9,3.21243523316063,8.54,29530.0,35.82911
1983-01-18,232.15,97.9,3.21243523316063,8.36,29530.0,35.82911
1983-01-19,234.95,97.9,3.21243523316063,8.59,29530.0,35.82911
1983-01-20,235.3,97.9,3.21243523316063,8.47,29530.0,35.82911
1983-01-21,236.35,97.9,3.21243523316063,8.28,29530.0,35.82911
1983-01-24,240.2,97.9,3.21243523316063,8.53,29530.0,35.82911
1983-01-25,235.85,97.9,3.21243523316063,8.56,29530.0,35.82911
1983-01-26,235.35,97.9,3.21243523316063,8.69,29530.0,35.82911
1983-01-27,235.85,97.9,3.21243523316063,8.45,29530.0,35.82911
1983-01-28,236.4,97.9,3.21243523316063,8.39,29530.0,35.82911
1983-01-31,239.85,97.9,3.21243523316063,8.56,29530.0,35.82911
1983-02-01,239.4,98.0,3.21243523316063,8.63,,
1983-02-02,242.2,98.0,3.21243523316063,8.9,,
1983-02-03,238.85,98.0,3.21243523316063,8.54,,
1983-02-04,240.3,98.0,3.21243523316063,8.46,,
1983-02-07,237.45,98.0,3.21243523316063,8.56,,
1983-02-08,237.45,98.0,3.21243523316063,8.44,,
1983-02-09,236.6,98.0,3.21243523316063,8.58,,
1983-02-10,235.1,98.0,3.21243523316063,8.64,,
1983-02-11,234.7,98.0,3.21243523316063,8.53,,
1983-02-14,234.8,98.0,3.21243523316063,8.49,,
1983-02-15,234.1,98.0,3.21243523316063,8.6,,
1983-02-16,232.6,98.0,3.21243523316063,9.0,,
1983-02-17,233.2,98.0,3.21243523316063,8.67,,
1983-02-18,233.6,98.0,3.21243523316063,8.42,,
1983-02-21,,98.0,3.21243523316063,8.42,,
1983-02-22,233.8,98.0,3.21243523316063,8.48,,
1983-02-23,235.05,98.0,3.21243523316063,8.49,,
1983-02-24,234.2,98.0,3.21243523316063,8.39,,
1983-02-25,235.05,98.0,3.21243523316063,8.22,,
1983-02-28,237.85,98.0,3.21243523316063,8.53,,
1983-03-01,239.0,98.1,3.21243523316063,8.65,,
1983-03-02,237.3,98.1,3.21243523316063,8.83,,
1983-03-03,236.4,98.1,3.21243523316063,8.53,,
1983-03-04,235.8,98.1,3.21243523316063,8.5,,
1983-03-07,235.7,98.1,3.21243523316063,8.82,,
1983-03-08,238.7,98.1,3.21243523316063,8.79,,
1983-03-09,237.7,98.1,3.21243523316063,8.49,,
1983-03-10,237.05,98.1,3.21243523316063,8.48,,
1983-03-11,238.45,98.1,3.21243523316063,8.4,,
1983-03-14,237.5,98.1,3.21243523316063,8.53,,
1983-03-15,237.25,98.1,3.21243523316063,8.82,,
1983-03-16,237.25,98.1,3.21243523316063,8.93,,
1983-03-17,239.1,98.1,3.21243523316063,8.74,,
1983-03-18,240.3,98.1,3.21243523316063,8.7,,
1983-03-21,240.85,98.1,3.21243523316063,8.78,,
1983-03-22,239.4,98.1,3.21243523316063,8.84,,
1983-03-23,238.8,98.1,3.21243523316063,8.76,,
1983-03-24,237.25,98.1,3.21243523316063,8.85,,
1983-03-25,237.1,98.1,3.21243523316063,8.76,,
1983-03-28,240.1,98.1,3.21243523316063,8.89,,
1983-03-29,240.05,98.1,3.21243523316063,8.96,,
1983-03-30,239.8,98.1,3.21243523316063,9.17,,
1983-03-31,239.0,98.1,3.21243523316063,10.81,,
1983-04-01,239.6,98.8,3.21243523316063,9.12,30140.0,36.87167
1983-04-04,239.0,98.8,3.21243523316063,9.24,30140.0,36.87167
1983-04-05,237.65,98.8,3.21243523316063,9.53,30140.0,36.87167
1983-04-06,237.05,98.8,3.21243523316063,9.1,30140.0,36.87167
1983-04-07,237.9,98.8,3.21243523316063,9.0,30140.0,36.87167
1983-04-08,239.3,98.8,3.21243523316063,8.84,30140.0,36.87167
1983-04-11,237.95,98.8,3.21243523316063,8.73,30140.0,36.87167
1983-04-12,238.05,98.8,3.21243523316063,8.61,30140.0,36.87167
1983-04-13,238.5,98.8,3.21243523316063,8.47,30140.0,36.87167
1983-04-14,238.25,98.8,3.21243523316063,8.69,30140.0,36.87167
1983-04-15,237.6,98.8,3.21243523316063,8.73,30140.0,36.87167
1983-04-18,237.8,98.8,3.21243523316063,8.65,30140.0,36.87167
1983-04-19,237.05,98.8,3.21243523316063,8.76,30140.0,36.87167
1983-04-20,237.38,98.8,3.21243523316063,8.61,30140.0,36.87167
1983-04-21,236.4,98.8,3.21243523316063,8.7,30140.0,36.87167
1983-04-22,236.85,98.8,3.21243523316063,8.52,30140.0,36.87167
1983-04-25,236.25,98.8,3.21243523316063,8.48,30140.0,36.87167
1983-04-26,237.35,98.8,3.21243523316063,8.45,30140.0,36.87167
1983-04-27,236.25,98.8,3.21243523316063,8.9,30140.0,36.87167
1983-04-28,238.2,98.8,3.21243523316063,8.83,30140.0,36.87167
1983-04-29,238.3,98.8,3.21243523316063,8.84,30140.0,36.87167
1983-05-02,237.6,99.2,3.21243523316063,8.77,,
1983-05-03,237.65,99.2,3.21243523316063,8.81,,
1983-05-04,236.25,99.2,3.21243523316063,8.64,,
1983-05-05,235.2,99.2,3.21243523316063,8.69,,
1983-05-06,234.7,99.2,3.21243523316063,8.45,,
1983-05-09,232.65,99.2,3.21243523316063,8.46,,
1983-05-10,232.5,99.2,3.21243523316063,8.35,,
1983-05-11,230.9,99.2,3.21243523316063,8.51,,
1983-05-12,231.5,99.2,3.21243523316063,8.56,,
1983-05-13,231.3,99.2,3.21243523316063,8.39,,
1983-05-16,233.3,99.2,3.21243523316063,8.73,,
1983-05-17,233.4,99.2,3.21243523316063,8.81,,
1983-05-18,232.75,99.2,3.21243523316063,8.83,,
1983-05-19,234.4,99.2,3.21243523316063,8.75,,
1983-05-20,234.1,99.2,3.21243523316063,8.68,,
1983-05-23,235.4,99.2,3.21243523316063,8.74,,
1983-05-24,236.6,99.2,3.21243523316063,8.72,,
1983-05-25,236.3,99.2,3.21243523316063,8.76,,
1983-05-26,236.55,99.2,3.21243523316063,8.7,,
1983-05-27,237.97,99.2,3.21243523316063,8.59,,
1983-05-30,,99.2,3.21243523316063,8.59,,
1983-05-31,238.85,99.2,3.21243523316063,8.94,,
1983-06-01,239.85,99.4,3.21243523316063,9.38,,
1983-06-02,238.35,99.4,3.21243523316063,8.84,,
1983-06-03,239.0,99.4,3.21243523316063,8.77,,
1983-06-06,240.5,99.4,3.21243523316063,8.92,,
1983-06-07,240.35,99.4,3.21243523316063,8.95,,
1983-06-08,241.38,99.4,3.21243523316063,8.84,,
1983-06-09,242.7,99.4,3.21243523316063,8.83,,
1983-06-10,242.18,99.4,3.21243523316063,8.75,,
1983-06-13,242.55,99.4,3.21243523316063,8.78,,
1983-06-14,243.05,99.4,3.21243523316063,8.93,,
1983-06-15,242.45,99.4,3.21243523316063,9.1,,
1983-06-16,240.55,99.4,3.21243523316063,9.08,,
1983-06-17,239.9,99.4,3.21243523316063,9.02,,
1983-06-20,239.25,99.4,3.21243523316063,9.24,,
1983-06-21,239.6,99.4,3.21243523316063,9.43,,
1983-06-22,237.4,99.4,3.21243523316063,9.14,,
1983-06-23,237.5,99.4,3.21243523316063,9.06,,
1983-06-24,237.3,99.4,3.21243523316063,9.01,,
1983-06-27,239.4,99.4,3.21243523316063,9.0,,
1983-06-28,238.8,99.4,3.21243523316063,8.8,,
1983-06-29,239.35,99.4,3.21243523316063,8.43,,
1983-06-30,239.28,99.4,3.21243523316063,10.06,,
1983-07-01,239.15,99.8,3.21243523316063,9.31,30667.0,37.3311
1983-07-04,,99.8,3.21243523316063,9.31,30667.0,37.3311
1983-07-05,240.7,99.8,3.21243523316063,9.19,30667.0,37.3311
1983-07-06,239.5,99.8,3.21243523316063,9.27,30667.0,37.3311
1983-07-07,240.85,99.8,3.21243523316063,9.23,30667.0,37.3311
1983-07-08,241.35,99.8,3.21243523316063,9.14,30667.0,37.3311
1983-07-11,241.65,99.8,3.21243523316063,9.21,30667.0,37.3311
1983-07-12,240.65,99.8,3.21243523316063,9.22,30667.0,37.3311
1983-07-13,239.8,99.8,3.21243523316063,9.39,30667.0,37.3311
1983-07-14,240.1,99.8,3.21243523316063,9.25,30667.0,37.3311
1983-07-15,241.25,99.8,3.21243523316063,9.39,30667.0,37.3311
1983-07-18,240.8,99.8,3.21243523316063,9.54,30667.0,37.3311
1983-07-19,240.8,99.8,3.21243523316063,9.53,30667.0,37.3311
1983-07-20,239.3,99.8,3.21243523316063,9.49,30667.0,37.3311
1983-07-21,239.6,99.8,3.21243523316063,9.43,30667.0,37.3311
1983-07-22,240.25,99.8,3.21243523316063,9.48,30667.0,37.3311
1983-07-25,240.55,99.8,3.21243523316063,9.48,30667.0,37.3311
1983-07-26,240.6,99.8,3.21243523316063,9.49,30667.0,37.3311
1983-07-27,240.87,99.8,3.21243523316063,9.4,30667.0,37.3311
1983-07-28,240.8,99.8,3.21243523316063,9.45,30667.0,37.3311
1983-07-29,241.75,99.8,3.21243523316063,9.52,30667.0,37.3311
1983-08-01,243.7,100.1,3.21243523316063,9.64,,
1983-08-02,243.15,100.1,3.21243523316063,9.84,,
1983-08-03,243.25,100.1,3.21243523316063,9.63,,
1983-08-04,243.6,100.1,3.21243523316063,9.64,,
1983-08-05,243.9,100.1,3.21243523316063,9.63,,
1983-08-08,244.25,100.1,3.21243523316063,9.74,,
1983-08-09,243.98,100.1,3.21243523316063,9.72,,
1983-08-10,245.8,100.1,3.21243523316063,9.6,,
1983-08-11,246.35,100.1,3.21243523316063,9.68,,
1983-08-12,247.05,100.1,3.21243523316063,9.67,,
1983-08-15,246.9,100.1,3.21243523316063,9.85,,
1983-08-16,243.15,100.1,3.21243523316063,9.67,,
1983-08-17,243.6,100.1,3.21243523316063,9.46,,
1983-08-18,242.98,100.1,3.21243523316063,9.59,,
1983-08-19,244.0,100.1,3.21243523316063,9.47,,
1983-08-22,243.1,100.1,3.21243523316063,9.37,,
1983-08-23,243.25,100.1,3.21243523316063,9.32,,
1983-08-24,242.9,100.1,3.21243523316063,9.17,,
1983-08-25,243.2,100.1,3.21243523316063,9.3,,
1983-08-26,245.65,100.1,3.21243523316063,9.43,,
1983-08-29,246.15,100.1,3.21243523316063,9.43,,
1983-08-30,246.25,100.1,3.21243523316063,9.47,,
1983-08-31,246.45,100.1,3.21243523316063,9.59,,
1983-09-01,246.5,100.4,3.21243523316063,9.61,,
1983-09-02,246.8,100.4,3.21243523316063,9.52,,
1983-09-05,,100.4,3.21243523316063,9.52,,
1983-09-06,245.85,100.4,3.21243523316063,9.47,,
1983-09-07,245.7,100.4,3.21243523316063,9.57,,
1983-09-08,244.6,100.4,3.21243523316063,9.53,,
1983-09-09,244.55,100.4,3.21243523316063,9.6,,
1983-09-12,243.42,100.4,3.21243523316063,9.45,,
1983-09-13,244.2,100.4,3.21243523316063,9.54,,
1983-09-14,245.3,100.4,3.21243523316063,9.49,,
1983-09-15,244.65,100.4,3.21243523316063,9.66,,
1983-09-16,243.55,100.4,3.21243523316063,9.59,,
1983-09-19,241.7,100.4,3.21243523316063,9.37,,
1983-09-20,242.5,100.4,3.21243523316063,9.22,,
1983-09-21,242.25,100.4,3.21243523316063,9.35,,
1983-09-22,242.8,100.4,3.21243523316063,9.44,,
1983-09-23,239.6,100.4,3.21243523316063,9.08,,
1983-09-26,238.05,100.4,3.21243523316063,8.91,,
1983-09-27,237.9,100.4,3.21243523316063,8.66,,
1983-09-28,236.9,100.4,3.21243523316063,9.01,,
1983-09-29,236.8,100.4,3.21243523316063,9.68,,
1983-09-30,235.65,100.4,3.21243523316063,10.59,,
1983-10-03,234.15,100.8,3.21243523316063,9.62,31233.0,37.17553
1983-10-04,234.1,100.8,3.21243523316063,9.55,31233.0,37.17553
1983-10-05,232.9,100.8,3.21243523316063,9.37,31233.0,37.17553
1983-10-06,232.4,100.8,3.21243523316063,9.46,31233.0,37.17553
1983-10-07,230.85,100.8,3.21243523316063,9.38,31233.0,37.17553
1983-10-10,,100.8,3.21243523316063,9.38,31233.0,37.17553
1983-10-11,232.05,100.8,3.21243523316063,9.56,31233.0,37.17553
1983-10-12,234.28,100.8,3.21243523316063,9.67,31233.0,37.17553
1983-10-13,233.15,100.8,3.21243523316063,9.51,31233.0,37.17553
1983-10-14,232.8,100.8,3.21243523316063,9.31,31233.0,37.17553
1983-10-17,232.95,100.8,3.21243523316063,9.33,31233.0,37.17553
1983-10-18,232.3,100.8,3.21243523316063,9.29,31233.0,37.17553
1983-10-19,232.65,100.8,3.21243523316063,9.49,31233.0,37.17553
1983-10-20,232.5,100.8,3.21243523316063,9.44,31233.0,37.17553
1983-10-21,232.38,100.8,3.21243523316063,9.36,31233.0,37.17553
1983-10-24,233.5,100.8,3.21243523316063,9.47,31233.0,37.17553
1983-10-25,232.45,100.8,3.21243523316063,9.3,31233.0,37.17553
1983-10-26,232.95,100.8,3.21243523316063,9.23,31233.0,37.17553
1983-10-27,232.6,100.8,3.21243523316063,9.4,31233.0,37.17553
1983-10-28,232.7,100.8,3.21243523316063,9.31,31233.0,37.17553
1983-10-31,234.05,100.8,3.21243523316063,9.43,31233.0,37.17553
1983-11-01,234.77,101.1,3.21243523316063,9.45,,
1983-11-02,234.45,101.1,3.21243523316063,9.57,,
1983-11-03,234.35,101.1,3.21243523316063,9.53,,
1983-11-04,236.65,101.1,3.21243523316063,9.32,,
1983-11-07,237.0,101.1,3.21243523316063,9.38,,
1983-11-08,,101.1,3.21243523316063,9.25,,
1983-11-09,235.4,101.1,3.21243523316063,9.42,,
1983-11-10,234.45,101.1,3.21243523316063,9.38,,
1983-11-11,,101.1,3.21243523316063,9.38,,
1983-11-14,234.65,101.1,3.21243523316063,9.37,,
1983-11-15,234.45,101.1,3.21243523316063,9.5,,
1983-11-16,235.4,101.1,3.21243523316063,9.54,,
1983-11-17,236.25,101.1,3.21243523316063,9.45,,
1983-11-18,235.95,101.1,3.21243523316063,9.23,,
1983-11-21,235.2,101.1,3.21243523316063,9.24,,
1983-11-22,234.5,101.1,3.21243523316063,9.07,,
1983-11-23,235.05,101.1,3.21243523316063,9.35,,
1983-11-24,,101.1,3.21243523316063,9.35,,
1983-11-25,235.1,101.1,3.21243523316063,9.24,,
1983-11-28,234.85,101.1,3.21243523316063,9.23,,
1983-11-29,234.6,101.1,3.21243523316063,9.27,,
1983-11-30,232.5,101.1,3.21243523316063,9.34,,
1983-12-01,232.53,101.4,3.21243523316063,9.46,,
1983-12-02,233.4,101.4,3.21243523316063,9.51,,
1983-12-05,235.2,101.4,3.21243523316063,9.55,,
1983-12-06,234.3,101.4,3.21243523316063,9.38,,
1983-12-07,234.05,101.4,3.21243523316063,9.52,,
1983-12-08,234.3,101.4,3.21243523316063,9.56,,
1983-12-09,236.9,101.4,3.21243523316063,9.43,,
1983-12-12,236.65,101.4,3.21243523316063,9.53,,
1983-12-13,236.25,101.4,3.21243523316063,9.5,,
1983-12-14,235.08,101.4,3.21243523316063,9.74,,
1983-12-15,234.9,101.4,3.21243523316063,9.94,,
1983-12-16,235.5,101.4,3.21243523316063,9.73,,
1983-12-19,236.1,101.4,3.21243523316063,9.66,,
1983-12-20,234.8,101.4,3.21243523316063,9.43,,
1983-12-21,234.7,101.4,3.21243523316063,9.13,,
1983-12-22,234.05,101.4,3.21243523316063,9.35,,
1983-12-23,233.9,101.4,3.21243523316063,8.66,,
1983-12-26,,101.4,3.21243523316063,8.66,,
1983-12-27,233.8,101.4,3.21243523316063,9.06,,
1983-12-28,233.4,101.4,3.21243523316063,9.7,,
1983-12-29,232.2,101.4,3.21243523316063,10.61,,
1983-12-30,231.7,101.4,3.21243523316063,9.92,,
1984-01-02,,102.1,4.30053547523427,9.92,31783.0,37.45447
1984-01-03,232.45,102.1,4.30053547523427,10.15,31783.0,37.45447
1984-01-04,233.42,102.1,4.30053547523427,9.96,31783.0,37.45447
1984-01-05,232.7,102.1,4.30053547523427,9.62,31783.0,37.45447
1984-01-06,232.7,102.1,4.30053547523427,9.43,31783.0,37.45447
1984-01-09,233.3,102.1,4.30053547523427,9.55,31783.0,37.45447
1984-01-10,233.45,102.1,4.30053547523427,9.42,31783.0,37.45447
1984-01-11,234.45,102.1,4.30053547523427,9.83,31783.0,37.45447
1984-01-12,234.87,102.1,4.30053547523427,9.61,31783.0,37.45447
1984-01-13,233.4,102.1,4.30053547523427,9.4,31783.0,37.45447
1984-01-16,233.3,102.1,4.30053547523427,9.51,31783.0,37.45447
1984-01-17,234.28,102.1,4.30053547523427,9.45,31783.0,37.45447
1984-01-18,233.6,102.1,4.30053547523427,10.04,31783.0,37.45447
1984-01-19,233.35,102.1,4.30053547523427,9.63,31783.0,37.45447
1984-01-20,234.5,102.1,4.30053547523427,9.48,31783.0,37.45447
1984-01-23,233.85,102.1,4.30053547523427,9.66,31783.0,37.45447
1984-01-24,234.35,102.1,4.30053547523427,9.57,31783.0,37.45447
1984-01-25,234.2,102.1,4.30053547523427,9.44,31783.0,37.45447
1984-01-26,234.1,102.1,4.30053547523427,9.48,31783.0,37.45447
1984-01-27,234.28,102.1,4.30053547523427,9.31,31783.0,37.45447
1984-01-30,234.58,102.1,4.30053547523427,9.34,31783.0,37.45447
1984-01-31,234.67,102.1,4.30053547523427,9.35,31783.0,37.45447
1984-02-01,234.25,102.6,4.30053547523427,9.74,,
1984-02-02,233.6,102.6,4.30053547523427,9.6,,
1984-02-03,232.7,102.6,4.30053547523427,9.51,,
1984-02-06,233.1,102.6,4.30053547523427,9.69,,
1984-02-07,234.5,102.6,4.30053547523427,9.69,,
1984-02-08,234.15,102.6,4.30053547523427,9.57,,
1984-02-09,233.88,102.6,4.30053547523427,9.49,,
1984-02-10,234.6,102.6,4.30053547523427,9.44,,
1984-02-13,,102.6,4.30053547523427,9.41,,
1984-02-14,233.95,102.6,4.30053547523427,9.67,,
1984-02-15,233.2,102.6,4.30053547523427,9.83,,
1984-02-16,232.85,102.6,4.30053547523427,9.64,,
1984-02-17,233.2,102.6,4.30053547523427,9.56,,
1984-02-20,,102.6,4.30053547523427,9.56,,
1984-02-21,234.1,102.6,4.30053547523427,9.64,,
1984-02-22,233.2,102.6,4.30053547523427,9.67,,
1984-02-23,233.6,102.6,4.30053547523427,9.72,,
1984-02-24,233.2,102.6,4.30053547523427,9.63,,
1984-02-27,233.3,102.6,4.30053547523427,9.72,,
1984-02-28,233.52,102.6,4.30053547523427,9.53,,
1984-02-29,233.43,102.6,4.30053547523427,9.45,,
1984-03-01,233.43,102.9,4.30053547523427,9.73,,
1984-03-02,228.2,102.9,4.30053547523427,9.75,,
1984-03-05,223.35,102.9,4.30053547523427,9.81,,
1984-03-06,223.35,102.9,4.30053547523427,9.72,,
1984-03-07,223.25,102.9,4.30053547523427,9.66,,
1984-03-08,224.55,102.9,4.30053547523427,9.74,,
1984-03-09,224.8,102.9,4.30053547523427,9.73,,
1984-03-12,224.83,102.9,4.30053547523427,9.84,,
1984-03-13,223.15,102.9,4.30053547523427,9.79,,
1984-03-14,223.7,102.9,4.30053547523427,9.96,,
1984-03-15,224.1,102.9,4.30053547523427,10.09,,
1984-03-16,225.85,102.9,4.30053547523427,9.84,,
1984-03-19,225.8,102.9,4.30053547523427,10.07,,
1984-03-20,226.0,102.9,4.30053547523427,10.25,,
1984-03-21,226.8,102.9,4.30053547523427,10.36,,
1984-03-22,226.45,102.9,4.30053547523427,10.45,,
1984-03-23,225.63,102.9,4.30053547523427,10.28,,
1984-03-26,224.67,102.9,4.30053547523427,10.06,,
1984-03-27,224.45,102.9,4.30053547523427,9.62,,
1984-03-28,224.7,102.9,4.30053547523427,8.81,,
1984-03-29,224.05,102.9,4.30053547523427,10.07,,
1984-03-30,224.75,102.9,4.30053547523427,10.24,,
1984-04-02,224.65,103.3,4.30053547523427,10.42,32267.0,37.72687
1984-04-03,225.1,103.3,4.30053547523427,10.75,32267.0,37.72687
1984-04-04,225.35,103.3,4.30053547523427,10.9,32267.0,37.72687
1984-04-05,225.6,103.3,4.30053547523427,10.74,32267.0,37.72687
1984-04-06,225.35,103.3,4.30053547523427,10.37,32267.0,37.72687
1984-04-09,225.5,103.3,4.30053547523427,10.32,32267.0,37.72687
1984-04-10,225.18,103.3,4.30053547523427,9.49,32267.0,37.72687
1984-04-11,222.7,103.3,4.30053547523427,9.25,32267.0,37.72687
1984-04-12,224.1,103.3,4.30053547523427,10.34,32267.0,37.72687
1984-04-13,224.7,103.3,4.30053547523427,10.24,32267.0,37.72687
1984-04-16,225.42,103.3,4.30053547523427,10.5,32267.0,37.72687
1984-04-17,225.05,103.3,4.30053547523427,10.45,32267.0,37.72687
1984-04-18,224.8,103.3,4.30053547523427,10.61,32267.0,37.72687
1984-04-19,225.1,103.3,4.30053547523427,10.73,32267.0,37.72687
1984-04-20,225.1,103.3,4.30053547523427,9.77,32267.0,37.72687
1984-04-23,224.75,103.3,4.30053547523427,9.63,32267.0,37.72687
1984-04-24,225.85,103.3,4.30053547523427,9.55,32267.0,37.72687
1984-04-25,225.6,103.3,4.30053547523427,10.67,32267.0,37.72687
1984-04-26,225.75,103.3,4.30053547523427,10.63,32267.0,37.72687
1984-04-27,226.55,103.3,4.30053547523427,10.49,32267.0,37.72687
1984-04-30,227.0,103.3,4.30053547523427,10.9,32267.0,37.72687
1984-05-01,226.95,103.5,4.30053547523427,11.04,,
1984-05-02,227.05,103.5,4.30053547523427,10.88,,
1984-05-03,226.4,103.5,4.30053547523427,10.45,,
1984-05-04,226.85,103.5,4.30053547523427,10.04,,
1984-05-07,229.0,103.5,4.30053547523427,10.48,,
1984-05-08,229.15,103.5,4.30053547523427,11.06,,
1984-05-09,228.87,103.5,4.30053547523427,11.12,,
1984-05-10,229.2,103.5,4.30053547523427,11.0,,
1984-05-11,230.3,103.5,4.30053547523427,10.58,,
1984-05-14,231.2,103.5,4.30053547523427,10.33,,
1984-05-15,231.75,103.5,4.30053547523427,10.55,,
1984-05-16,231.1,103.5,4.30053547523427,9.99,,
1984-05-17,232.33,103.5,4.30053547523427,9.92,,
1984-05-18,233.35,103.5,4.30053547523427,9.01,,
1984-05-21,233.0,103.5,4.30053547523427,9.71,,
1984-05-22,233.25,103.5,4.30053547523427,10.73,,
1984-05-23,232.37,103.5,4.30053547523427,10.84,,
1984-05-24,231.83,103.5,4.30053547523427,10.72,,
1984-05-25,231.7,103.5,4.30053547523427,10.04,,
1984-05-28,,103.5,4.30053547523427,10.04,,
1984-05-29,231.8,103.5,4.30053547523427,10.51,,
1984-05-30,231.48,103.5,4.30053547523427,10.71,,
1984-05-31,231.58,103.5,4.30053547523427,10.81,,
1984-06-01,230.15,103.7,4.30053547523427,10.53,,
1984-06-04,229.7,103.7,4.30053547523427,10.99,,
1984-06-05,230.45,103.7,4.30053547523427,10.65,,
1984-06-06,230.5,103.7,4.30053547523427,11.03,,
1984-06-07,231.35,103.7,4.30053547523427,11.01,,
1984-06-08,231.72,103.7,4.30053547523427,10.76,,
1984-06-11,231.93,103.7,4.30053547523427,11.16,,
1984-06-12,232.65,103.7,4.30053547523427,10.83,,
1984-06-13,232.4,103.7,4.30053547523427,10.66,,
1984-06-14,231.65,103.7,4.30053547523427,11.04,,
1984-06-15,233.0,103.7,4.30053547523427,11.33,,
1984-06-18,233.45,103.7,4.30053547523427,11.56,,
1984-06-19,232.95,103.7,4.30053547523427,11.55,,
1984-06-20,234.55,103.7,4.30053547523427,12.31,,
1984-06-21,234.85,103.7,4.30053547523427,11.9,,
1984-06-22,235.95,103.7,4.30053547523427,11.51,,
1984-06-25,237.95,103.7,4.30053547523427,11.08,,
1984-06-26,237.08,103.7,4.30053547523427,10.84,,
1984-06-27,238.0,103.7,4.30053547523427,10.51,,
1984-06-28,237.3,103.7,4.30053547523427,10.64,,
1984-06-29,237.3,103.7,4.30053547523427,10.85,,
1984-07-02,238.5,104.1,4.30053547523427,11.43,32498.0,38.49586
1984-07-03,239.63,104.1,4.30053547523427,10.88,32498.0,38.49586
1984-07-04,,104.1,4.30053547523427,10.88,32498.0,38.49586
1984-07-05,240.35,104.1,4.30053547523427,11.25,32498.0,38.49586
1984-07-06,241.25,104.1,4.30053547523427,11.13,32498.0,38.49586
1984-07-09,242.63,104.1,4.30053547523427,11.52,32498.0,38.49586
1984-07-10,241.45,104.1,4.30053547523427,11.37,32498.0,38.49586
1984-07-11,242.1,104.1,4.30053547523427,11.22,32498.0,38.49586
1984-07-12,242.68,104.1,4.30053547523427,11.03,32498.0,38.49586
1984-07-13,241.45,104.1,4.30053547523427,11.0,32498.0,38.49586
1984-07-16,240.7,104.1,4.30053547523427,11.45,32498.0,38.49586
1984-07-17,242.35,104.1,4.30053547523427,11.4,32498.0,38.49586
1984-07-18,243.85,104.1,4.30053547523427,11.6,32498.0,38.49586
1984-07-19,243.15,104.1,4.30053547523427,11.36,32498.0,38.49586
1984-07-20,245.2,104.1,4.30053547523427,11.09,32498.0,38.49586
1984-07-23,246.95,104.1,4.30053547523427,11.49,32498.0,38.49586
1984-07-24,246.18,104.1,4.30053547523427,11.21,32498.0,38.49586
1984-07-25,245.6,104.1,4.30053547523427,11.02,32498.0,38.49586
1984-07-26,243.65,104.1,4.30053547523427,11.29,32498.0,38.49586
1984-07-27,245.4,104.1,4.30053547523427,11.33,32498.0,38.49586
1984-07-30,246.05,104.1,4.30053547523427,11.53,32498.0,38.49586
1984-07-31,245.3,104.1,4.30053547523427,11.83,32498.0,38.49586
1984-08-01,245.75,104.4,4.30053547523427,12.04,,
1984-08-02,245.42,104.4,4.30053547523427,11.65,,
1984-08-03,241.8,104.4,4.30053547523427,11.5,,
1984-08-06,243.15,104.4,4.30053547523427,11.76,,
1984-08-07,244.5,104.4,4.30053547523427,11.74,,
1984-08-08,243.1,104.4,4.30053547523427,11.5,,
1984-08-09,243.35,104.4,4.30053547523427,11.62,,
1984-08-10,242.5,104.4,4.30053547523427,11.57,,
1984-08-13,244.08,104.4,4.30053547523427,11.73,,
1984-08-14,241.7,104.4,4.30053547523427,11.52,,
1984-08-15,241.9,104.4,4.30053547523427,11.82,,
1984-08-16,240.8,104.4,4.30053547523427,11.74,,
1984-08-17,241.1,104.4,4.30053547523427,11.77,,
1984-08-20,241.05,104.4,4.30053547523427,11.87,,
1984-08-21,242.15,104.4,4.30053547523427,11.83,,
1984-08-22,241.3,104.4,4.30053547523427,11.61,,
1984-08-23,240.6,104.4,4.30053547523427,11.57,,
1984-08-24,241.2,104.4,4.30053547523427,11.53,,
1984-08-27,241.6,104.4,4.30053547523427,11.68,,
1984-08-28,241.2,104.4,4.30053547523427,11.47,,
1984-08-29,240.6,104.4,4.30053547523427,11.2,,
1984-08-30,241.25,104.4,4.30053547523427,11.65,,
1984-08-31,241.9,104.4,4.30053547523427,11.64,,
1984-09-03,,104.7,4.30053547523427,11.64,,
1984-09-04,243.75,104.7,4.30053547523427,11.81,,
1984-09-05,244.7,104.7,4.30053547523427,11.72,,
1984-09-06,244.1,104.7,4.30053547523427,11.71,,
1984-09-07,245.8,104.7,4.30053547523427,11.56,,
1984-09-10,245.6,104.7,4.30053547523427,11.36,,
1984-09-11,245.55,104.7,4.30053547523427,11.23,,
1984-09-12,244.95,104.7,4.30053547523427,11.66,,
1984-09-13,245.8,104.7,4.30053547523427,11.55,,
1984-09-14,245.65,104.7,4.30053547523427,11.38,,
1984-09-17,247.2,104.7,4.30053547523427,11.64,,
1984-09-18,246.18,104.7,4.30053547523427,11.53,,
1984-09-19,245.75,104.7,4.30053547523427,11.35,,
1984-09-20,246.9,104.7,4.30053547523427,11.12,,
1984-09-21,244.4,104.7,4.30053547523427,10.89,,
1984-09-24,244.2,104.7,4.30053547523427,10.94,,
1984-09-25,246.0,104.7,4.30053547523427,10.52,,
1984-09-26,245.15,104.7,4.30053547523427,9.84,,
1984-09-27,245.1,104.7,4.30053547523427,11.0,,
1984-09-28,246.9,104.7,4.30053547523427,11.23,,
1984-10-01,246.4,105.1,4.30053547523427,11.38,32686.0,40.08547
1984-10-02,246.0,105.1,4.30053547523427,11.42,32686.0,40.08547
1984-10-03,245.75,105.1,4.30053547523427,10.91,32686.0,40.08547
1984-10-04,246.2,105.1,4.30053547523427,10.58,32686.0,40.08547
1984-10-05,246.95,105.1,4.30053547523427,10.21,32686.0,40.08547
1984-10-08,,105.1,4.30053547523427,10.21,32686.0,40.08547
1984-10-09,247.6,105.1,4.30053547523427,9.91,32686.0,40.08547
1984-10-10,247.05,105.1,4.30053547523427,8.72,32686.0,40.08547
1984-10-11,248.0,105.1,4.30053547523427,10.25,32686.0,40.08547
1984-10-12,248.1,105.1,4.30053547523427,10.02,32686.0,40.08547
1984-10-15,248.8,105.1,4.30053547523427,10.54,32686.0,40.08547
1984-10-16,248.98,105.1,4.30053547523427,10.45,32686.0,40.08547
1984-10-17,249.1,105.1,4.30053547523427,10.27,32686.0,40.08547
1984-10-18,248.9,105.1,4.30053547523427,9.92,32686.0,40.08547
1984-10-19,247.25,105.1,4.30053547523427,9.83,32686.0,40.08547
1984-10-22,247.3,105.1,4.30053547523427,9.95,32686.0,40.08547
1984-10-23,244.6,105.1,4.30053547523427,9.24,32686.0,40.08547
1984-10-24,244.12,105.1,4.30053547523427,7.53,32686.0,40.08547
1984-10-25,244.05,105.1,4.30053547523427,9.24,32686.0,40.08547
1984-10-26,245.5,105.1,4.30053547523427,9.59,32686.0,40.08547
1984-10-29,246.65,105.1,4.30053547523427,9.99,32686.0,40.08547
1984-10-30,245.6,105.1,4.30053547523427,10.1,32686.0,40.08547
1984-10-31,245.7,105.1,4.30053547523427,9.99,32686.0,40.08547
1984-11-01,244.3,105.3,4.30053547523427,10.26,,
1984-11-02,242.0,105.3,4.30053547523427,10.15,,
1984-11-05,242.05,105.3,4.30053547523427,9.57,,
1984-11-06,,105.3,4.30053547523427,9.47,,
1984-11-07,240.8,105.3,4.30053547523427,9.35,,
1984-11-08,240.95,105.3,4.30053547523427,9.76,,
1984-11-09,241.0,105.3,4.30053547523427,9.5,,
1984-11-12,,105.3,4.30053547523427,9.5,,
1984-11-13,240.45,105.3,4.30053547523427,9.51,,
1984-11-14,242.45,105.3,4.30053547523427,9.56,,
1984-11-15,242.5,105.3,4.30053547523427,9.62,,
1984-11-16,242.8,105.3,4.30053547523427,9.54,,
1984-11-19,243.65,105.3,4.30053547523427,9.45,,
1984-11-20,244.8,105.3,4.30053547523427,9.28,,
1984-11-21,245.53,105.3,4.30053547523427,9.32,,
1984-11-22,,105.3,4.30053547523427,9.32,,
1984-11-23,245.4,105.3,4.30053547523427,8.97,,
1984-11-26,246.15,105.3,4.30053547523427,9.03,,
1984-11-27,245.4,105.3,4.30053547523427,8.96,,
1984-11-28,245.45,105.3,4.30053547523427,8.78,,
1984-11-29,245.8,105.3,4.30053547523427,8.63,,
1984-11-30,247.5,105.3,4.30053547523427,8.92,,
1984-12-03,248.2,105.5,4.30053547523427,9.27,,
1984-12-04,246.45,105.5,4.30053547523427,8.8,,
1984-12-05,246.8,105.5,4.30053547523427,8.35,,
1984-12-06,246.55,105.5,4.30053547523427,8.93,,
1984-12-07,247.4,105.5,4.30053547523427,8.62,,
1984-12-10,246.82,105.5,4.30053547523427,8.75,,
1984-12-11,247.0,105.5,4.30053547523427,8.75,,
1984-12-12,247.25,105.5,4.30053547523427,8.58,,
1984-12-13,247.55,105.5,4.30053547523427,8.42,,
1984-12-14,247.75,105.5,4.30053547523427,8.26,,
1984-12-17,247.55,105.5,4.30053547523427,7.83,,
1984-12-18,246.75,105.5,4.30053547523427,6.93,,
1984-12-19,247.76,105.5,4.30053547523427,7.98,,
1984-12-20,248.1,105.5,4.30053547523427,8.29,,
1984-12-21,247.95,105.5,4.30053547523427,8.06,,
1984-12-24,248.1,105.5,4.30053547523427,7.53,,
1984-12-25,,105.5,4.30053547523427,7.53,,
1984-12-26,249.05,105.5,4.30053547523427,8.12,,
1984-12-27,250.2,105.5,4.30053547523427,8.51,,
1984-12-28,250.45,105.5,4.30053547523427,8.62,,
1984-12-31,251.6,105.5,4.30053547523427,8.74,,
1985-01-01,,105.7,3.54564415209369,8.74,32941.0,40.44121
1985-01-02,251.8,105.7,3.54564415209369,9.37,32941.0,40.44121
1985-01-03,252.45,105.7,3.54564415209369,8.77,32941.0,40.44121
1985-01-04,253.2,105.7,3.54564415209369,8.18,32941.0,40.44121
1985-01-07,255.95,105.7,3.54564415209369,8.23,32941.0,40.44121
1985-01-08,253.75,105.7,3.54564415209369,8.3,32941.0,40.44121
1985-01-09,255.1,105.7,3.54564415209369,8.02,32941.0,40.44121
1985-01-10,253.7,105.7,3.54564415209369,8.23,32941.0,40.44121
1985-01-11,253.83,105.7,3.54564415209369,8.24,32941.0,40.44121
1985-01-14,255.4,105.7,3.54564415209369,8.15,32941.0,40.44121
1985-01-15,254.7,105.7,3.54564415209369,8.03,32941.0,40.44121
1985-01-16,254.95,105.7,3.54564415209369,8.51,32941.0,40.44121
1985-01-17,254.55,105.7,3.54564415209369,8.27,32941.0,40.44121
1985-01-18,254.58,105.7,3.54564415209369,8.1,32941.0,40.44121
1985-01-21,,105.7,3.54564415209369,8.1,32941.0,40.44121
1985-01-22,254.0,105.7,3.54564415209369,8.29,32941.0,40.44121
1985-01-23,254.4,105.7,3.54564415209369,8.36,32941.0,40.44121
1985-01-24,253.7,105.7,3.54564415209369,8.33,32941.0,40.44121
1985-01-25,253.95,105.7,3.54564415209369,8.37,32941.0,40.44121
1985-01-28,254.18,105.7,3.54564415209369,8.62,32941.0,40.44121
1985-01-29,254.35,105.7,3.54564415209369,8.61,32941.0,40.44121
1985-01-30,254.5,105.7,3.54564415209369,8.49,32941.0,40.44121
1985-01-31,254.8,105.7,3.54564415209369,8.73,32941.0,40.44121
1985-02-01,256.75,106.3,3.54564415209369,8.74,,
1985-02-04,259.42,106.3,3.54564415209369,8.61,,
1985-02-05,259.7,106.3,3.54564415209369,8.36,,
1985-02-06,259.53,106.3,3.54564415209369,8.22,,
1985-02-07,260.65,106.3,3.54564415209369,8.41,,
1985-02-08,260.7,106.3,3.54564415209369,8.49,,
1985-02-11,261.65,106.3,3.54564415209369,8.3,,
1985-02-12,,106.3,3.54564415209369,8.3,,
1985-02-13,262.8,106.3,3.54564415209369,8.61,,
1985-02-14,260.5,106.3,3.54564415209369,8.59,,
1985-02-15,257.85,106.3,3.54564415209369,8.53,,
1985-02-18,,106.3,3.54564415209369,8.53,,
1985-02-19,260.7,106.3,3.54564415209369,8.63,,
1985-02-20,261.3,106.3,3.54564415209369,8.67,,
1985-02-21,261.8,106.3,3.54564415209369,8.67,,
1985-02-22,262.8,106.3,3.54564415209369,8.5,,
1985-02-25,262.65,106.3,3.54564415209369,8.52,,
1985-02-26,261.05,106.3,3.54564415209369,8.04,,
1985-02-27,259.3,106.3,3.54564415209369,8.06,,
1985-02-28,259.45,106.3,3.54564415209369,8.74,,
1985-03-01,260.35,106.8,3.54564415209369,8.74,,
1985-03-04,260.1,106.8,3.54564415209369,8.73,,
1985-03-05,261.0,106.8,3.54564415209369,8.53,,
1985-03-06,261.2,106.8,3.54564415209369,8.21,,
1985-03-07,261.0,106.8,3.54564415209369,8.47,,
1985-03-08,261.63,106.8,3.54564415209369,8.42,,
1985-03-11,259.25,106.8,3.54564415209369,8.26,,
1985-03-12,260.1,106.8,3.54564415209369,8.53,,
1985-03-13,260.25,106.8,3.54564415209369,9.12,,
1985-03-14,260.55,106.8,3.54564415209369,9.12,,
1985-03-15,260.55,106.8,3.54564415209369,8.81,,
1985-03-18,259.9,106.8,3.54564415209369,8.62,,
1985-03-19,256.3,106.8,3.54564415209369,8.62,,
1985-03-20,256.4,106.8,3.54564415209369,8.49,,
1985-03-21,254.1,106.8,3.54564415209369,8.6,,
1985-03-22,255.65,106.8,3.54564415209369,8.61,,
1985-03-25,256.65,106.8,3.54564415209369,8.45,,
1985-03-26,255.4,106.8,3.54564415209369,7.99,,
1985-03-27,251.95,106.8,3.54564415209369,7.79,,
1985-03-28,253.0,106.8,3.54564415209369,8.89,,
1985-03-29,251.0,106.8,3.54564415209369,8.58,,
1985-04-01,252.45,107.0,3.54564415209369,8.83,33161.0,41.31983
1985-04-02,254.3,107.0,3.54564415209369,8.79,33161.0,41.31983
1985-04-03,253.15,107.0,3.54564415209369,8.49,33161.0,41.31983
1985-04-04,254.5,107.0,3.54564415209369,8.56,33161.0,41.31983
1985-04-05,254.85,107.0,3.54564415209369,8.14,33161.0,41.31983
1985-04-08,255.5,107.0,3.54564415209369,8.58,33161.0,41.31983
1985-04-09,254.9,107.0,3.54564415209369,8.68,33161.0,41.31983
1985-04-10,254.25,107.0,3.54564415209369,8.94,33161.0,41.31983
1985-04-11,251.7,107.0,3.54564415209369,8.81,33161.0,41.31983
1985-04-12,251.35,107.0,3.54564415209369,8.49,33161.0,41.31983
1985-04-15,249.95,107.0,3.54564415209369,8.57,33161.0,41.31983
1985-04-16,249.55,107.0,3.54564415209369,8.3,33161.0,41.31983
1985-04-17,249.55,107.0,3.54564415209369,8.09,33161.0,41.31983
1985-04-18,247.6,107.0,3.54564415209369,7.84,33161.0,41.31983
1985-04-19,247.4,107.0,3.54564415209369,7.6,33161.0,41.31983
1985-04-22,248.8,107.0,3.54564415209369,7.52,33161.0,41.31983
1985-04-23,250.0,107.0,3.54564415209369,7.88,33161.0,41.31983
1985-04-24,251.3,107.0,3.54564415209369,7.81,33161.0,41.31983
1985-04-25,252.35,107.0,3.54564415209369,8.23,33161.0,41.31983
1985-04-26,252.95,107.0,3.54564415209369,8.14,33161.0,41.31983
1985-04-29,252.7,107.0,3.54564415209369,8.41,33161.0,41.31983
1985-04-30,251.5,107.0,3.54564415209369,8.58,33161.0,41.31983
1985-05-01,252.75,107.2,3.54564415209369,8.83,,
1985-05-02,252.95,107.2,3.54564415209369,8.83,,
1985-05-03,253.85,107.2,3.54564415209369,8.28,,
1985-05-06,254.55,107.2,3.54564415209369,7.97,,
1985-05-07,252.9,107.2,3.54564415209369,7.98,,
1985-05-08,253.75,107.2,3.54564415209369,7.71,,
1985-05-09,251.55,107.2,3.54564415209369,8.08,,
1985-05-10,252.4,107.2,3.54564415209369,8.18,,
1985-05-13,251.35,107.2,3.54564415209369,8.16,,
1985-05-14,249.6,107.2,3.54564415209369,8.02,,
1985-05-15,251.0,107.2,3.54564415209369,8.17,,
1985-05-16,251.5,107.2,3.54564415209369,8.24,,
1985-05-17,250.7,107.2,3.54564415209369,8.0,,
1985-05-20,249.65,107.2,3.54564415209369,7.75,,
1985-05-21,250.25,107.2,3.54564415209369,7.65,,
1985-05-22,250.75,107.2,3.54564415209369,7.76,,
1985-05-23,251.3,107.2,3.54564415209369,7.8,,
1985-05-24,251.1,107.2,3.54564415209369,7.46,,
1985-05-27,,107.2,3.54564415209369,7.46,,
1985-05-28,251.6,107.2,3.54564415209369,7.71,,
1985-05-29,251.75,107.2,3.54564415209369,7.87,,
1985-05-30,251.6,107.2,3.54564415209369,7.71,,
1985-05-31,251.2,107.2,3.54564415209369,7.64,,
1985-06-03,248.6,107.5,3.54564415209369,7.84,,
1985-06-04,249.1,107.5,3.54564415209369,7.91,,
1985-06-05,249.45,107.5,3.54564415209369,7.87,,
1985-06-06,247.7,107.5,3.54564415209369,7.77,,
1985-06-07,249.55,107.5,3.54564415209369,7.6,,
1985-06-10,250.0,107.5,3.54564415209369,7.76,,
1985-06-11,249.9,107.5,3.54564415209369,7.62,,
1985-06-12,249.85,107.5,3.54564415209369,7.4,,
1985-06-13,249.8,107.5,3.54564415209369,7.38,,
1985-06-14,248.75,107.5,3.54564415209369,7.27,,
1985-06-17,248.7,107.5,3.54564415209369,7.25,,
1985-06-18,247.55,107.5,3.54564415209369,6.77,,
1985-06-19,247.7,107.5,3.54564415209369,6.73,,
1985-06-20,248.35,107.5,3.54564415209369,7.34,,
1985-06-21,248.15,107.5,3.54564415209369,7.41,,
1985-06-24,248.8,107.5,3.54564415209369,7.59,,
1985-06-25,249.0,107.5,3.54564415209369,7.6,,
1985-06-26,248.45,107.5,3.54564415209369,7.46,,
1985-06-27,249.0,107.5,3.54564415209369,7.74,,
1985-06-28,248.4,107.5,3.54564415209369,7.95,,
1985-07-01,247.95,107.7,3.54564415209369,8.12,33581.0,41.55909
1985-07-02,248.35,107.7,3.54564415209369,8.13,33581.0,41.55909
1985-07-03,248.05,107.7,3.54564415209369,8.58,33581.0,41.55909
1985-07-04,,107.7,3.54564415209369,8.58,33581.0,41.55909
1985-07-05,247.0,107.7,3.54564415209369,8.05,33581.0,41.55909
1985-07-08,246.05,107.7,3.54564415209369,8.13,33581.0,41.55909
1985-07-09,244.25,107.7,3.54564415209369,7.96,33581.0,41.55909
1985-07-10,243.45,107.7,3.54564415209369,7.7,33581.0,41.55909
1985-07-11,243.0,107.7,3.54564415209369,7.8,33581.0,41.55909
1985-07-12,240.95,107.7,3.54564415209369,7.67,33581.0,41.55909
1985-07-15,237.65,107.7,3.54564415209369,7.71,33581.0,41.55909
1985-07-16,237.9,107.7,3.54564415209369,7.58,33581.0,41.55909
1985-07-17,236.5,107.7,3.54564415209369,8.26,33581.0,41.55909
1985-07-18,238.2,107.7,3.54564415209369,8.01,33581.0,41.55909
1985-07-19,238.75,107.7,3.54564415209369,7.91,33581.0,41.55909
1985-07-22,240.05,107.7,3.54564415209369,8.07,33581.0,41.55909
1985-07-23,238.0,107.7,3.54564415209369,7.83,33581.0,41.55909
1985-07-24,239.75,107.7,3.54564415209369,7.55,33581.0,41.55909
1985-07-25,238.9,107.7,3.54564415209369,7.49,33581.0,41.55909
1985-07-26,239.25,107.7,3.54564415209369,7.41,33581.0,41.55909
1985-07-29,237.15,107.7,3.54564415209369,7.6,33581.0,41.55909
1985-07-30,237.4,107.7,3.54564415209369,7.57,33581.0,41.55909
1985-07-31,236.45,107.7,3.54564415209369,8.61,33581.0,41.55909
1985-08-01,237.65,107.9,3.54564415209369,8.26,,
1985-08-02,237.45,107.9,3.54564415209369,7.94,,
1985-08-05,237.5,107.9,3.54564415209369,7.85,,
1985-08-06,238.45,107.9,3.54564415209369,7.76,,
1985-08-07,238.4,107.9,3.54564415209369,7.73,,
1985-08-08,238.5,107.9,3.54564415209369,7.68,,
1985-08-09,238.55,107.9,3.54564415209369,7.61,,
1985-08-12,237.3,107.9,3.54564415209369,7.85,,
1985-08-13,237.35,107.9,3.54564415209369,8.02,,
1985-08-14,238.0,107.9,3.54564415209369,8.75,,
1985-08-15,237.15,107.9,3.54564415209369,8.53,,
1985-08-16,236.85,107.9,3.54564415209369,8.22,,
1985-08-19,236.85,107.9,3.54564415209369,7.99,,
1985-08-20,237.4,107.9,3.54564415209369,7.67,,
1985-08-21,237.0,107.9,3.54564415209369,7.57,,
1985-08-22,235.85,107.9,3.54564415209369,7.79,,
1985-08-23,236.5,107.9,3.54564415209369,7.69,,
1985-08-26,236.89,107.9,3.54564415209369,7.86,,
1985-08-27,237.38,107.9,3.54564415209369,7.93,,
1985-08-28,237.0,107.9,3.54564415209369,7.82,,
1985-08-29,237.12,107.9,3.54564415209369,7.81,,
1985-08-30,239.0,107.9,3.54564415209369,7.8,,
1985-09-02,,108.1,3.54564415209369,7.8,,
1985-09-03,239.5,108.1,3.54564415209369,8.24,,
1985-09-04,239.6,108.1,3.54564415209369,7.91,,
1985-09-05,239.95,108.1,3.54564415209369,7.72,,
1985-09-06,243.6,108.1,3.54564415209369,7.68,,
1985-09-09,243.45,108.1,3.54564415209369,7.95,,
1985-09-10,242.75,108.1,3.54564415209369,7.83,,
1985-09-11,243.55,108.1,3.54564415209369,8.03,,
1985-09-12,243.2,108.1,3.54564415209369,7.95,,
1985-09-13,242.0,108.1,3.54564415209369,7.77,,
1985-09-16,241.35,108.1,3.54564415209369,8.06,,
1985-09-17,241.7,108.1,3.54564415209369,7.82,,
1985-09-18,242.25,108.1,3.54564415209369,7.82,,
1985-09-19,242.05,108.1,3.54564415209369,8.03,,
1985-09-20,240.1,108.1,3.54564415209369,7.93,,
1985-09-23,231.9,108.1,3.54564415209369,7.92,,
1985-09-24,229.8,108.1,3.54564415209369,7.85,,
1985-09-25,226.9,108.1,3.54564415209369,8.15,,
1985-09-26,220.3,108.1,3.54564415209369,7.87,,
1985-09-27,220.1,108.1,3.54564415209369,7.97,,
1985-09-30,216.5,108.1,3.54564415209369,8.84,,
1985-10-01,215.0,108.5,3.54564415209369,8.26,33746.0,43.78715
1985-10-02,214.1,108.5,3.54564415209369,7.97,33746.0,43.78715
1985-10-03,212.79,108.5,3.54564415209369,7.9,33746.0,43.78715
1985-10-04,213.45,108.5,3.54564415209369,7.73,33746.0,43.78715
1985-10-07,215.45,108.5,3.54564415209369,7.8,33746.0,43.78715
1985-10-08,216.0,108.5,3.54564415209369,7.7,33746.0,43.78715
1985-10-09,214.8,108.5,3.54564415209369,8.32,33746.0,43.78715
1985-10-10,215.4,108.5,3.54564415209369,8.28,33746.0,43.78715
1985-10-11,214.65,108.5,3.54564415209369,7.94,33746.0,43.78715
1985-10-14,,108.5,3.54564415209369,7.94,33746.0,43.78715
1985-10-15,215.45,108.5,3.54564415209369,8.16,33746.0,43.78715
1985-10-16,217.3,108.5,3.54564415209369,7.98,33746.0,43.78715
1985-10-17,215.15,108.5,3.54564415209369,7.99,33746.0,43.78715
1985-10-18,215.15,108.5,3.54564415209369,8.0,33746.0,43.78715
1985-10-21,215.7,108.5,3.54564415209369,8.15,33746.0,43.78715
1985-10-22,216.1,108.5,3.54564415209369,8.11,33746.0,43.78715
1985-10-23,215.9,108.5,3.54564415209369,8.71,33746.0,43.78715
1985-10-24,216.7,108.5,3.54564415209369,8.22,33746.0,43.78715
1985-10-25,214.9,108.5,3.54564415209369,7.87,33746.0,43.78715
1985-10-28,213.5,108.5,3.54564415209369,7.86,33746.0,43.78715
1985-10-29,212.43,108.5,3.54564415209369,7.73,33746.0,43.78715
1985-10-30,211.5,108.5,3.54564415209369,7.8,33746.0,43.78715
1985-10-31,211.55,108.5,3.54564415209369,8.08,33746.0,43.78715
1985-11-01,209.0,109.0,3.54564415209369,8.32,,
1985-11-04,207.9,109.0,3.54564415209369,8.33,,
1985-11-05,208.0,109.0,3.54564415209369,8.29,,
1985-11-06,205.25,109.0,3.54564415209369,8.42,,
1985-11-07,205.6,109.0,3.54564415209369,8.18,,
1985-11-08,205.85,109.0,3.54564415209369,7.87,,
1985-11-11,,109.0,3.54564415209369,7.87,,
1985-11-12,205.85,109.0,3.54564415209369,8.03,,
1985-11-13,204.0,109.0,3.54564415209369,7.97,,
1985-11-14,203.35,109.0,3.54564415209369,7.95,,
1985-11-15,204.3,109.0,3.54564415209369,8.58,,
1985-11-18,203.45,109.0,3.54564415209369,7.81,,
1985-11-19,203.0,109.0,3.54564415209369,7.29,,
1985-11-20,203.45,109.0,3.54564415209369,8.12,,
1985-11-21,202.1,109.0,3.54564415209369,8.04,,
1985-11-22,201.35,109.0,3.54564415209369,7.41,,
1985-11-25,200.8,109.0,3.54564415209369,7.94,,
1985-11-26,201.0,109.0,3.54564415209369,7.9,,
1985-11-27,201.05,109.0,3.54564415209369,7.88,,
1985-11-28,,109.0,3.54564415209369,7.88,,
1985-11-29,202.1,109.0,3.54564415209369,8.54,,
1985-12-02,204.03,109.5,3.54564415209369,8.56,,
1985-12-03,204.75,109.5,3.54564415209369,8.68,,
1985-12-04,202.65,109.5,3.54564415209369,8.69,,
1985-12-05,203.0,109.5,3.54564415209369,8.29,,
1985-12-06,203.4,109.5,3.54564415209369,7.99,,
1985-12-09,203.5,109.5,3.54564415209369,8.02,,
1985-12-10,203.6,109.5,3.54564415209369,7.93,,
1985-12-11,203.9,109.5,3.54564415209369,7.99,,
1985-12-12,202.05,109.5,3.54564415209369,7.9,,
1985-12-13,202.8,109.5,3.54564415209369,7.84,,
1985-12-16,202.6,109.5,3.54564415209369,8.0,,
1985-12-17,201.95,109.5,3.54564415209369,7.93,,
1985-12-18,203.15,109.5,3.54564415209369,8.98,,
1985-12-19,202.97,109.5,3.54564415209369,8.17,,
1985-12-20,202.7,109.5,3.54564415209369,7.99,,
1985-12-23,202.45,109.5,3.54564415209369,8.03,,
1985-12-24,202.75,109.5,3.54564415209369,7.97,,
1985-12-25,,109.5,3.54564415209369,7.97,,
1985-12-26,202.8,109.5,3.54564415209369,8.0,,
1985-12-27,202.2,109.5,3.54564415209369,7.62,,
1985-12-30,201.05,109.5,3.54564415209369,9.08,,
1985-12-31,200.25,109.5,3.54564415209369,13.46,,
1986-01-01,,109.9,1.89804772234275,13.46,33994.0,44.07415
1986-01-02,199.15,109.9,1.89804772234275,8.76,33994.0,44.07415
1986-01-03,202.53,109.9,1.89804772234275,8.34,33994.0,44.07415
1986-01-06,201.9,109.9,1.89804772234275,8.0,33994.0,44.07415
1986-01-07,201.7,109.9,1.89804772234275,7.82,33994.0,44.07415
1986-01-08,202.1,109.9,1.89804772234275,7.79,33994.0,44.07415
1986-01-09,202.1,109.9,1.89804772234275,7.93,33994.0,44.07415
1986-01-10,202.35,109.9,1.89804772234275,7.87,33994.0,44.07415
1986-01-13,202.7,109.9,1.89804772234275,8.08,33994.0,44.07415
1986-01-14,202.6,109.9,1.89804772234275,7.94,33994.0,44.07415
1986-01-15,202.5,109.9,1.89804772234275,8.04,33994.0,44.07415
1986-01-16,202.55,109.9,1.89804772234275,7.92,33994.0,44.07415
1986-01-17,202.52,109.9,1.89804772234275,7.8,33994.0,44.07415
1986-01-20,,109.9,1.89804772234275,7.8,33994.0,44.07415
1986-01-21,202.35,109.9,1.89804772234275,7.96,33994.0,44.07415
1986-01-22,201.7,109.9,1.89804772234275,8.01,33994.0,44.07415
1986-01-23,202.05,109.9,1.89804772234275,7.89,33994.0,44.07415
1986-01-24,196.05,109.9,1.89804772234275,7.79,33994.0,44.07415
1986-01-27,195.75,109.9,1.89804772234275,7.95,33994.0,44.07415
1986-01-28,195.65,109.9,1.89804772234275,7.85,33994.0,44.07415
1986-01-29,194.1,109.9,1.89804772234275,7.78,33994.0,44.07415
1986-01-30,193.05,109.9,1.89804772234275,8.02,33994.0,44.07415
1986-01-31,192.3,109.9,1.89804772234275,8.09,33994.0,44.07415
1986-02-03,191.55,109.7,1.89804772234275,8.02,,
1986-02-04,192.05,109.7,1.89804772234275,7.79,,
1986-02-05,190.65,109.7,1.89804772234275,7.69,,
1986-02-06,190.48,109.7,1.89804772234275,7.73,,
1986-02-07,191.35,109.7,1.89804772234275,7.8,,
1986-02-10,188.15,109.7,1.89804772234275,7.92,,
1986-02-11,187.45,109.7,1.89804772234275,7.84,,
1986-02-12,186.72,109.7,1.89804772234275,8.03,,
1986-02-13,182.3,109.7,1.89804772234275,7.89,,
1986-02-14,182.0,109.7,1.89804772234275,7.75,,
1986-02-17,,109.7,1.89804772234275,7.75,,
1986-02-18,181.05,109.7,1.89804772234275,8.09,,
1986-02-19,179.4,109.7,1.89804772234275,7.91,,
1986-02-20,181.1,109.7,1.89804772234275,7.82,,
1986-02-21,182.98,109.7,1.89804772234275,7.73,,
1986-02-24,182.15,109.7,1.89804772234275,7.89,,
1986-02-25,180.95,109.7,1.89804772234275,7.88,,
1986-02-26,181.15,109.7,1.89804772234275,7.95,,
1986-02-27,180.15,109.7,1.89804772234275,7.91,,
1986-02-28,180.55,109.7,1.89804772234275,7.95,,
1986-03-03,179.65,109.1,1.89804772234275,7.93,,
1986-03-04,179.0,109.1,1.89804772234275,7.76,,
1986-03-05,181.45,109.1,1.89804772234275,7.77,,
1986-03-06,179.3,109.1,1.89804772234275,7.66,,
1986-03-07,179.45,109.1,1.89804772234275,7.39,,
1986-03-10,180.7,109.1,1.89804772234275,7.42,,
1986-03-11,179.9,109.1,1.89804772234275,7.53,,
1986-03-12,180.2,109.1,1.89804772234275,7.88,,
1986-03-13,179.9,109.1,1.89804772234275,7.56,,
1986-03-14,177.15,109.1,1.89804772234275,7.39,,
1986-03-17,175.73,109.1,1.89804772234275,7.6,,
1986-03-18,175.0,109.1,1.89804772234275,7.55,,
1986-03-19,177.1,109.1,1.89804772234275,7.38,,
1986-03-20,176.37,109.1,1.89804772234275,7.25,,
1986-03-21,175.8,109.1,1.89804772234275,7.17,,
1986-03-24,178.9,109.1,1.89804772234275,7.24,,
1986-03-25,180.2,109.1,1.89804772234275,7.35,,
1986-03-26,179.8,109.1,1.89804772234275,7.41,,
1986-03-27,179.52,109.1,1.89804772234275,7.42,,
1986-03-28,179.85,109.1,1.89804772234275,7.11,,
1986-03-31,177.6,109.1,1.89804772234275,8.06,,
1986-04-01,178.15,108.7,1.89804772234275,7.49,34075.0,45.30682
1986-04-02,179.5,108.7,1.89804772234275,7.45,34075.0,45.30682
1986-04-03,179.9,108.7,1.89804772234275,7.44,34075.0,45.30682
1986-04-04,180.35,108.7,1.89804772234275,6.97,34075.0,45.30682
1986-04-07,182.85,108.7,1.89804772234275,7.09,34075.0,45.30682
1986-04-08,180.05,108.7,1.89804772234275,6.96,34075.0,45.30682
1986-04-09,180.05,108.7,1.89804772234275,6.92,34075.0,45.30682
1986-04-10,178.8,108.7,1.89804772234275,7.11,34075.0,45.30682
1986-04-11,178.35,108.7,1.89804772234275,6.87,34075.0,45.30682
1986-04-14,179.12,108.7,1.89804772234275,6.99,34075.0,45.30682
1986-04-15,178.25,108.7,1.89804772234275,7.07,34075.0,45.30682
1986-04-16,176.5,108.7,1.89804772234275,7.02,34075.0,45.30682
1986-04-17,175.15,108.7,1.89804772234275,6.79,34075.0,45.30682
1986-04-18,173.8,108.7,1.89804772234275,6.71,34075.0,45.30682
1986-04-21,172.0,108.7,1.89804772234275,7.0,34075.0,45.30682
1986-04-22,170.15,108.7,1.89804772234275,7.14,34075.0,45.30682
1986-04-23,169.35,108.7,1.89804772234275,7.37,34075.0,45.30682
1986-04-24,169.0,108.7,1.89804772234275,6.99,34075.0,45.30682
1986-04-25,168.1,108.7,1.89804772234275,6.78,34075.0,45.30682
1986-04-28,167.15,108.7,1.89804772234275,6.9,34075.0,45.30682
1986-04-29,167.85,108.7,1.89804772234275,6.87,34075.0,45.30682
1986-04-30,167.6,108.7,1.89804772234275,7.05,34075.0,45.30682
1986-05-01,169.65,109.0,1.89804772234275,7.13,,
1986-05-02,169.9,109.0,1.89804772234275,6.86,,
1986-05-05,165.62,109.0,1.89804772234275,6.88,,
1986-05-06,166.25,109.0,1.89804772234275,6.73,,
1986-05-07,165.1,109.0,1.89804772234275,6.74,,
1986-05-08,163.62,109.0,1.89804772234275,6.84,,
1986-05-09,162.35,109.0,1.89804772234275,6.78,,
1986-05-12,161.15,109.0,1.89804772234275,6.92,,
1986-05-13,163.0,109.0,1.89804772234275,6.85,,
1986-05-14,163.3,109.0,1.89804772234275,6.82,,
1986-05-15,163.6,109.0,1.89804772234275,7.0,,
1986-05-16,165.4,109.0,1.89804772234275,6.8,,
1986-05-19,168.15,109.0,1.89804772234275,6.89,,
1986-05-20,168.6,109.0,1.89804772234275,6.86,,
1986-05-21,168.77,109.0,1.89804772234275,6.96,,
1986-05-22,169.3,109.0,1.89804772234275,6.87,,
1986-05-23,169.6,109.0,1.89804772234275,6.79,,
1986-05-26,,109.0,1.89804772234275,6.79,,
1986-05-27,169.2,109.0,1.89804772234275,6.98,,
1986-05-28,169.0,109.0,1.89804772234275,6.97,,
1986-05-29,171.6,109.0,1.89804772234275,6.84,,
1986-05-30,174.5,109.0,1.89804772234275,6.84,,
1986-06-02,174.9,109.4,1.89804772234275,7.05,,
1986-06-03,171.6,109.4,1.89804772234275,7.1,,
1986-06-04,171.53,109.4,1.89804772234275,7.16,,
1986-06-05,168.9,109.4,1.89804772234275,6.99,,
1986-06-06,167.7,109.4,1.89804772234275,6.85,,
1986-06-09,167.87,109.4,1.89804772234275,7.0,,
1986-06-10,166.9,109.4,1.89804772234275,6.87,,
1986-06-11,166.35,109.4,1.89804772234275,6.84,,
1986-06-12,165.85,109.4,1.89804772234275,6.9,,
1986-06-13,165.25,109.4,1.89804772234275,6.84,,
1986-06-16,165.5,109.4,1.89804772234275,6.95,,
1986-06-17,167.8,109.4,1.89804772234275,6.83,,
1986-06-18,167.65,109.4,1.89804772234275,6.87,,
1986-06-19,166.88,109.4,1.89804772234275,6.88,,
1986-06-20,167.7,109.4,1.89804772234275,6.83,,
1986-06-23,167.9,109.4,1.89804772234275,6.91,,
1986-06-24,166.65,109.4,1.89804772234275,6.88,,
1986-06-25,166.1,109.4,1.89804772234275,6.84,,
1986-06-26,166.1,109.4,1.89804772234275,6.85,,
1986-06-27,165.45,109.4,1.89804772234275,6.82,,
1986-06-30,163.8,109.4,1.89804772234275,7.72,,
1986-07-01,162.7,109.5,1.89804772234275,6.97,34316.0,46.12536
1986-07-02,163.35,109.5,1.89804772234275,7.12,34316.0,46.12536
1986-07-03,161.4,109.5,1.89804772234275,6.87,34316.0,46.12536
1986-07-04,,109.5,1.89804772234275,6.87,34316.0,46.12536
1986-07-07,160.7,109.5,1.89804772234275,6.93,34316.0,46.12536
1986-07-08,161.0,109.5,1.89804772234275,6.88,34316.0,46.12536
1986-07-09,161.08,109.5,1.89804772234275,6.8,34316.0,46.12536
1986-07-10,160.5,109.5,1.89804772234275,6.78,34316.0,46.12536
1986-07-11,161.35,109.5,1.89804772234275,6.47,34316.0,46.12536
1986-07-14,160.25,109.5,1.89804772234275,6.48,34316.0,46.12536
1986-07-15,159.5,109.5,1.89804772234275,6.39,34316.0,46.12536
1986-07-16,158.4,109.5,1.89804772234275,6.54,34316.0,46.12536
1986-07-17,157.35,109.5,1.89804772234275,6.5,34316.0,46.12536
1986-07-18,156.45,109.5,1.89804772234275,6.38,34316.0,46.12536
1986-07-21,155.05,109.5,1.89804772234275,6.48,34316.0,46.12536
1986-07-22,156.8,109.5,1.89804772234275,6.39,34316.0,46.12536
1986-07-23,157.45,109.5,1.89804772234275,6.41,34316.0,46.12536
1986-07-24,156.7,109.5,1.89804772234275,6.33,34316.0,46.12536
1986-07-25,157.7,109.5,1.89804772234275,6.3,34316.0,46.12536
1986-07-28,155.95,109.5,1.89804772234275,6.42,34316.0,46.12536
1986-07-29,155.7,109.5,1.89804772234275,6.31,34316.0,46.12536
1986-07-30,156.1,109.5,1.89804772234275,6.26,34316.0,46.12536
1986-07-31,153.85,109.5,1.89804772234275,6.35,34316.0,46.12536
1986-08-01,153.85,109.6,1.89804772234275,6.38,,
1986-08-04,154.0,109.6,1.89804772234275,6.38,,
1986-08-05,154.95,109.6,1.89804772234275,6.35,,
1986-08-06,154.4,109.6,1.89804772234275,6.28,,
1986-08-07,153.8,109.6,1.89804772234275,6.33,,
1986-08-08,154.15,109.6,1.89804772234275,6.36,,
1986-08-11,153.77,109.6,1.89804772234275,6.4,,
1986-08-12,154.7,109.6,1.89804772234275,6.28,,
1986-08-13,154.3,109.6,1.89804772234275,6.09,,
1986-08-14,153.73,109.6,1.89804772234275,6.29,,
1986-08-15,154.2,109.6,1.89804772234275,6.47,,
1986-08-18,154.2,109.6,1.89804772234275,6.41,,
1986-08-19,153.5,109.6,1.89804772234275,6.32,,
1986-08-20,153.4,109.6,1.89804772234275,6.24,,
1986-08-21,153.25,109.6,1.89804772234275,5.94,,
1986-08-22,153.45,109.6,1.89804772234275,5.86,,
1986-08-25,153.84,109.6,1.89804772234275,5.9,,
1986-08-26,154.95,109.6,1.89804772234275,5.83,,
1986-08-27,154.68,109.6,1.89804772234275,5.86,,
1986-08-28,156.05,109.6,1.89804772234275,5.87,,
1986-08-29,154.55,109.6,1.89804772234275,5.77,,
1986-09-01,,110.0,1.89804772234275,5.77,,
1986-09-02,154.25,110.0,1.89804772234275,5.94,,
1986-09-03,154.7,110.0,1.89804772234275,5.92,,
1986-09-04,154.9,110.0,1.89804772234275,5.83,,
1986-09-05,155.4,110.0,1.89804772234275,5.75,,
1986-09-08,156.15,110.0,1.89804772234275,5.86,,
1986-09-09,155.7,110.0,1.89804772234275,5.83,,
1986-09-10,154.8,110.0,1.89804772234275,6.0,,
1986-09-11,156.4,110.0,1.89804772234275,5.88,,
1986-09-12,155.35,110.0,1.89804772234275,5.86,,
1986-09-15,155.18,110.0,1.89804772234275,5.97,,
1986-09-16,156.35,110.0,1.89804772234275,5.88,,
1986-09-17,154.8,110.0,1.89804772234275,5.82,,
1986-09-18,153.65,110.0,1.89804772234275,5.84,,
1986-09-19,152.0,110.0,1.89804772234275,5.8,,
1986-09-22,153.6,110.0,1.89804772234275,5.89,,
1986-09-23,154.66,110.0,1.89804772234275,5.75,,
1986-09-24,154.57,110.0,1.89804772234275,5.76,,
1986-09-25,154.55,110.0,1.89804772234275,5.91,,
1986-09-26,154.35,110.0,1.89804772234275,5.9,,
1986-09-29,153.65,110.0,1.89804772234275,6.03,,
1986-09-30,154.35,110.0,1.89804772234275,6.9,,
1986-10-01,154.15,110.2,1.89804772234275,5.99,34418.0,47.55286
1986-10-02,153.92,110.2,1.89804772234275,5.94,34418.0,47.55286
1986-10-03,154.17,110.2,1.89804772234275,5.79,34418.0,47.55286
1986-10-06,154.06,110.2,1.89804772234275,5.78,34418.0,47.55286
1986-10-07,154.07,110.2,1.89804772234275,5.56,34418.0,47.55286
1986-10-08,154.35,110.2,1.89804772234275,5.57,34418.0,47.55286
1986-10-09,154.95,110.2,1.89804772234275,5.84,34418.0,47.55286
1986-10-10,154.45,110.2,1.89804772234275,5.78,34418.0,47.55286
1986-10-13,,110.2,1.89804772234275,5.78,34418.0,47.55286
1986-10-14,153.97,110.2,1.89804772234275,5.95,34418.0,47.55286
1986-10-15,154.2,110.2,1.89804772234275,5.93,34418.0,47.55286
1986-10-16,154.2,110.2,1.89804772234275,5.89,34418.0,47.55286
1986-10-17,154.23,110.2,1.89804772234275,5.84,34418.0,47.55286
1986-10-20,154.75,110.2,1.89804772234275,5.91,34418.0,47.55286
1986-10-21,155.16,110.2,1.89804772234275,5.86,34418.0,47.55286
1986-10-22,155.8,110.2,1.89804772234275,6.17,34418.0,47.55286
1986-10-23,158.13,110.2,1.89804772234275,5.94,34418.0,47.55286
1986-10-24,161.35,110.2,1.89804772234275,5.83,34418.0,47.55286
1986-10-27,160.7,110.2,1.89804772234275,5.9,34418.0,47.55286
1986-10-28,160.1,110.2,1.89804772234275,5.85,34418.0,47.55286
1986-10-29,160.5,110.2,1.89804772234275,5.83,34418.0,47.55286
1986-10-30,161.78,110.2,1.89804772234275,5.88,34418.0,47.55286
1986-10-31,163.4,110.2,1.89804772234275,5.93,34418.0,47.55286
1986-11-03,164.0,110.4,1.89804772234275,6.0,,
1986-11-04,163.92,110.4,1.89804772234275,5.94,,
1986-11-05,164.5,110.4,1.89804772234275,6.55,,
1986-11-06,163.3,110.4,1.89804772234275,6.07,,
1986-11-07,163.2,110.4,1.89804772234275,5.94,,
1986-11-10,162.85,110.4,1.89804772234275,5.99,,
1986-11-11,,110.4,1.89804772234275,5.99,,
1986-11-12,160.62,110.4,1.89804772234275,5.99,,
1986-11-13,160.9,110.4,1.89804772234275,5.94,,
1986-11-14,161.45,110.4,1.89804772234275,5.89,,
1986-11-17,162.82,110.4,1.89804772234275,6.14,,
1986-11-18,162.8,110.4,1.89804772234275,6.02,,
1986-11-19,162.4,110.4,1.89804772234275,7.13,,
1986-11-20,162.75,110.4,1.89804772234275,6.16,,
1986-11-21,164.05,110.4,1.89804772234275,5.96,,
1986-11-24,164.18,110.4,1.89804772234275,5.98,,
1986-11-25,162.55,110.4,1.89804772234275,5.98,,
1986-11-26,162.95,110.4,1.89804772234275,5.99,,
1986-11-27,,110.4,1.89804772234275,5.99,,
1986-11-28,162.05,110.4,1.89804772234275,6.03,,
1986-12-01,162.25,110.8,1.89804772234275,6.38,,
1986-12-02,162.0,110.8,1.89804772234275,6.54,,
1986-12-03,162.26,110.8,1.89804772234275,6.72,,
1986-12-04,162.77,110.8,1.89804772234275,6.14,,
1986-12-05,162.42,110.8,1.89804772234275,5.94,,
1986-12-08,162.4,110.8,1.89804772234275,6.02,,
1986-12-09,162.6,110.8,1.89804772234275,5.95,,
1986-12-10,162.75,110.8,1.89804772234275,5.86,,
1986-12-11,162.7,110.8,1.89804772234275,5.86,,
1986-12-12,163.05,110.8,1.89804772234275,5.93,,
1986-12-15,163.25,110.8,1.89804772234275,6.53,,
1986-12-16,163.95,110.8,1.89804772234275,6.48,,
1986-12-17,163.65,110.8,1.89804772234275,7.46,,
1986-12-18,163.0,110.8,1.89804772234275,6.44,,
1986-12-19,162.2,110.8,1.89804772234275,6.22,,
1986-12-22,162.75,110.8,1.89804772234275,6.48,,
1986-12-23,162.7,110.8,1.89804772234275,6.39,,
1986-12-24,161.45,110.8,1.89804772234275,6.23,,
1986-12-25,,110.8,1.89804772234275,6.23,,
1986-12-26,159.75,110.8,1.89804772234275,6.42,,
1986-12-29,159.05,110.8,1.89804772234275,8.38,,
1986-12-30,159.9,110.8,1.89804772234275,16.17,,
1986-12-31,158.3,110.8,1.89804772234275,14.35,,
1987-01-01,,111.4,3.66456321751691,14.35,34607.0,47.57835
1987-01-02,158.25,111.4,3.66456321751691,6.46,34607.0,47.57835
1987-01-05,159.4,111.4,3.66456321751691,6.86,34607.0,47.57835
1987-01-06,158.78,111.4,3.66456321751691,6.56,34607.0,47.57835
1987-01-07,158.05,111.4,3.66456321751691,6.2,34607.0,47.57835
1987-01-08,158.23,111.4,3.66456321751691,5.98,34607.0,47.57835
1987-01-09,158.2,111.4,3.66456321751691,5.93,34607.0,47.57835
1987-01-12,156.77,111.4,3.66456321751691,6.22,34607.0,47.57835
1987-01-13,155.75,111.4,3.66456321751691,6.19,34607.0,47.57835
1987-01-14,152.8,111.4,3.66456321751691,5.89,34607.0,47.57835
1987-01-15,153.55,111.4,3.66456321751691,6.01,34607.0,47.57835
1987-01-16,153.4,111.4,3.66456321751691,5.97,34607.0,47.57835
1987-01-19,,111.4,3.66456321751691,5.97,34607.0,47.57835
1987-01-20,152.68,111.4,3.66456321751691,6.13,34607.0,47.57835
1987-01-21,153.95,111.4,3.66456321751691,6.07,34607.0,47.57835
1987-01-22,151.9,111.4,3.66456321751691,6.08,34607.0,47.57835
1987-01-23,153.08,111.4,3.66456321751691,6.02,34607.0,47.57835
1987-01-26,152.65,111.4,3.66456321751691,6.14,34607.0,47.57835
1987-01-27,151.65,111.4,3.66456321751691,6.15,34607.0,47.57835
1987-01-28,151.75,111.4,3.66456321751691,6.5,34607.0,47.57835
1987-01-29,152.1,111.4,3.66456321751691,6.22,34607.0,47.57835
1987-01-30,153.65,111.4,3.66456321751691,6.28,34607.0,47.57835
1987-02-02,152.57,111.8,3.66456321751691,6.3,,
1987-02-03,152.5,111.8,3.66456321751691,6.2,,
1987-02-04,152.8,111.8,3.66456321751691,5.97,,
1987-02-05,153.63,111.8,3.66456321751691,5.95,,
1987-02-06,154.45,111.8,3.66456321751691,6.07,,
1987-02-09,152.55,111.8,3.66456321751691,6.29,,
1987-02-10,152.4,111.8,3.66456321751691,6.33,,
1987-02-11,153.7,111.8,3.66456321751691,6.17,,
1987-02-12,154.1,111.8,3.66456321751691,6.22,,
1987-02-13,153.7,111.8,3.66456321751691,6.1,,
1987-02-16,,111.8,3.66456321751691,6.1,,
1987-02-17,153.22,111.8,3.66456321751691,6.59,,
1987-02-18,153.85,111.8,3.66456321751691,6.25,,
1987-02-19,154.13,111.8,3.66456321751691,6.0,,
1987-02-20,153.65,111.8,3.66456321751691,5.92,,
1987-02-23,153.68,111.8,3.66456321751691,6.06,,
1987-02-24,153.78,111.8,3.66456321751691,5.95,,
1987-02-25,153.6,111.8,3.66456321751691,5.89,,
1987-02-26,153.15,111.8,3.66456321751691,5.97,,
1987-02-27,153.27,111.8,3.66456321751691,6.02,,
1987-03-02,153.5,112.2,3.66456321751691,6.18,,
1987-03-03,153.65,112.2,3.66456321751691,6.22,,
1987-03-04,153.71,112.2,3.66456321751691,6.01,,
1987-03-05,153.2,112.2,3.66456321751691,5.99,,
1987-03-06,153.47,112.2,3.66456321751691,6.0,,
1987-03-09,153.8,112.2,3.66456321751691,6.21,,
1987-03-10,153.65,112.2,3.66456321751691,6.29,,
1987-03-11,153.82,112.2,3.66456321751691,6.32,,
1987-03-12,153.63,112.2,3.66456321751691,6.14,,
1987-03-13,152.65,112.2,3.66456321751691,6.05,,
1987-03-16,151.65,112.2,3.66456321751691,6.25,,
1987-03-17,151.95,112.2,3.66456321751691,6.05,,
1987-03-18,151.95,112.2,3.66456321751691,5.97,,
1987-03-19,151.48,112.2,3.66456321751691,6.06,,
1987-03-20,151.7,112.2,3.66456321751691,6.09,,
1987-03-23,150.25,112.2,3.66456321751691,6.21,,
1987-03-24,149.32,112.2,3.66456321751691,6.14,,
1987-03-25,149.15,112.2,3.66456321751691,6.28,,
1987-03-26,149.2,112.2,3.66456321751691,6.21,,
1987-03-27,147.72,112.2,3.66456321751691,6.15,,
1987-03-30,146.4,112.2,3.66456321751691,6.33,,
1987-03-31,145.68,112.2,3.66456321751691,6.23,,
1987-04-01,146.82,112.7,3.66456321751691,6.22,34907.0,48.04867
1987-04-02,146.5,112.7,3.66456321751691,6.14,34907.0,48.04867
1987-04-03,146.2,112.7,3.66456321751691,5.99,34907.0,48.04867
1987-04-06,146.1,112.7,3.66456321751691,6.2,34907.0,48.04867
1987-04-07,145.35,112.7,3.66456321751691,6.17,34907.0,48.04867
1987-04-08,146.6,112.7,3.66456321751691,6.45,34907.0,48.04867
1987-04-09,144.7,112.7,3.66456321751691,6.27,34907.0,48.04867
1987-04-10,142.55,112.7,3.66456321751691,6.35,34907.0,48.04867
1987-04-13,142.65,112.7,3.66456321751691,6.56,34907.0,48.04867
1987-04-14,141.13,112.7,3.66456321751691,6.55,34907.0,48.04867
1987-04-15,141.75,112.7,3.66456321751691,6.45,34907.0,48.04867
1987-04-16,143.0,112.7,3.66456321751691,6.26,34907.0,48.04867
1987-04-17,143.2,112.7,3.66456321751691,6.05,34907.0,48.04867
1987-04-20,142.4,112.7,3.66456321751691,6.21,34907.0,48.04867
1987-04-21,142.35,112.7,3.66456321751691,6.42,34907.0,48.04867
1987-04-22,142.35,112.7,3.66456321751691,6.78,34907.0,48.04867
1987-04-23,141.2,112.7,3.66456321751691,6.42,34907.0,48.04867
1987-04-24,139.75,112.7,3.66456321751691,6.29,34907.0,48.04867
1987-04-27,138.4,112.7,3.66456321751691,6.57,34907.0,48.04867
1987-04-28,139.9,112.7,3.66456321751691,6.75,34907.0,48.04867
1987-04-29,140.2,112.7,3.66456321751691,6.87,34907.0,48.04867
1987-04-30,140.67,112.7,3.66456321751691,7.63,34907.0,48.04867
1987-05-01,140.35,113.0,3.66456321751691,7.67,,
1987-05-04,139.1,113.0,3.66456321751691,7.0,,
1987-05-05,138.67,113.0,3.66456321751691,6.86,,
1987-05-06,139.2,113.0,3.66456321751691,6.61,,
1987-05-07,139.4,113.0,3.66456321751691,6.84,,
1987-05-08,139.6,113.0,3.66456321751691,6.72,,
1987-05-11,139.5,113.0,3.66456321751691,6.84,,
1987-05-12,139.6,113.0,3.66456321751691,6.75,,
1987-05-13,139.76,113.0,3.66456321751691,6.67,,
1987-05-14,139.5,113.0,3.66456321751691,6.75,,
1987-05-15,139.8,113.0,3.66456321751691,6.84,,
1987-05-18,139.95,113.0,3.66456321751691,6.88,,
1987-05-19,140.0,113.0,3.66456321751691,6.67,,
1987-05-20,139.78,113.0,3.66456321751691,6.6,,
1987-05-21,140.45,113.0,3.66456321751691,6.77,,
1987-05-22,140.6,113.0,3.66456321751691,6.72,,
1987-05-25,,113.0,3.66456321751691,6.72,,
1987-05-26,143.3,113.0,3.66456321751691,6.97,,
1987-05-27,143.52,113.0,3.66456321751691,6.97,,
1987-05-28,143.4,113.0,3.66456321751691,6.8,,
1987-05-29,144.1,113.0,3.66456321751691,6.63,,
1987-06-01,145.45,113.5,3.66456321751691,6.74,,
1987-06-02,142.25,113.5,3.66456321751691,6.56,,
1987-06-03,142.8,113.5,3.66456321751691,6.58,,
1987-06-04,144.3,113.5,3.66456321751691,6.74,,
1987-06-05,143.8,113.5,3.66456321751691,6.7,,
1987-06-08,143.45,113.5,3.66456321751691,6.75,,
1987-06-09,142.5,113.5,3.66456321751691,6.68,,
1987-06-10,142.45,113.5,3.66456321751691,6.63,,
1987-06-11,142.55,113.5,3.66456321751691,6.73,,
1987-06-12,143.85,113.5,3.66456321751691,6.71,,
1987-06-15,144.8,113.5,3.66456321751691,6.85,,
1987-06-16,144.45,113.5,3.66456321751691,6.74,,
1987-06-17,144.65,113.5,3.66456321751691,6.8,,
1987-06-18,144.6,113.5,3.66456321751691,6.81,,
1987-06-19,145.05,113.5,3.66456321751691,6.76,,
1987-06-22,145.9,113.5,3.66456321751691,6.83,,
1987-06-23,146.03,113.5,3.66456321751691,6.84,,
1987-06-24,145.08,113.5,3.66456321751691,6.75,,
1987-06-25,146.33,113.5,3.66456321751691,6.81,,
1987-06-26,146.3,113.5,3.66456321751691,6.72,,
1987-06-29,146.7,113.5,3.66456321751691,6.68,,
1987-06-30,146.8,113.5,3.66456321751691,6.56,,
1987-07-01,146.85,113.8,3.66456321751691,6.07,35123.0,48.1165
1987-07-02,147.3,113.8,3.66456321751691,6.68,35123.0,48.1165
1987-07-03,148.82,113.8,3.66456321751691,6.59,35123.0,48.1165
1987-07-06,149.13,113.8,3.66456321751691,6.73,35123.0,48.1165
1987-07-07,149.7,113.8,3.66456321751691,6.72,35123.0,48.1165
1987-07-08,150.57,113.8,3.66456321751691,6.59,35123.0,48.1165
1987-07-09,149.98,113.8,3.66456321751691,6.62,35123.0,48.1165
1987-07-10,150.65,113.8,3.66456321751691,6.54,35123.0,48.1165
1987-07-13,150.98,113.8,3.66456321751691,6.62,35123.0,48.1165
1987-07-14,151.08,113.8,3.66456321751691,6.4,35123.0,48.1165
1987-07-15,148.65,113.8,3.66456321751691,6.38,35123.0,48.1165
1987-07-16,150.55,113.8,3.66456321751691,6.56,35123.0,48.1165
1987-07-17,152.76,113.8,3.66456321751691,6.56,35123.0,48.1165
1987-07-20,152.85,113.8,3.66456321751691,6.66,35123.0,48.1165
1987-07-21,152.66,113.8,3.66456321751691,6.58,35123.0,48.1165
1987-07-22,152.34,113.8,3.66456321751691,6.52,35123.0,48.1165
1987-07-23,150.78,113.8,3.66456321751691,6.6,35123.0,48.1165
1987-07-24,149.95,113.8,3.66456321751691,6.62,35123.0,48.1165
1987-07-27,150.45,113.8,3.66456321751691,6.64,35123.0,48.1165
1987-07-28,150.38,113.8,3.66456321751691,6.58,35123.0,48.1165
1987-07-29,150.78,113.8,3.66456321751691,6.7,35123.0,48.1165
1987-07-30,149.65,113.8,3.66456321751691,6.72,35123.0,48.1165
1987-07-31,149.9,113.8,3.66456321751691,6.75,35123.0,48.1165
1987-08-03,150.5,114.3,3.66456321751691,6.82,,
1987-08-04,152.1,114.3,3.66456321751691,6.76,,
1987-08-05,150.75,114.3,3.66456321751691,6.68,,
1987-08-06,151.45,114.3,3.66456321751691,6.62,,
1987-08-07,151.57,114.3,3.66456321751691,6.57,,
1987-08-10,151.12,114.3,3.66456321751691,6.58,,
1987-08-11,151.77,114.3,3.66456321751691,6.47,,
1987-08-12,151.25,114.3,3.66456321751691,6.65,,
1987-08-13,151.45,114.3,3.66456321751691,6.67,,
1987-08-14,150.0,114.3,3.66456321751691,6.75,,
1987-08-17,149.92,114.3,3.66456321751691,6.91,,
1987-08-18,146.07,114.3,3.66456321751691,6.7,,
1987-08-19,145.1,114.3,3.66456321751691,6.66,,
1987-08-20,144.15,114.3,3.66456321751691,6.63,,
1987-08-21,142.75,114.3,3.66456321751691,6.62,,
1987-08-24,142.0,114.3,3.66456321751691,6.77,,
1987-08-25,143.22,114.3,3.66456321751691,6.85,,
1987-08-26,143.05,114.3,3.66456321751691,7.24,,
1987-08-27,142.05,114.3,3.66456321751691,6.9,,
1987-08-28,142.0,114.3,3.66456321751691,6.84,,
1987-08-31,141.75,114.3,3.66456321751691,6.95,,
1987-09-01,141.83,114.7,3.66456321751691,6.84,,
1987-09-02,141.03,114.7,3.66456321751691,6.77,,
1987-09-03,141.03,114.7,3.66456321751691,6.84,,
1987-09-04,141.75,114.7,3.66456321751691,6.85,,
1987-09-07,,114.7,3.66456321751691,6.85,,
1987-09-08,141.75,114.7,3.66456321751691,7.15,,
1987-09-09,141.6,114.7,3.66456321751691,7.23,,
1987-09-10,142.57,114.7,3.66456321751691,7.19,,
1987-09-11,142.8,114.7,3.66456321751691,7.13,,
1987-09-14,144.5,114.7,3.66456321751691,7.24,,
1987-09-15,144.05,114.7,3.66456321751691,7.42,,
1987-09-16,144.36,114.7,3.66456321751691,7.26,,
1987-09-17,143.4,114.7,3.66456321751691,7.09,,
1987-09-18,142.67,114.7,3.66456321751691,7.05,,
1987-09-21,143.55,114.7,3.66456321751691,7.32,,
1987-09-22,144.15,114.7,3.66456321751691,7.54,,
1987-09-23,143.9,114.7,3.66456321751691,7.74,,
1987-09-24,143.73,114.7,3.66456321751691,7.35,,
1987-09-25,143.67,114.7,3.66456321751691,7.27,,
1987-09-28,144.07,114.7,3.66456321751691,7.48,,
1987-09-29,146.2,114.7,3.66456321751691,7.9,,
1987-09-30,146.5,114.7,3.66456321751691,8.38,,
1987-10-01,146.9,115.0,3.66456321751691,7.71,35638.0,48.55667
1987-10-02,146.4,115.0,3.66456321751691,7.42,35638.0,48.55667
1987-10-05,146.85,115.0,3.66456321751691,7.45,35638.0,48.55667
1987-10-06,146.71,115.0,3.66456321751691,7.32,35638.0,48.55667
1987-10-07,145.65,115.0,3.66456321751691,7.3,35638.0,48.55667
1987-10-08,144.89,115.0,3.66456321751691,7.55,35638.0,48.55667
1987-10-09,143.85,115.0,3.66456321751691,7.58,35638.0,48.55667
1987-10-12,,115.0,3.66456321751691,7.58,35638.0,48.55667
1987-10-13,143.75,115.0,3.66456321751691,7.65,35638.0,48.55667
1987-10-14,142.75,115.0,3.66456321751691,7.59,35638.0,48.55667
1987-10-15,142.15,115.0,3.66456321751691,7.76,35638.0,48.55667
1987-10-16,142.75,115.0,3.66456321751691,7.55,35638.0,48.55667
1987-10-19,141.83,115.0,3.66456321751691,7.61,35638.0,48.55667
1987-10-20,143.9,115.0,3.66456321751691,7.07,35638.0,48.55667
1987-10-21,144.2,115.0,3.66456321751691,6.47,35638.0,48.55667
1987-10-22,144.68,115.0,3.66456321751691,7.14,35638.0,48.55667
1987-10-23,142.85,115.0,3.66456321751691,7.0,35638.0,48.55667
1987-10-26,142.2,115.0,3.66456321751691,7.24,35638.0,48.55667
1987-10-27,141.58,115.0,3.66456321751691,7.14,35638.0,48.55667
1987-10-28,139.18,115.0,3.66456321751691,6.72,35638.0,48.55667
1987-10-29,138.25,115.0,3.66456321751691,6.76,35638.0,48.55667
1987-10-30,138.4,115.0,3.66456321751691,6.62,35638.0,48.55667
1987-11-02,137.0,115.4,3.66456321751691,6.64,,
1987-11-03,137.38,115.4,3.66456321751691,6.06,,
1987-11-04,137.28,115.4,3.66456321751691,5.69,,
1987-11-05,134.7,115.4,3.66456321751691,6.57,,
1987-11-06,135.4,115.4,3.66456321751691,6.7,,
1987-11-09,134.3,115.4,3.66456321751691,6.82,,
1987-11-10,134.55,115.4,3.66456321751691,6.63,,
1987-11-11,,115.4,3.66456321751691,6.63,,
1987-11-12,136.45,115.4,3.66456321751691,6.72,,
1987-11-13,135.85,115.4,3.66456321751691,6.8,,
1987-11-16,136.6,115.4,3.66456321751691,7.11,,
1987-11-17,135.72,115.4,3.66456321751691,6.72,,
1987-11-18,135.55,115.4,3.66456321751691,6.46,,
1987-11-19,135.15,115.4,3.66456321751691,6.82,,
1987-11-20,135.45,115.4,3.66456321751691,6.74,,
1987-11-23,134.73,115.4,3.66456321751691,6.89,,
1987-11-24,135.52,115.4,3.66456321751691,6.77,,
1987-11-25,134.8,115.4,3.66456321751691,6.73,,
1987-11-26,,115.4,3.66456321751691,6.73,,
1987-11-27,133.7,115.4,3.66456321751691,6.76,,
1987-11-30,132.42,115.4,3.66456321751691,7.19,,
1987-12-01,133.0,115.6,3.66456321751691,7.04,,
1987-12-02,132.7,115.6,3.66456321751691,7.0,,
1987-12-03,132.9,115.6,3.66456321751691,6.99,,
1987-12-04,132.85,115.6,3.66456321751691,6.82,,
1987-12-07,132.8,115.6,3.66456321751691,6.93,,
1987-12-08,132.72,115.6,3.66456321751691,6.79,,
1987-12-09,132.4,115.6,3.66456321751691,6.72,,
1987-12-10,129.4,115.6,3.66456321751691,6.83,,
1987-12-11,128.5,115.6,3.66456321751691,6.81,,
1987-12-14,128.02,115.6,3.66456321751691,6.78,,
1987-12-15,127.6,115.6,3.66456321751691,6.51,,
1987-12-16,127.28,115.6,3.66456321751691,5.52,,
1987-12-17,126.25,115.6,3.66456321751691,6.67,,
1987-12-18,127.1,115.6,3.66456321751691,6.75,,
1987-12-21,127.08,115.6,3.66456321751691,6.85,,
1987-12-22,126.55,115.6,3.66456321751691,6.77,,
1987-12-23,126.75,115.6,3.66456321751691,6.74,,
1987-12-24,126.12,115.6,3.66456321751691,6.7,,
1987-12-25,,115.6,3.66456321751691,6.7,,
1987-12-28,123.15,115.6,3.66456321751691,6.91,,
1987-12-29,123.5,115.6,3.66456321751691,7.21,,
1987-12-30,123.4,115.6,3.66456321751691,6.77,,
1987-12-31,121.25,115.6,3.66456321751691,6.89,,
1988-01-01,,116.0,4.07774110744408,6.89,35751.0,49.03151
1988-01-04,122.7,116.0,4.07774110744408,7.3,35751.0,49.03151
1988-01-05,126.9,116.0,4.07774110744408,7.34,35751.0,49.03151
1988-01-06,129.65,116.0,4.07774110744408,6.94,35751.0,49.03151
1988-01-07,128.58,116.0,4.07774110744408,6.91,35751.0,49.03151
1988-01-08,129.15,116.0,4.07774110744408,6.8,35751.0,49.03151
1988-01-11,128.2,116.0,4.07774110744408,6.89,35751.0,49.03151
1988-01-12,127.38,116.0,4.07774110744408,6.75,35751.0,49.03151
1988-01-13,126.65,116.0,4.07774110744408,6.72,35751.0,49.03151
1988-01-14,126.73,116.0,4.07774110744408,6.86,35751.0,49.03151
1988-01-15,130.5,116.0,4.07774110744408,6.89,35751.0,49.03151
1988-01-18,,116.0,4.07774110744408,6.89,35751.0,49.03151
1988-01-19,128.6,116.0,4.07774110744408,6.96,35751.0,49.03151
1988-01-20,127.75,116.0,4.07774110744408,6.86,35751.0,49.03151
1988-01-21,127.2,116.0,4.07774110744408,6.67,35751.0,49.03151
1988-01-22,127.85,116.0,4.07774110744408,6.57,35751.0,49.03151
1988-01-25,127.78,116.0,4.07774110744408,6.86,35751.0,49.03151
1988-01-26,127.88,116.0,4.07774110744408,6.78,35751.0,49.03151
1988-01-27,127.6,116.0,4.07774110744408,6.57,35751.0,49.03151
1988-01-28,127.17,116.0,4.07774110744408,6.73,35751.0,49.03151
1988-01-29,127.75,116.0,4.07774110744408,6.79,35751.0,49.03151
1988-02-01,129.38,116.2,4.07774110744408,6.96,,
1988-02-02,128.28,116.2,4.07774110744408,6.78,,
1988-02-03,127.9,116.2,4.07774110744408,6.55,,
1988-02-04,128.5,116.2,4.07774110744408,6.57,,
1988-02-05,129.05,116.2,4.07774110744408,6.58,,
1988-02-08,128.6,116.2,4.07774110744408,6.58,,
1988-02-09,129.18,116.2,4.07774110744408,6.04,,
1988-02-10,129.02,116.2,4.07774110744408,5.72,,
1988-02-11,129.14,116.2,4.07774110744408,6.5,,
1988-02-12,131.15,116.2,4.07774110744408,6.59,,
1988-02-15,,116.2,4.07774110744408,6.59,,
1988-02-16,130.25,116.2,4.07774110744408,6.9,,
1988-02-17,130.3,116.2,4.07774110744408,6.79,,
1988-02-18,130.23,116.2,4.07774110744408,6.65,,
1988-02-19,130.05,116.2,4.07774110744408,6.66,,
1988-02-22,129.28,116.2,4.07774110744408,6.77,,
1988-02-23,128.78,116.2,4.07774110744408,6.63,,
1988-02-24,128.8,116.2,4.07774110744408,6.43,,
1988-02-25,128.8,116.2,4.07774110744408,6.6,,
1988-02-26,128.19,116.2,4.07774110744408,6.56,,
1988-02-29,128.45,116.2,4.07774110744408,6.67,,
1988-03-01,128.27,116.5,4.07774110744408,6.66,,
1988-03-02,129.2,116.5,4.07774110744408,6.62,,
1988-03-03,129.25,116.5,4.07774110744408,6.58,,
1988-03-04,128.75,116.5,4.07774110744408,6.51,,
1988-03-07,128.17,116.5,4.07774110744408,6.51,,
1988-03-08,128.09,116.5,4.07774110744408,6.36,,
1988-03-09,128.02,116.5,4.07774110744408,6.59,,
1988-03-10,128.1,116.5,4.07774110744408,6.7,,
1988-03-11,127.38,116.5,4.07774110744408,6.6,,
1988-03-14,126.92,116.5,4.07774110744408,6.7,,
1988-03-15,127.15,116.5,4.07774110744408,6.6,,
1988-03-16,127.43,116.5,4.07774110744408,6.48,,
1988-03-17,128.65,116.5,4.07774110744408,6.47,,
1988-03-18,128.35,116.5,4.07774110744408,6.45,,
1988-03-21,127.08,116.5,4.07774110744408,6.45,,
1988-03-22,127.12,116.5,4.07774110744408,6.46,,
1988-03-23,126.8,116.5,4.07774110744408,6.83,,
1988-03-24,125.75,116.5,4.07774110744408,6.66,,
1988-03-25,125.35,116.5,4.07774110744408,6.6,,
1988-03-28,124.2,116.5,4.07774110744408,6.64,,
1988-03-29,124.65,116.5,4.07774110744408,6.57,,
1988-03-30,124.84,116.5,4.07774110744408,6.66,,
1988-03-31,124.1,116.5,4.07774110744408,6.83,,
1988-04-01,124.0,117.2,4.07774110744408,6.7,36145.0,49.08744
1988-04-04,124.4,117.2,4.07774110744408,6.71,36145.0,49.08744
1988-04-05,125.18,117.2,4.07774110744408,6.83,36145.0,49.08744
1988-04-06,125.5,117.2,4.07774110744408,7.3,36145.0,49.08744
1988-04-07,125.82,117.2,4.07774110744408,6.93,36145.0,49.08744
1988-04-08,125.55,117.2,4.07774110744408,6.84,36145.0,49.08744
1988-04-11,126.68,117.2,4.07774110744408,6.83,36145.0,49.08744
1988-04-12,126.56,117.2,4.07774110744408,6.75,36145.0,49.08744
1988-04-13,126.33,117.2,4.07774110744408,6.67,36145.0,49.08744
1988-04-14,123.65,117.2,4.07774110744408,6.74,36145.0,49.08744
1988-04-15,123.88,117.2,4.07774110744408,6.87,36145.0,49.08744
1988-04-18,124.06,117.2,4.07774110744408,6.84,36145.0,49.08744
1988-04-19,124.18,117.2,4.07774110744408,6.85,36145.0,49.08744
1988-04-20,123.98,117.2,4.07774110744408,7.49,36145.0,49.08744
1988-04-21,124.15,117.2,4.07774110744408,6.95,36145.0,49.08744
1988-04-22,124.7,117.2,4.07774110744408,6.81,36145.0,49.08744
1988-04-25,124.82,117.2,4.07774110744408,6.9,36145.0,49.08744
1988-04-26,124.79,117.2,4.07774110744408,6.81,36145.0,49.08744
1988-04-27,125.1,117.2,4.07774110744408,6.83,36145.0,49.08744
1988-04-28,124.6,117.2,4.07774110744408,7.1,36145.0,49.08744
1988-04-29,124.92,117.2,4.07774110744408,6.98,36145.0,49.08744
1988-05-02,124.95,117.5,4.07774110744408,6.86,,
1988-05-03,124.88,117.5,4.07774110744408,6.6,,
1988-05-04,125.0,117.5,4.07774110744408,6.24,,
1988-05-05,124.65,117.5,4.07774110744408,6.86,,
1988-05-06,124.88,117.5,4.07774110744408,6.88,,
1988-05-09,124.82,117.5,4.07774110744408,7.12,,
1988-05-10,124.44,117.5,4.07774110744408,7.32,,
1988-05-11,124.25,117.5,4.07774110744408,7.2,,
1988-05-12,124.39,117.5,4.07774110744408,7.1,,
1988-05-13,124.68,117.5,4.07774110744408,7.14,,
1988-05-16,124.95,117.5,4.07774110744408,7.3,,
1988-05-17,125.73,117.5,4.07774110744408,6.98,,
1988-05-18,125.4,117.5,4.07774110744408,6.45,,
1988-05-19,124.87,117.5,4.07774110744408,7.04,,
1988-05-20,124.84,117.5,4.07774110744408,7.15,,
1988-05-23,124.55,117.5,4.07774110744408,7.21,,
1988-05-24,124.35,117.5,4.07774110744408,7.07,,
1988-05-25,124.35,117.5,4.07774110744408,7.19,,
1988-05-26,124.44,117.5,4.07774110744408,7.49,,
1988-05-27,125.0,117.5,4.07774110744408,7.42,,
1988-05-30,,117.5,4.07774110744408,7.42,,
1988-05-31,125.11,117.5,4.07774110744408,7.48,,
1988-06-01,125.2,118.0,4.07774110744408,7.24,,
1988-06-02,126.55,118.0,4.07774110744408,7.37,,
1988-06-03,125.97,118.0,4.07774110744408,7.34,,
1988-06-06,126.18,118.0,4.07774110744408,7.45,,
1988-06-07,125.72,118.0,4.07774110744408,7.38,,
1988-06-08,125.25,118.0,4.07774110744408,7.37,,
1988-06-09,125.2,118.0,4.07774110744408,7.32,,
1988-06-10,124.92,118.0,4.07774110744408,7.34,,
1988-06-13,125.2,118.0,4.07774110744408,7.52,,
1988-06-14,126.4,118.0,4.07774110744408,7.39,,
1988-06-15,126.27,118.0,4.07774110744408,7.75,,
1988-06-16,125.78,118.0,4.07774110744408,7.51,,
1988-06-17,125.87,118.0,4.07774110744408,7.54,,
1988-06-20,126.25,118.0,4.07774110744408,7.62,,
1988-06-21,126.47,118.0,4.07774110744408,7.57,,
1988-06-22,128.63,118.0,4.07774110744408,7.46,,
1988-06-23,128.67,118.0,4.07774110744408,7.55,,
1988-06-24,130.6,118.0,4.07774110744408,7.56,,
1988-06-27,130.88,118.0,4.07774110744408,7.61,,
1988-06-28,130.95,118.0,4.07774110744408,7.68,,
1988-06-29,133.75,118.0,4.07774110744408,7.87,,
1988-06-30,133.53,118.0,4.07774110744408,8.27,,
1988-07-01,134.1,118.5,4.07774110744408,7.75,36262.0,49.25732
1988-07-04,,118.5,4.07774110744408,7.75,36262.0,49.25732
1988-07-05,134.29,118.5,4.07774110744408,7.75,36262.0,49.25732
1988-07-06,133.6,118.5,4.07774110744408,7.67,36262.0,49.25732
1988-07-07,131.77,118.5,4.07774110744408,7.66,36262.0,49.25732
1988-07-08,133.23,118.5,4.07774110744408,7.54,36262.0,49.25732
1988-07-11,132.9,118.5,4.07774110744408,7.59,36262.0,49.25732
1988-07-12,132.63,118.5,4.07774110744408,7.51,36262.0,49.25732
1988-07-13,132.9,118.5,4.07774110744408,7.78,36262.0,49.25732
1988-07-14,133.13,118.5,4.07774110744408,7.8,36262.0,49.25732
1988-07-15,135.3,118.5,4.07774110744408,7.87,36262.0,49.25732
1988-07-18,134.75,118.5,4.07774110744408,7.89,36262.0,49.25732
1988-07-19,133.9,118.5,4.07774110744408,7.79,36262.0,49.25732
1988-07-20,133.18,118.5,4.07774110744408,7.74,36262.0,49.25732
1988-07-21,132.25,118.5,4.07774110744408,7.85,36262.0,49.25732
1988-07-22,130.7,118.5,4.07774110744408,7.87,36262.0,49.25732
1988-07-25,132.1,118.5,4.07774110744408,7.89,36262.0,49.25732
1988-07-26,132.55,118.5,4.07774110744408,7.82,36262.0,49.25732
1988-07-27,131.7,118.5,4.07774110744408,7.42,36262.0,49.25732
1988-07-28,132.4,118.5,4.07774110744408,7.88,36262.0,49.25732
1988-07-29,133.05,118.5,4.07774110744408,7.84,36262.0,49.25732
1988-08-01,132.8,119.0,4.07774110744408,7.91,,
1988-08-02,132.92,119.0,4.07774110744408,7.81,,
1988-08-03,132.87,119.0,4.07774110744408,7.73,,
1988-08-04,133.02,119.0,4.07774110744408,7.75,,
1988-08-05,133.68,119.0,4.07774110744408,7.74,,
1988-08-08,133.75,119.0,4.07774110744408,7.78,,
1988-08-09,134.75,119.0,4.07774110744408,7.73,,
1988-08-10,134.45,119.0,4.07774110744408,7.8,,
1988-08-11,133.86,119.0,4.07774110744408,8.15,,
1988-08-12,133.15,119.0,4.07774110744408,8.14,,
1988-08-15,133.25,119.0,4.07774110744408,8.41,,
1988-08-16,132.92,119.0,4.07774110744408,8.22,,
1988-08-17,134.07,119.0,4.07774110744408,8.11,,
1988-08-18,133.35,119.0,4.07774110744408,8.14,,
1988-08-19,133.45,119.0,4.07774110744408,8.09,,
1988-08-22,134.1,119.0,4.07774110744408,8.05,,
1988-08-23,133.85,119.0,4.07774110744408,7.89,,
1988-08-24,134.25,119.0,4.07774110744408,7.82,,
1988-08-25,133.35,119.0,4.07774110744408,8.21,,
1988-08-26,133.66,119.0,4.07774110744408,8.16,,
1988-08-29,134.13,119.0,4.07774110744408,8.16,,
1988-08-30,134.47,119.0,4.07774110744408,8.08,,
1988-08-31,136.52,119.0,4.07774110744408,8.14,,
1988-09-01,136.35,119.5,4.07774110744408,8.27,,
1988-09-02,136.1,119.5,4.07774110744408,8.27,,
1988-09-05,,119.5,4.07774110744408,8.27,,
1988-09-06,135.3,119.5,4.07774110744408,7.98,,
1988-09-07,133.67,119.5,4.07774110744408,7.74,,
1988-09-08,133.87,119.5,4.07774110744408,8.13,,
1988-09-09,133.62,119.5,4.07774110744408,8.13,,
1988-09-12,133.5,119.5,4.07774110744408,8.17,,
1988-09-13,133.3,119.5,4.07774110744408,8.11,,
1988-09-14,134.6,119.5,4.07774110744408,8.09,,
1988-09-15,133.67,119.5,4.07774110744408,8.24,,
1988-09-16,134.3,119.5,4.07774110744408,8.08,,
1988-09-19,133.55,119.5,4.07774110744408,8.05,,
1988-09-20,133.9,119.5,4.07774110744408,8.06,,
1988-09-21,134.25,119.5,4.07774110744408,8.63,,
1988-09-22,134.63,119.5,4.07774110744408,8.28,,
1988-09-23,134.47,119.5,4.07774110744408,8.21,,
1988-09-26,134.65,119.5,4.07774110744408,8.27,,
1988-09-27,134.45,119.5,4.07774110744408,8.26,,
1988-09-28,134.23,119.5,4.07774110744408,8.25,,
1988-09-29,134.36,119.5,4.07774110744408,8.39,,
1988-09-30,133.9,119.5,4.07774110744408,8.54,,
1988-10-03,133.65,119.9,4.07774110744408,8.18,36654.0,49.71548
1988-10-04,133.26,119.9,4.07774110744408,8.1,36654.0,49.71548
1988-10-05,133.5,119.9,4.07774110744408,8.39,36654.0,49.71548
1988-10-06,133.41,119.9,4.07774110744408,8.31,36654.0,49.71548
1988-10-07,133.3,119.9,4.07774110744408,8.27,36654.0,49.71548
1988-10-10,,119.9,4.07774110744408,8.27,36654.0,49.71548
1988-10-11,131.07,119.9,4.07774110744408,8.29,36654.0,49.71548
1988-10-12,128.96,119.9,4.07774110744408,8.22,36654.0,49.71548
1988-10-13,128.03,119.9,4.07774110744408,8.15,36654.0,49.71548
1988-10-14,127.15,119.9,4.07774110744408,8.14,36654.0,49.71548
1988-10-17,127.28,119.9,4.07774110744408,8.37,36654.0,49.71548
1988-10-18,126.67,119.9,4.07774110744408,8.33,36654.0,49.71548
1988-10-19,127.3,119.9,4.07774110744408,8.64,36654.0,49.71548
1988-10-20,127.2,119.9,4.07774110744408,8.38,36654.0,49.71548
1988-10-21,126.35,119.9,4.07774110744408,8.29,36654.0,49.71548
1988-10-24,126.83,119.9,4.07774110744408,8.31,36654.0,49.71548
1988-10-25,126.7,119.9,4.07774110744408,8.26,36654.0,49.71548
1988-10-26,125.7,119.9,4.07774110744408,8.24,36654.0,49.71548
1988-10-27,125.9,119.9,4.07774110744408,8.27,36654.0,49.71548
1988-10-28,125.85,119.9,4.07774110744408,8.3,36654.0,49.71548
1988-10-31,125.5,119.9,4.07774110744408,8.39,36654.0,49.71548
1988-11-01,125.3,120.3,4.07774110744408,8.35,,
1988-11-02,124.6,120.3,4.07774110744408,8.63,,
1988-11-03,124.2,120.3,4.07774110744408,8.37,,
1988-11-04,125.32,120.3,4.07774110744408,8.27,,
1988-11-07,124.72,120.3,4.07774110744408,8.35,,
1988-11-08,125.57,120.3,4.07774110744408,8.33,,
1988-11-09,124.25,120.3,4.07774110744408,8.29,,
1988-11-10,123.98,120.3,4.07774110744408,8.27,,
1988-11-11,,120.3,4.07774110744408,8.27,,
1988-11-14,123.43,120.3,4.07774110744408,8.95,,
1988-11-15,123.42,120.3,4.07774110744408,8.44,,
1988-11-16,122.55,120.3,4.07774110744408,7.37,,
1988-11-17,122.73,120.3,4.07774110744408,8.33,,
1988-11-18,122.65,120.3,4.07774110744408,8.29,,
1988-11-21,121.95,120.3,4.07774110744408,8.37,,
1988-11-22,121.35,120.3,4.07774110744408,8.4,,
1988-11-23,121.3,120.3,4.07774110744408,8.34,,
1988-11-24,,120.3,4.07774110744408,8.34,,
1988-11-25,121.1,120.3,4.07774110744408,8.43,,
1988-11-28,122.22,120.3,4.07774110744408,8.55,,
1988-11-29,121.5,120.3,4.07774110744408,8.39,,
1988-11-30,121.9,120.3,4.07774110744408,8.5,,
1988-12-01,121.6,120.7,4.07774110744408,8.54,,
1988-12-02,121.47,120.7,4.07774110744408,8.63,,
1988-12-05,121.5,120.7,4.07774110744408,8.65,,
1988-12-06,121.75,120.7,4.07774110744408,8.59,,
1988-12-07,123.5,120.7,4.07774110744408,8.49,,
1988-12-08,122.57,120.7,4.07774110744408,8.5,,
1988-12-09,122.35,120.7,4.07774110744408,8.52,,
1988-12-12,122.85,120.7,4.07774110744408,8.58,,
1988-12-13,123.15,120.7,4.07774110744408,8.39,,
1988-12-14,122.71,120.7,4.07774110744408,8.51,,
1988-12-15,123.37,120.7,4.07774110744408,8.81,,
1988-12-16,124.5,120.7,4.07774110744408,8.9,,
1988-12-19,124.1,120.7,4.07774110744408,8.96,,
1988-12-20,125.1,120.7,4.07774110744408,8.85,,
1988-12-21,124.35,120.7,4.07774110744408,8.79,,
1988-12-22,124.71,120.7,4.07774110744408,8.85,,
1988-12-23,124.85,120.7,4.07774110744408,8.74,,
1988-12-26,,120.7,4.07774110744408,8.74,,
1988-12-27,124.85,120.7,4.07774110744408,8.84,,
1988-12-28,125.58,120.7,4.07774110744408,9.39,,
1988-12-29,125.85,120.7,4.07774110744408,9.64,,
1988-12-30,125.05,120.7,4.07774110744408,9.04,,
1989-01-02,,121.2,4.82700303008949,9.04,36953.0,49.73276
1989-01-03,123.6,121.2,4.82700303008949,9.4,36953.0,49.73276
1989-01-04,125.05,121.2,4.82700303008949,9.35,36953.0,49.73276
1989-01-05,125.59,121.2,4.82700303008949,9.0,36953.0,49.73276
1989-01-06,126.62,121.2,4.82700303008949,9.04,36953.0,49.73276
1989-01-09,126.45,121.2,4.82700303008949,9.19,36953.0,49.73276
1989-01-10,126.3,121.2,4.82700303008949,9.15,36953.0,49.73276
1989-01-11,126.13,121.2,4.82700303008949,9.1,36953.0,49.73276
1989-01-12,126.17,121.2,4.82700303008949,9.15,36953.0,49.73276
1989-01-13,126.7,121.2,4.82700303008949,9.1,36953.0,49.73276
1989-01-16,,121.2,4.82700303008949,9.1,36953.0,49.73276
1989-01-17,127.75,121.2,4.82700303008949,9.26,36953.0,49.73276
1989-01-18,128.5,121.2,4.82700303008949,9.07,36953.0,49.73276
1989-01-19,129.7,121.2,4.82700303008949,8.98,36953.0,49.73276
1989-01-20,128.27,121.2,4.82700303008949,8.97,36953.0,49.73276
1989-01-23,127.8,121.2,4.82700303008949,9.1,36953.0,49.73276
1989-01-24,127.65,121.2,4.82700303008949,9.1,36953.0,49.73276
1989-01-25,127.73,121.2,4.82700303008949,9.32,36953.0,49.73276
1989-01-26,128.15,121.2,4.82700303008949,9.25,36953.0,49.73276
1989-01-27,129.24,121.2,4.82700303008949,9.17,36953.0,49.73276
1989-01-30,129.35,121.2,4.82700303008949,9.18,36953.0,49.73276
1989-01-31,130.5,121.2,4.82700303008949,9.14,36953.0,49.73276
1989-02-01,129.6,121.6,4.82700303008949,9.02,,
1989-02-02,129.15,121.6,4.82700303008949,9.03,,
1989-02-03,129.65,121.6,4.82700303008949,9.08,,
1989-02-06,129.65,121.6,4.82700303008949,9.08,,
1989-02-07,129.29,121.6,4.82700303008949,9.0,,
1989-02-08,129.6,121.6,4.82700303008949,9.38,,
1989-02-09,128.58,121.6,4.82700303008949,9.31,,
1989-02-10,128.49,121.6,4.82700303008949,9.19,,
1989-02-13,128.4,121.6,4.82700303008949,9.3,,
1989-02-14,126.73,121.6,4.82700303008949,9.29,,
1989-02-15,126.4,121.6,4.82700303008949,9.4,,
1989-02-16,126.32,121.6,4.82700303008949,9.35,,
1989-02-17,125.9,121.6,4.82700303008949,9.31,,
1989-02-20,,121.6,4.82700303008949,9.31,,
1989-02-21,126.75,121.6,4.82700303008949,9.33,,
1989-02-22,126.58,121.6,4.82700303008949,9.81,,
1989-02-23,126.2,121.6,4.82700303008949,9.6,,
1989-02-24,126.32,121.6,4.82700303008949,9.79,,
1989-02-27,126.53,121.6,4.82700303008949,9.92,,
1989-02-28,126.87,121.6,4.82700303008949,9.87,,
1989-03-01,128.1,122.2,4.82700303008949,9.82,,
1989-03-02,127.88,122.2,4.82700303008949,9.83,,
1989-03-03,127.7,122.2,4.82700303008949,9.7,,
1989-03-06,128.85,122.2,4.82700303008949,9.77,,
1989-03-07,128.74,122.2,4.82700303008949,9.59,,
1989-03-08,128.7,122.2,4.82700303008949,10.5,,
1989-03-09,129.05,122.2,4.82700303008949,9.89,,
1989-03-10,129.5,122.2,4.82700303008949,9.82,,
1989-03-13,129.88,122.2,4.82700303008949,9.82,,
1989-03-14,129.68,122.2,4.82700303008949,9.78,,
1989-03-15,130.6,122.2,4.82700303008949,9.84,,
1989-03-16,131.22,122.2,4.82700303008949,9.79,,
1989-03-17,131.6,122.2,4.82700303008949,9.81,,
1989-03-20,131.7,122.2,4.82700303008949,9.85,,
1989-03-21,131.28,122.2,4.82700303008949,9.8,,
1989-03-22,131.15,122.2,4.82700303008949,10.18,,
1989-03-23,131.2,122.2,4.82700303008949,9.92,,
1989-03-24,131.5,122.2,4.82700303008949,9.88,,
1989-03-27,132.7,122.2,4.82700303008949,9.9,,
1989-03-28,133.08,122.2,4.82700303008949,9.88,,
1989-03-29,132.83,122.2,4.82700303008949,9.84,,
1989-03-30,132.95,122.2,4.82700303008949,9.89,,
1989-03-31,132.77,122.2,4.82700303008949,9.79,,
1989-04-03,132.05,123.1,4.82700303008949,9.92,37151.0,49.8876
1989-04-04,130.9,123.1,4.82700303008949,9.52,37151.0,49.8876
1989-04-05,131.8,123.1,4.82700303008949,9.28,37151.0,49.8876
1989-04-06,131.93,123.1,4.82700303008949,9.85,37151.0,49.8876
1989-04-07,132.45,123.1,4.82700303008949,9.83,37151.0,49.8876
1989-04-10,132.63,123.1,4.82700303008949,9.85,37151.0,49.8876
1989-04-11,132.75,123.1,4.82700303008949,9.79,37151.0,49.8876
1989-04-12,132.98,123.1,4.82700303008949,9.78,37151.0,49.8876
1989-04-13,132.2,123.1,4.82700303008949,9.84,37151.0,49.8876
1989-04-14,132.15,123.1,4.82700303008949,9.83,37151.0,49.8876
1989-04-17,131.95,123.1,4.82700303008949,9.89,37151.0,49.8876
1989-04-18,131.52,123.1,4.82700303008949,9.71,37151.0,49.8876
1989-04-19,132.34,123.1,4.82700303008949,10.71,37151.0,49.8876
1989-04-20,131.35,123.1,4.82700303008949,9.89,37151.0,49.8876
1989-04-21,131.45,123.1,4.82700303008949,9.87,37151.0,49.8876
1989-04-24,131.6,123.1,4.82700303008949,9.88,37151.0,49.8876
1989-04-25,131.39,123.1,4.82700303008949,9.85,37151.0,49.8876
1989-04-26,132.25,123.1,4.82700303008949,9.82,37151.0,49.8876
1989-04-27,132.19,123.1,4.82700303008949,9.85,37151.0,49.8876
1989-04-28,132.85,123.1,4.82700303008949,9.82,37151.0,49.8876
1989-05-01,134.07,123.7,4.82700303008949,9.85,,
1989-05-02,133.81,123.7,4.82700303008949,9.83,,
1989-05-03,134.2,123.7,4.82700303008949,10.15,,
1989-05-04,133.95,123.7,4.82700303008949,9.91,,
1989-05-05,134.33,123.7,4.82700303008949,9.9,,
1989-05-08,134.8,123.7,4.82700303008949,9.84,,
1989-05-09,134.83,123.7,4.82700303008949,9.79,,
1989-05-10,134.43,123.7,4.82700303008949,9.77,,
1989-05-11,135.3,123.7,4.82700303008949,9.74,,
1989-05-12,135.95,123.7,4.82700303008949,9.67,,
1989-05-15,137.24,123.7,4.82700303008949,9.79,,
1989-05-16,137.3,123.7,4.82700303008949,9.76,,
1989-05-17,139.25,123.7,4.82700303008949,9.92,,
1989-05-18,138.65,123.7,4.82700303008949,9.8,,
1989-05-19,138.8,123.7,4.82700303008949,9.73,,
1989-05-22,142.05,123.7,4.82700303008949,9.7,,
1989-05-23,142.0,123.7,4.82700303008949,9.73,,
1989-05-24,142.8,123.7,4.82700303008949,9.75,,
1989-05-25,142.0,123.7,4.82700303008949,9.76,,
1989-05-26,141.43,123.7,4.82700303008949,9.71,,
1989-05-29,,123.7,4.82700303008949,9.71,,
1989-05-30,143.48,123.7,4.82700303008949,9.77,,
1989-05-31,142.33,123.7,4.82700303008949,10.48,,
1989-06-01,142.73,124.1,4.82700303008949,9.84,,
1989-06-02,141.75,124.1,4.82700303008949,9.73,,
1989-06-05,141.82,124.1,4.82700303008949,9.64,,
1989-06-06,142.95,124.1,4.82700303008949,9.58,,
1989-06-07,142.5,124.1,4.82700303008949,9.48,,
1989-06-08,143.4,124.1,4.82700303008949,9.47,,
1989-06-09,146.15,124.1,4.82700303008949,9.36,,
1989-06-12,148.8,124.1,4.82700303008949,9.35,,
1989-06-13,149.2,124.1,4.82700303008949,9.3,,
1989-06-14,149.05,124.1,4.82700303008949,9.22,,
1989-06-15,149.62,124.1,4.82700303008949,9.46,,
1989-06-16,145.55,124.1,4.82700303008949,9.5,,
1989-06-19,144.45,124.1,4.82700303008949,9.44,,
1989-06-20,144.07,124.1,4.82700303008949,9.41,,
1989-06-21,143.85,124.1,4.82700303008949,9.55,,
1989-06-22,141.07,124.1,4.82700303008949,9.66,,
1989-06-23,138.5,124.1,4.82700303008949,9.57,,
1989-06-26,140.82,124.1,4.82700303008949,9.51,,
1989-06-27,141.1,124.1,4.82700303008949,9.55,,
1989-06-28,142.8,124.1,4.82700303008949,9.64,,
1989-06-29,143.4,124.1,4.82700303008949,9.69,,
1989-06-30,144.0,124.1,4.82700303008949,9.63,,
1989-07-03,141.25,124.5,4.82700303008949,9.49,37323.0,50.17117
1989-07-04,,124.5,4.82700303008949,9.49,37323.0,50.17117
1989-07-05,138.9,124.5,4.82700303008949,9.48,37323.0,50.17117
1989-07-06,139.4,124.5,4.82700303008949,9.46,37323.0,50.17117
1989-07-07,139.8,124.5,4.82700303008949,9.23,37323.0,50.17117
1989-07-10,139.0,124.5,4.82700303008949,9.22,37323.0,50.17117
1989-07-11,140.3,124.5,4.82700303008949,9.25,37323.0,50.17117
1989-07-12,139.85,124.5,4.82700303008949,9.54,37323.0,50.17117
1989-07-13,139.45,124.5,4.82700303008949,9.31,37323.0,50.17117
1989-07-14,140.5,124.5,4.82700303008949,9.22,37323.0,50.17117
1989-07-17,141.55,124.5,4.82700303008949,9.28,37323.0,50.17117
1989-07-18,141.3,124.5,4.82700303008949,9.24,37323.0,50.17117
1989-07-19,141.95,124.5,4.82700303008949,9.21,37323.0,50.17117
1989-07-20,141.45,124.5,4.82700303008949,9.19,37323.0,50.17117
1989-07-21,141.92,124.5,4.82700303008949,9.2,37323.0,50.17117
1989-07-24,143.18,124.5,4.82700303008949,9.17,37323.0,50.17117
1989-07-25,142.55,124.5,4.82700303008949,9.14,37323.0,50.17117
1989-07-26,140.65,124.5,4.82700303008949,8.86,37323.0,50.17117
1989-07-27,138.95,124.5,4.82700303008949,9.0,37323.0,50.17117
1989-07-28,139.58,124.5,4.82700303008949,8.94,37323.0,50.17117
1989-07-31,136.95,124.5,4.82700303008949,8.94,37323.0,50.17117
1989-08-01,136.82,124.5,4.82700303008949,8.95,,
1989-08-02,136.15,124.5,4.82700303008949,8.95,,
1989-08-03,136.95,124.5,4.82700303008949,8.94,,
1989-08-04,139.45,124.5,4.82700303008949,8.93,,
1989-08-07,139.5,124.5,4.82700303008949,8.95,,
1989-08-08,138.8,124.5,4.82700303008949,8.95,,
1989-08-09,139.25,124.5,4.82700303008949,9.24,,
1989-08-10,139.08,124.5,4.82700303008949,9.02,,
1989-08-11,141.94,124.5,4.82700303008949,9.0,,
1989-08-14,141.7,124.5,4.82700303008949,9.04,,
1989-08-15,142.19,124.5,4.82700303008949,9.19,,
1989-08-16,142.15,124.5,4.82700303008949,9.03,,
1989-08-17,143.8,124.5,4.82700303008949,8.95,,
1989-08-18,145.85,124.5,4.82700303008949,8.93,,
1989-08-21,142.42,124.5,4.82700303008949,8.94,,
1989-08-22,142.58,124.5,4.82700303008949,8.92,,
1989-08-23,143.23,124.5,4.82700303008949,9.44,,
1989-08-24,143.34,124.5,4.82700303008949,9.05,,
1989-08-25,143.3,124.5,4.82700303008949,8.98,,
1989-08-28,144.2,124.5,4.82700303008949,8.95,,
1989-08-29,143.13,124.5,4.82700303008949,8.92,,
1989-08-30,143.73,124.5,4.82700303008949,8.89,,
1989-08-31,144.6,124.5,4.82700303008949,8.92,,
1989-09-01,145.85,124.8,4.82700303008949,8.93,,
1989-09-04,,124.8,4.82700303008949,8.93,,
1989-09-05,147.05,124.8,4.82700303008949,8.93,,
1989-09-06,146.25,124.8,4.82700303008949,9.14,,
1989-09-07,146.9,124.8,4.82700303008949,9.0,,
1989-09-08,146.3,124.8,4.82700303008949,8.98,,
1989-09-11,146.82,124.8,4.82700303008949,8.95,,
1989-09-12,147.15,124.8,4.82700303008949,8.93,,
1989-09-13,146.95,124.8,4.82700303008949,8.89,,
1989-09-14,146.55,124.8,4.82700303008949,8.9,,
1989-09-15,148.75,124.8,4.82700303008949,9.02,,
1989-09-18,145.85,124.8,4.82700303008949,8.96,,
1989-09-19,145.65,124.8,4.82700303008949,8.94,,
1989-09-20,145.05,124.8,4.82700303008949,9.48,,
1989-09-21,145.35,124.8,4.82700303008949,8.97,,
1989-09-22,145.6,124.8,4.82700303008949,8.99,,
1989-09-25,142.7,124.8,4.82700303008949,9.09,,
1989-09-26,141.88,124.8,4.82700303008949,9.05,,
1989-09-27,140.6,124.8,4.82700303008949,9.03,,
1989-09-28,140.55,124.8,4.82700303008949,9.2,,
1989-09-29,139.6,124.8,4.82700303008949,9.24,,
1989-10-02,139.48,125.4,4.82700303008949,9.16,37295.0,51.38111
1989-10-03,141.13,125.4,4.82700303008949,9.08,37295.0,51.38111
1989-10-04,141.05,125.4,4.82700303008949,9.13,37295.0,51.38111
1989-10-05,142.4,125.4,4.82700303008949,9.02,37295.0,51.38111
1989-10-06,142.8,125.4,4.82700303008949,8.92,37295.0,51.38111
1989-10-09,,125.4,4.82700303008949,8.92,37295.0,51.38111
1989-10-10,143.95,125.4,4.82700303008949,8.91,37295.0,51.38111
1989-10-11,144.8,125.4,4.82700303008949,8.88,37295.0,51.38111
1989-10-12,144.2,125.4,4.82700303008949,8.82,37295.0,51.38111
1989-10-13,143.2,125.4,4.82700303008949,8.81,37295.0,51.38111
1989-10-16,141.8,125.4,4.82700303008949,8.63,37295.0,51.38111
1989-10-17,141.5,125.4,4.82700303008949,8.7,37295.0,51.38111
1989-10-18,141.7,125.4,4.82700303008949,8.75,37295.0,51.38111
1989-10-19,141.95,125.4,4.82700303008949,8.71,37295.0,51.38111
1989-10-20,142.3,125.4,4.82700303008949,8.71,37295.0,51.38111
1989-10-23,142.35,125.4,4.82700303008949,8.73,37295.0,51.38111
1989-10-24,141.55,125.4,4.82700303008949,8.72,37295.0,51.38111
1989-10-25,141.65,125.4,4.82700303008949,8.73,37295.0,51.38111
1989-10-26,141.65,125.4,4.82700303008949,8.75,37295.0,51.38111
1989-10-27,142.0,125.4,4.82700303008949,8.74,37295.0,51.38111
1989-10-30,142.15,125.4,4.82700303008949,8.75,37295.0,51.38111
1989-10-31,142.73,125.4,4.82700303008949,8.89,37295.0,51.38111
1989-11-01,143.11,125.9,4.82700303008949,8.98,,
1989-11-02,143.7,125.9,4.82700303008949,8.77,,
1989-11-03,143.18,125.9,4.82700303008949,8.74,,
1989-11-06,143.7,125.9,4.82700303008949,8.74,,
1989-11-07,143.44,125.9,4.82700303008949,8.64,,
1989-11-08,143.14,125.9,4.82700303008949,8.48,,
1989-11-09,142.86,125.9,4.82700303008949,8.42,,
1989-11-10,143.3,125.9,4.82700303008949,8.4,,
1989-11-13,143.88,125.9,4.82700303008949,8.44,,
1989-11-14,143.68,125.9,4.82700303008949,8.44,,
1989-11-15,143.75,125.9,4.82700303008949,8.73,,
1989-11-16,143.8,125.9,4.82700303008949,8.52,,
1989-11-17,144.4,125.9,4.82700303008949,8.45,,
1989-11-20,144.5,125.9,4.82700303008949,8.47,,
1989-11-21,143.75,125.9,4.82700303008949,8.5,,
1989-11-22,143.85,125.9,4.82700303008949,8.38,,
1989-11-23,,125.9,4.82700303008949,8.38,,
1989-11-24,143.5,125.9,4.82700303008949,8.3,,
1989-11-27,143.4,125.9,4.82700303008949,8.56,,
1989-11-28,143.72,125.9,4.82700303008949,8.73,,
1989-11-29,142.65,125.9,4.82700303008949,8.99,,
1989-11-30,142.91,125.9,4.82700303008949,8.6,,
1989-12-01,143.1,126.3,4.82700303008949,8.51,,
1989-12-04,143.58,126.3,4.82700303008949,8.53,,
1989-12-05,143.8,126.3,4.82700303008949,8.51,,
1989-12-06,143.85,126.3,4.82700303008949,8.47,,
1989-12-07,144.32,126.3,4.82700303008949,8.48,,
1989-12-08,144.28,126.3,4.82700303008949,8.46,,
1989-12-11,144.5,126.3,4.82700303008949,8.44,,
1989-12-12,143.9,126.3,4.82700303008949,8.44,,
1989-12-13,144.17,126.3,4.82700303008949,8.58,,
1989-12-14,144.1,126.3,4.82700303008949,8.51,,
1989-12-15,144.15,126.3,4.82700303008949,8.56,,
1989-12-18,144.1,126.3,4.82700303008949,8.56,,
1989-12-19,143.85,126.3,4.82700303008949,8.5,,
1989-12-20,144.02,126.3,4.82700303008949,8.42,,
1989-12-21,143.7,126.3,4.82700303008949,8.27,,
1989-12-22,142.88,126.3,4.82700303008949,8.19,,
1989-12-25,,126.3,4.82700303008949,8.19,,
1989-12-26,142.15,126.3,4.82700303008949,8.43,,
1989-12-27,142.1,126.3,4.82700303008949,9.18,,
1989-12-28,143.35,126.3,4.82700303008949,9.45,,
1989-12-29,143.8,126.3,4.82700303008949,7.97,,
1990-01-01,,127.5,5.39795643990322,7.97,37617.0,51.96856
1990-01-02,146.25,127.5,5.39795643990322,8.54,37617.0,51.96856
1990-01-03,145.7,127.5,5.39795643990322,8.37,37617.0,51.96856
1990-01-04,143.37,127.5,5.39795643990322,8.29,37617.0,51.96856
1990-01-05,143.82,127.5,5.39795643990322,8.2,37617.0,51.96856
1990-01-08,144.1,127.5,5.39795643990322,8.27,37617.0,51.96856
1990-01-09,145.2,127.5,5.39795643990322,8.25,37617.0,51.96856
1990-01-10,145.25,127.5,5.39795643990322,8.12,37617.0,51.96856
1990-01-11,145.4,127.5,5.39795643990322,8.21,37617.0,51.96856
1990-01-12,145.4,127.5,5.39795643990322,8.16,37617.0,51.96856
1990-01-15,,127.5,5.39795643990322,8.16,37617.0,51.96856
1990-01-16,145.48,127.5,5.39795643990322,8.31,37617.0,51.96856
1990-01-17,145.49,127.5,5.39795643990322,8.26,37617.0,51.96856
1990-01-18,146.12,127.5,5.39795643990322,8.23,37617.0,51.96856
1990-01-19,145.65,127.5,5.39795643990322,8.19,37617.0,51.96856
1990-01-22,146.43,127.5,5.39795643990322,8.19,37617.0,51.96856
1990-01-23,146.09,127.5,5.39795643990322,8.19,37617.0,51.96856
1990-01-24,145.32,127.5,5.39795643990322,8.4,37617.0,51.96856
1990-01-25,144.42,127.5,5.39795643990322,8.24,37617.0,51.96856
1990-01-26,143.35,127.5,5.39795643990322,8.24,37617.0,51.96856
1990-01-29,143.13,127.5,5.39795643990322,8.24,37617.0,51.96856
1990-01-30,144.1,127.5,5.39795643990322,8.23,37617.0,51.96856
1990-01-31,144.55,127.5,5.39795643990322,8.26,37617.0,51.96856
1990-02-01,144.9,128.0,5.39795643990322,8.25,,
1990-02-02,145.38,128.0,5.39795643990322,8.23,,
1990-02-05,145.39,128.0,5.39795643990322,8.22,,
1990-02-06,145.13,128.0,5.39795643990322,8.19,,
1990-02-07,145.47,128.0,5.39795643990322,8.22,,
1990-02-08,145.4,128.0,5.39795643990322,8.21,,
1990-02-09,145.2,128.0,5.39795643990322,8.21,,
1990-02-12,144.2,128.0,5.39795643990322,8.21,,
1990-02-13,144.4,128.0,5.39795643990322,8.21,,
1990-02-14,144.27,128.0,5.39795643990322,8.21,,
1990-02-15,144.4,128.0,5.39795643990322,8.32,,
1990-02-16,144.15,128.0,5.39795643990322,8.19,,
1990-02-19,,128.0,5.39795643990322,8.19,,
1990-02-20,145.45,128.0,5.39795643990322,8.24,,
1990-02-21,145.32,128.0,5.39795643990322,8.41,,
1990-02-22,145.89,128.0,5.39795643990322,8.28,,
1990-02-23,146.92,128.0,5.39795643990322,8.25,,
1990-02-26,148.85,128.0,5.39795643990322,8.28,,
1990-02-27,148.63,128.0,5.39795643990322,8.27,,
1990-02-28,148.82,128.0,5.39795643990322,8.29,,
1990-03-01,149.67,128.6,5.39795643990322,8.3,,
1990-03-02,150.28,128.6,5.39795643990322,8.27,,
1990-03-05,149.78,128.6,5.39795643990322,8.24,,
1990-03-06,149.8,128.6,5.39795643990322,8.21,,
1990-03-07,151.22,128.6,5.39795643990322,8.4,,
1990-03-08,150.83,128.6,5.39795643990322,8.3,,
1990-03-09,151.34,128.6,5.39795643990322,8.29,,
1990-03-12,152.38,128.6,5.39795643990322,8.28,,
1990-03-13,152.55,128.6,5.39795643990322,8.23,,
1990-03-14,152.24,128.6,5.39795643990322,8.21,,
1990-03-15,152.55,128.6,5.39795643990322,8.29,,
1990-03-16,152.38,128.6,5.39795643990322,8.22,,
1990-03-19,153.5,128.6,5.39795643990322,8.24,,
1990-03-20,153.88,128.6,5.39795643990322,8.26,,
1990-03-21,154.16,128.6,5.39795643990322,8.47,,
1990-03-22,155.1,128.6,5.39795643990322,8.28,,
1990-03-23,153.9,128.6,5.39795643990322,8.25,,
1990-03-26,156.5,128.6,5.39795643990322,8.25,,
1990-03-27,157.4,128.6,5.39795643990322,8.26,,
1990-03-28,158.75,128.6,5.39795643990322,8.3,,
1990-03-29,156.75,128.6,5.39795643990322,8.37,,
1990-03-30,157.82,128.6,5.39795643990322,8.3,,
1990-04-02,158.9,128.9,5.39795643990322,8.34,37636.0,52.7473
1990-04-03,159.13,128.9,5.39795643990322,8.31,37636.0,52.7473
1990-04-04,158.6,128.9,5.39795643990322,8.37,37636.0,52.7473
1990-04-05,157.68,128.9,5.39795643990322,8.31,37636.0,52.7473
1990-04-06,157.65,128.9,5.39795643990322,8.26,37636.0,52.7473
1990-04-09,157.5,128.9,5.39795643990322,8.24,37636.0,52.7473
1990-04-10,158.58,128.9,5.39795643990322,8.21,37636.0,52.7473
1990-04-11,158.28,128.9,5.39795643990322,8.2,37636.0,52.7473
1990-04-12,158.19,128.9,5.39795643990322,8.21,37636.0,52.7473
1990-04-13,158.75,128.9,5.39795643990322,8.18,37636.0,52.7473
1990-04-16,159.37,128.9,5.39795643990322,8.31,37636.0,52.7473
1990-04-17,159.9,128.9,5.39795643990322,8.39,37636.0,52.7473
1990-04-18,159.1,128.9,5.39795643990322,8.46,37636.0,52.7473
1990-04-19,156.5,128.9,5.39795643990322,8.31,37636.0,52.7473
1990-04-20,157.85,128.9,5.39795643990322,8.24,37636.0,52.7473
1990-04-23,157.7,128.9,5.39795643990322,8.25,37636.0,52.7473
1990-04-24,158.72,128.9,5.39795643990322,8.21,37636.0,52.7473
1990-04-25,158.73,128.9,5.39795643990322,8.21,37636.0,52.7473
1990-04-26,158.75,128.9,5.39795643990322,8.21,37636.0,52.7473
1990-04-27,158.9,128.9,5.39795643990322,8.18,37636.0,52.7473
1990-04-30,158.85,128.9,5.39795643990322,8.23,37636.0,52.7473
1990-05-01,158.85,129.1,5.39795643990322,8.11,,
1990-05-02,158.3,129.1,5.39795643990322,7.73,,
1990-05-03,158.15,129.1,5.39795643990322,8.19,,
1990-05-04,158.35,129.1,5.39795643990322,8.21,,
1990-05-07,158.0,129.1,5.39795643990322,8.23,,
1990-05-08,157.9,129.1,5.39795643990322,8.2,,
1990-05-09,156.45,129.1,5.39795643990322,8.18,,
1990-05-10,157.0,129.1,5.39795643990322,8.23,,
1990-05-11,152.73,129.1,5.39795643990322,8.24,,
1990-05-14,152.77,129.1,5.39795643990322,8.27,,
1990-05-15,151.4,129.1,5.39795643990322,8.34,,
1990-05-16,151.43,129.1,5.39795643990322,7.53,,
1990-05-17,152.35,129.1,5.39795643990322,8.2,,
1990-05-18,152.85,129.1,5.39795643990322,8.22,,
1990-05-21,153.53,129.1,5.39795643990322,8.24,,
1990-05-22,151.6,129.1,5.39795643990322,8.22,,
1990-05-23,151.23,129.1,5.39795643990322,8.24,,
1990-05-24,151.55,129.1,5.39795643990322,8.29,,
1990-05-25,149.69,129.1,5.39795643990322,8.27,,
1990-05-28,,129.1,5.39795643990322,8.27,,
1990-05-29,150.88,129.1,5.39795643990322,8.26,,
1990-05-30,151.32,129.1,5.39795643990322,7.69,,
1990-05-31,152.64,129.1,5.39795643990322,8.23,,
1990-06-01,151.39,129.9,5.39795643990322,8.28,,
1990-06-04,151.6,129.9,5.39795643990322,8.28,,
1990-06-05,152.65,129.9,5.39795643990322,8.27,,
1990-06-06,152.55,129.9,5.39795643990322,8.22,,
1990-06-07,152.53,129.9,5.39795643990322,8.25,,
1990-06-08,153.53,129.9,5.39795643990322,8.26,,
1990-06-11,154.52,129.9,5.39795643990322,8.26,,
1990-06-12,154.44,129.9,5.39795643990322,8.23,,
1990-06-13,154.79,129.9,5.39795643990322,8.61,,
1990-06-14,154.07,129.9,5.39795643990322,8.29,,
1990-06-15,154.2,129.9,5.39795643990322,8.29,,
1990-06-18,153.7,129.9,5.39795643990322,8.28,,
1990-06-19,153.65,129.9,5.39795643990322,8.25,,
1990-06-20,154.0,129.9,5.39795643990322,8.24,,
1990-06-21,154.82,129.9,5.39795643990322,8.25,,
1990-06-22,154.75,129.9,5.39795643990322,8.24,,
1990-06-25,155.37,129.9,5.39795643990322,8.3,,
1990-06-26,155.15,129.9,5.39795643990322,8.33,,
1990-06-27,154.38,129.9,5.39795643990322,8.39,,
1990-06-28,153.17,129.9,5.39795643990322,8.36,,
1990-06-29,152.35,129.9,5.39795643990322,8.32,,
1990-07-02,151.27,130.5,5.39795643990322,8.35,37529.0,53.75313
1990-07-03,151.2,130.5,5.39795643990322,8.32,37529.0,53.75313
1990-07-04,,130.5,5.39795643990322,8.32,37529.0,53.75313
1990-07-05,150.77,130.5,5.39795643990322,8.32,37529.0,53.75313
1990-07-06,151.03,130.5,5.39795643990322,8.32,37529.0,53.75313
1990-07-09,151.1,130.5,5.39795643990322,8.33,37529.0,53.75313
1990-07-10,148.9,130.5,5.39795643990322,8.34,37529.0,53.75313
1990-07-11,148.68,130.5,5.39795643990322,8.01,37529.0,53.75313
1990-07-12,148.6,130.5,5.39795643990322,8.29,37529.0,53.75313
1990-07-13,147.5,130.5,5.39795643990322,8.18,37529.0,53.75313
1990-07-16,148.05,130.5,5.39795643990322,8.07,37529.0,53.75313
1990-07-17,148.35,130.5,5.39795643990322,8.05,37529.0,53.75313
1990-07-18,147.3,130.5,5.39795643990322,8.02,37529.0,53.75313
1990-07-19,148.05,130.5,5.39795643990322,8.04,37529.0,53.75313
1990-07-20,148.97,130.5,5.39795643990322,7.99,37529.0,53.75313
1990-07-23,148.45,130.5,5.39795643990322,8.02,37529.0,53.75313
1990-07-24,148.35,130.5,5.39795643990322,8.02,37529.0,53.75313
1990-07-25,148.88,130.5,5.39795643990322,8.28,37529.0,53.75313
1990-07-26,150.45,130.5,5.39795643990322,8.05,37529.0,53.75313
1990-07-27,149.6,130.5,5.39795643990322,8.01,37529.0,53.75313
1990-07-30,148.2,130.5,5.39795643990322,8.03,37529.0,53.75313
1990-07-31,146.13,130.5,5.39795643990322,8.05,37529.0,53.75313
1990-08-01,147.25,131.6,5.39795643990322,8.07,,
1990-08-02,149.6,131.6,5.39795643990322,8.09,,
1990-08-03,149.9,131.6,5.39795643990322,8.03,,
1990-08-06,149.75,131.6,5.39795643990322,8.04,,
1990-08-07,149.8,131.6,5.39795643990322,8.05,,
1990-08-08,150.15,131.6,5.39795643990322,8.19,,
1990-08-09,149.82,131.6,5.39795643990322,8.1,,
1990-08-10,150.15,131.6,5.39795643990322,8.05,,
1990-08-13,150.35,131.6,5.39795643990322,8.23,,
1990-08-14,149.48,131.6,5.39795643990322,8.14,,
1990-08-15,147.45,131.6,5.39795643990322,8.28,,
1990-08-16,148.38,131.6,5.39795643990322,8.44,,
1990-08-17,147.57,131.6,5.39795643990322,8.2,,
1990-08-20,146.87,131.6,5.39795643990322,8.08,,
1990-08-21,146.4,131.6,5.39795643990322,8.0,,
1990-08-22,145.75,131.6,5.39795643990322,8.96,,
1990-08-23,146.6,131.6,5.39795643990322,8.13,,
1990-08-24,146.55,131.6,5.39795643990322,8.07,,
1990-08-27,144.45,131.6,5.39795643990322,8.08,,
1990-08-28,143.48,131.6,5.39795643990322,8.07,,
1990-08-29,143.62,131.6,5.39795643990322,8.04,,
1990-08-30,144.3,131.6,5.39795643990322,8.06,,
1990-08-31,143.93,131.6,5.39795643990322,8.06,,
1990-09-03,,132.5,5.39795643990322,8.06,,
1990-09-04,143.55,132.5,5.39795643990322,8.17,,
1990-09-05,141.68,132.5,5.39795643990322,9.31,,
1990-09-06,141.05,132.5,5.39795643990322,8.2,,
1990-09-07,140.1,132.5,5.39795643990322,8.13,,
1990-09-10,139.2,132.5,5.39795643990322,8.13,,
1990-09-11,139.85,132.5,5.39795643990322,8.08,,
1990-09-12,137.7,132.5,5.39795643990322,8.03,,
1990-09-13,137.35,132.5,5.39795643990322,8.03,,
1990-09-14,136.67,132.5,5.39795643990322,7.93,,
1990-09-17,137.0,132.5,5.39795643990322,8.04,,
1990-09-18,137.5,132.5,5.39795643990322,7.87,,
1990-09-19,137.5,132.5,5.39795643990322,9.53,,
1990-09-20,136.93,132.5,5.39795643990322,8.17,,
1990-09-21,136.9,132.5,5.39795643990322,8.22,,
1990-09-24,136.1,132.5,5.39795643990322,8.33,,
1990-09-25,137.38,132.5,5.39795643990322,8.35,,
1990-09-26,137.27,132.5,5.39795643990322,8.29,,
1990-09-27,138.37,132.5,5.39795643990322,8.21,,
1990-09-28,138.27,132.5,5.39795643990322,8.03,,
1990-10-01,136.9,133.4,5.39795643990322,8.25,37056.0,56.03613
1990-10-02,136.95,133.4,5.39795643990322,8.32,37056.0,56.03613
1990-10-03,136.13,133.4,5.39795643990322,8.71,37056.0,56.03613
1990-10-04,133.9,133.4,5.39795643990322,8.31,37056.0,56.03613
1990-10-05,132.4,133.4,5.39795643990322,8.19,37056.0,56.03613
1990-10-08,,133.4,5.39795643990322,8.19,37056.0,56.03613
1990-10-09,130.33,133.4,5.39795643990322,8.21,37056.0,56.03613
1990-10-10,129.97,133.4,5.39795643990322,8.11,37056.0,56.03613
1990-10-11,129.95,133.4,5.39795643990322,8.02,37056.0,56.03613
1990-10-12,128.65,133.4,5.39795643990322,7.98,37056.0,56.03613
1990-10-15,128.15,133.4,5.39795643990322,8.07,37056.0,56.03613
1990-10-16,127.25,133.4,5.39795643990322,8.01,37056.0,56.03613
1990-10-17,125.27,133.4,5.39795643990322,7.69,37056.0,56.03613
1990-10-18,125.05,133.4,5.39795643990322,8.04,37056.0,56.03613
1990-10-19,125.75,133.4,5.39795643990322,8.01,37056.0,56.03613
1990-10-22,126.05,133.4,5.39795643990322,7.99,37056.0,56.03613
1990-10-23,127.5,133.4,5.39795643990322,7.93,37056.0,56.03613
1990-10-24,128.05,133.4,5.39795643990322,7.94,37056.0,56.03613
1990-10-25,127.3,133.4,5.39795643990322,8.02,37056.0,56.03613
1990-10-26,128.0,133.4,5.39795643990322,7.97,37056.0,56.03613
1990-10-29,128.4,133.4,5.39795643990322,7.87,37056.0,56.03613
1990-10-30,129.1,133.4,5.39795643990322,7.84,37056.0,56.03613
1990-10-31,129.95,133.4,5.39795643990322,9.52,37056.0,56.03613
1990-11-01,130.48,133.7,5.39795643990322,8.06,,
1990-11-02,128.6,133.7,5.39795643990322,8.02,,
1990-11-05,126.8,133.7,5.39795643990322,7.96,,
1990-11-06,127.3,133.7,5.39795643990322,7.89,,
1990-11-07,128.15,133.7,5.39795643990322,7.8,,
1990-11-08,129.9,133.7,5.39795643990322,7.77,,
1990-11-09,129.73,133.7,5.39795643990322,7.73,,
1990-11-12,,133.7,5.39795643990322,7.73,,
1990-11-13,129.6,133.7,5.39795643990322,8.0,,
1990-11-14,129.62,133.7,5.39795643990322,8.92,,
1990-11-15,129.27,133.7,5.39795643990322,8.12,,
1990-11-16,129.43,133.7,5.39795643990322,7.85,,
1990-11-19,129.0,133.7,5.39795643990322,7.72,,
1990-11-20,128.95,133.7,5.39795643990322,7.65,,
1990-11-21,127.65,133.7,5.39795643990322,7.59,,
1990-11-22,,133.7,5.39795643990322,7.59,,
1990-11-23,127.35,133.7,5.39795643990322,7.56,,
1990-11-26,128.75,133.7,5.39795643990322,7.65,,
1990-11-27,128.33,133.7,5.39795643990322,7.62,,
1990-11-28,129.85,133.7,5.39795643990322,7.39,,
1990-11-29,132.45,133.7,5.39795643990322,7.65,,
1990-11-30,133.1,133.7,5.39795643990322,7.61,,
1990-12-03,134.4,134.2,5.39795643990322,7.65,,
1990-12-04,134.05,134.2,5.39795643990322,7.58,,
1990-12-05,134.53,134.2,5.39795643990322,7.47,,
1990-12-06,132.35,134.2,5.39795643990322,7.44,,
1990-12-07,131.05,134.2,5.39795643990322,7.25,,
1990-12-10,131.9,134.2,5.39795643990322,7.18,,
1990-12-11,132.1,134.2,5.39795643990322,7.05,,
1990-12-12,131.82,134.2,5.39795643990322,7.36,,
1990-12-13,132.13,134.2,5.39795643990322,7.25,,
1990-12-14,132.95,134.2,5.39795643990322,7.29,,
1990-12-17,133.25,134.2,5.39795643990322,7.44,,
1990-12-18,133.23,134.2,5.39795643990322,7.37,,
1990-12-19,134.15,134.2,5.39795643990322,7.13,,
1990-12-20,134.85,134.2,5.39795643990322,7.2,,
1990-12-21,135.6,134.2,5.39795643990322,7.06,,
1990-12-24,136.05,134.2,5.39795643990322,6.45,,
1990-12-25,,134.2,5.39795643990322,6.45,,
1990-12-26,136.05,134.2,5.39795643990322,8.86,,
1990-12-27,136.45,134.2,5.39795643990322,8.65,,
1990-12-28,135.12,134.2,5.39795643990322,7.54,,
1990-12-31,135.75,134.2,5.39795643990322,5.53,,
1991-01-01,,134.7,4.23496396453853,5.53,36769.0,57.41652
1991-01-02,134.6,134.7,4.23496396453853,7.85,36769.0,57.41652
1991-01-03,133.05,134.7,4.23496396453853,7.18,36769.0,57.41652
1991-01-04,135.1,134.7,4.23496396453853,6.52,36769.0,57.41652
1991-01-07,136.7,134.7,4.23496396453853,6.26,36769.0,57.41652
1991-01-08,136.45,134.7,4.23496396453853,5.94,36769.0,57.41652
1991-01-09,134.05,134.7,4.23496396453853,5.88,36769.0,57.41652
1991-01-10,134.6,134.7,4.23496396453853,6.81,36769.0,57.41652
1991-01-11,134.25,134.7,4.23496396453853,6.68,36769.0,57.41652
1991-01-14,135.05,134.7,4.23496396453853,6.83,36769.0,57.41652
1991-01-15,135.9,134.7,4.23496396453853,6.89,36769.0,57.41652
1991-01-16,136.85,134.7,4.23496396453853,6.81,36769.0,57.41652
1991-01-17,132.88,134.7,4.23496396453853,6.6,36769.0,57.41652
1991-01-18,132.8,134.7,4.23496396453853,5.9,36769.0,57.41652
1991-01-21,,134.7,4.23496396453853,5.9,36769.0,57.41652
1991-01-22,131.7,134.7,4.23496396453853,7.56,36769.0,57.41652
1991-01-23,132.41,134.7,4.23496396453853,10.39,36769.0,57.41652
1991-01-24,132.23,134.7,4.23496396453853,7.69,36769.0,57.41652
1991-01-25,132.27,134.7,4.23496396453853,7.59,36769.0,57.41652
1991-01-28,132.2,134.7,4.23496396453853,7.61,36769.0,57.41652
1991-01-29,131.53,134.7,4.23496396453853,7.16,36769.0,57.41652
1991-01-30,131.6,134.7,4.23496396453853,6.96,36769.0,57.41652
1991-01-31,131.45,134.7,4.23496396453853,8.18,36769.0,57.41652
1991-02-01,131.45,134.8,4.23496396453853,6.3,,
1991-02-04,131.08,134.8,4.23496396453853,6.1,,
1991-02-05,129.73,134.8,4.23496396453853,5.49,,
1991-02-06,128.35,134.8,4.23496396453853,5.57,,
1991-02-07,127.95,134.8,4.23496396453853,6.38,,
1991-02-08,127.9,134.8,4.23496396453853,6.27,,
1991-02-11,127.72,134.8,4.23496396453853,6.37,,
1991-02-12,128.3,134.8,4.23496396453853,6.26,,
1991-02-13,129.08,134.8,4.23496396453853,6.24,,
1991-02-14,129.8,134.8,4.23496396453853,6.37,,
1991-02-15,130.45,134.8,4.23496396453853,6.02,,
1991-02-18,,134.8,4.23496396453853,6.02,,
1991-02-19,131.55,134.8,4.23496396453853,6.24,,
1991-02-20,131.8,134.8,4.23496396453853,7.11,,
1991-02-21,131.4,134.8,4.23496396453853,6.54,,
1991-02-22,132.2,134.8,4.23496396453853,6.27,,
1991-02-25,133.35,134.8,4.23496396453853,6.43,,
1991-02-26,132.85,134.8,4.23496396453853,6.12,,
1991-02-27,132.27,134.8,4.23496396453853,6.26,,
1991-02-28,132.95,134.8,4.23496396453853,6.99,,
1991-03-01,134.55,134.8,4.23496396453853,6.35,,
1991-03-04,135.55,134.8,4.23496396453853,6.36,,
1991-03-05,135.39,134.8,4.23496396453853,6.31,,
1991-03-06,136.25,134.8,4.23496396453853,6.55,,
1991-03-07,135.8,134.8,4.23496396453853,6.46,,
1991-03-08,136.25,134.8,4.23496396453853,6.2,,
1991-03-11,138.1,134.8,4.23496396453853,6.1,,
1991-03-12,136.3,134.8,4.23496396453853,6.03,,
1991-03-13,136.4,134.8,4.23496396453853,5.98,,
1991-03-14,135.95,134.8,4.23496396453853,5.93,,
1991-03-15,137.2,134.8,4.23496396453853,5.96,,
1991-03-18,138.15,134.8,4.23496396453853,6.03,,
1991-03-19,138.15,134.8,4.23496396453853,6.16,,
1991-03-20,138.6,134.8,4.23496396453853,6.67,,
1991-03-21,137.6,134.8,4.23496396453853,6.22,,
1991-03-22,137.2,134.8,4.23496396453853,6.05,,
1991-03-25,138.43,134.8,4.23496396453853,6.08,,
1991-03-26,138.35,134.8,4.23496396453853,6.17,,
1991-03-27,139.1,134.8,4.23496396453853,6.11,,
1991-03-28,141.2,134.8,4.23496396453853,6.14,,
1991-03-29,140.6,134.8,4.23496396453853,5.53,,
1991-04-01,140.2,135.1,4.23496396453853,6.48,36938.0,57.74551
1991-04-02,138.3,135.1,4.23496396453853,6.46,36938.0,57.74551
1991-04-03,137.4,135.1,4.23496396453853,6.36,36938.0,57.74551
1991-04-04,135.97,135.1,4.23496396453853,6.22,36938.0,57.74551
1991-04-05,136.9,135.1,4.23496396453853,5.92,36938.0,57.74551
1991-04-08,137.25,135.1,4.23496396453853,5.89,36938.0,57.74551
1991-04-09,135.1,135.1,4.23496396453853,5.66,36938.0,57.74551
1991-04-10,136.35,135.1,4.23496396453853,5.75,36938.0,57.74551
1991-04-11,135.95,135.1,4.23496396453853,5.71,36938.0,57.74551
1991-04-12,136.3,135.1,4.23496396453853,5.36,36938.0,57.74551
1991-04-15,134.48,135.1,4.23496396453853,6.04,36938.0,57.74551
1991-04-16,134.85,135.1,4.23496396453853,6.05,36938.0,57.74551
1991-04-17,136.35,135.1,4.23496396453853,5.95,36938.0,57.74551
1991-04-18,136.8,135.1,4.23496396453853,6.0,36938.0,57.74551
1991-04-19,138.58,135.1,4.23496396453853,5.89,36938.0,57.74551
1991-04-22,139.45,135.1,4.23496396453853,5.95,36938.0,57.74551
1991-04-23,137.94,135.1,4.23496396453853,5.92,36938.0,57.74551
1991-04-24,138.05,135.1,4.23496396453853,5.89,36938.0,57.74551
1991-04-25,138.05,135.1,4.23496396453853,5.95,36938.0,57.74551
1991-04-26,138.13,135.1,4.23496396453853,5.89,36938.0,57.74551
1991-04-29,137.7,135.1,4.23496396453853,5.93,36938.0,57.74551
1991-04-30,136.38,135.1,4.23496396453853,5.98,36938.0,57.74551
1991-05-01,137.6,135.6,4.23496396453853,5.9,,
1991-05-02,138.1,135.6,4.23496396453853,5.86,,
1991-05-03,138.55,135.6,4.23496396453853,5.76,,
1991-05-06,138.47,135.6,4.23496396453853,5.82,,
1991-05-07,137.95,135.6,4.23496396453853,5.79,,
1991-05-08,138.35,135.6,4.23496396453853,5.75,,
1991-05-09,139.3,135.6,4.23496396453853,5.76,,
1991-05-10,138.75,135.6,4.23496396453853,5.69,,
1991-05-13,139.42,135.6,4.23496396453853,5.8,,
1991-05-14,138.15,135.6,4.23496396453853,5.85,,
1991-05-15,137.99,135.6,4.23496396453853,6.01,,
1991-05-16,137.55,135.6,4.23496396453853,5.89,,
1991-05-17,138.5,135.6,4.23496396453853,5.79,,
1991-05-20,138.22,135.6,4.23496396453853,5.82,,
1991-05-21,137.5,135.6,4.23496396453853,5.76,,
1991-05-22,138.05,135.6,4.23496396453853,5.71,,
1991-05-23,137.73,135.6,4.23496396453853,5.69,,
1991-05-24,138.4,135.6,4.23496396453853,5.65,,
1991-05-27,,135.6,4.23496396453853,5.65,,
1991-05-28,137.8,135.6,4.23496396453853,5.99,,
1991-05-29,138.2,135.6,4.23496396453853,5.79,,
1991-05-30,137.85,135.6,4.23496396453853,5.84,,
1991-05-31,138.45,135.6,4.23496396453853,5.92,,
1991-06-03,139.08,136.0,4.23496396453853,5.96,,
1991-06-04,138.66,136.0,4.23496396453853,5.96,,
1991-06-05,139.13,136.0,4.23496396453853,5.88,,
1991-06-06,139.18,136.0,4.23496396453853,5.82,,
1991-06-07,140.31,136.0,4.23496396453853,5.71,,
1991-06-10,141.9,136.0,4.23496396453853,5.83,,
1991-06-11,141.2,136.0,4.23496396453853,5.79,,
1991-06-12,141.9,136.0,4.23496396453853,5.67,,
1991-06-13,141.33,136.0,4.23496396453853,5.79,,
1991-06-14,140.55,136.0,4.23496396453853,5.71,,
1991-06-17,140.97,136.0,4.23496396453853,5.94,,
1991-06-18,140.9,136.0,4.23496396453853,5.82,,
1991-06-19,140.08,136.0,4.23496396453853,5.8,,
1991-06-20,138.74,136.0,4.23496396453853,5.79,,
1991-06-21,139.0,136.0,4.23496396453853,5.75,,
1991-06-24,138.9,136.0,4.23496396453853,5.83,,
1991-06-25,138.82,136.0,4.23496396453853,5.9,,
1991-06-26,138.3,136.0,4.23496396453853,5.73,,
1991-06-27,138.1,136.0,4.23496396453853,5.91,,
1991-06-28,137.9,136.0,4.23496396453853,6.74,,
1991-07-01,138.4,136.2,4.23496396453853,6.38,36993.0,59.06123
1991-07-02,138.78,136.2,4.23496396453853,6.09,36993.0,59.06123
1991-07-03,139.5,136.2,4.23496396453853,5.77,36993.0,59.06123
1991-07-04,,136.2,4.23496396453853,5.77,36993.0,59.06123
1991-07-05,138.35,136.2,4.23496396453853,5.76,36993.0,59.06123
1991-07-08,138.73,136.2,4.23496396453853,5.91,36993.0,59.06123
1991-07-09,138.65,136.2,4.23496396453853,5.82,36993.0,59.06123
1991-07-10,138.53,136.2,4.23496396453853,5.72,36993.0,59.06123
1991-07-11,138.58,136.2,4.23496396453853,5.86,36993.0,59.06123
1991-07-12,136.75,136.2,4.23496396453853,5.8,36993.0,59.06123
1991-07-15,136.7,136.2,4.23496396453853,5.96,36993.0,59.06123
1991-07-16,137.15,136.2,4.23496396453853,5.91,36993.0,59.06123
1991-07-17,136.8,136.2,4.23496396453853,5.82,36993.0,59.06123
1991-07-18,136.8,136.2,4.23496396453853,5.83,36993.0,59.06123
1991-07-19,136.45,136.2,4.23496396453853,5.75,36993.0,59.06123
1991-07-22,137.45,136.2,4.23496396453853,5.81,36993.0,59.06123
1991-07-23,136.98,136.2,4.23496396453853,5.74,36993.0,59.06123
1991-07-24,137.38,136.2,4.23496396453853,5.63,36993.0,59.06123
1991-07-25,138.85,136.2,4.23496396453853,5.82,36993.0,59.06123
1991-07-26,137.9,136.2,4.23496396453853,5.76,36993.0,59.06123
1991-07-29,138.18,136.2,4.23496396453853,5.8,36993.0,59.06123
1991-07-30,137.93,136.2,4.23496396453853,5.75,36993.0,59.06123
1991-07-31,137.42,136.2,4.23496396453853,5.85,36993.0,59.06123
1991-08-01,137.67,136.6,4.23496396453853,5.86,,
1991-08-02,136.74,136.6,4.23496396453853,5.72,,
1991-08-05,136.68,136.6,4.23496396453853,5.79,,
1991-08-06,135.73,136.6,4.23496396453853,5.7,,
1991-08-07,135.85,136.6,4.23496396453853,6.29,,
1991-08-08,136.47,136.6,4.23496396453853,5.71,,
1991-08-09,136.9,136.6,4.23496396453853,5.59,,
1991-08-12,136.54,136.6,4.23496396453853,5.66,,
1991-08-13,136.52,136.6,4.23496396453853,5.64,,
1991-08-14,136.61,136.6,4.23496396453853,5.58,,
1991-08-15,136.47,136.6,4.23496396453853,5.77,,
1991-08-16,137.25,136.6,4.23496396453853,5.55,,
1991-08-19,138.3,136.6,4.23496396453853,5.54,,
1991-08-20,137.45,136.6,4.23496396453853,5.57,,
1991-08-21,136.8,136.6,4.23496396453853,6.24,,
1991-08-22,136.43,136.6,4.23496396453853,5.69,,
1991-08-23,137.1,136.6,4.23496396453853,5.55,,
1991-08-26,137.0,136.6,4.23496396453853,5.63,,
1991-08-27,137.0,136.6,4.23496396453853,5.59,,
1991-08-28,136.6,136.6,4.23496396453853,5.52,,
1991-08-29,137.0,136.6,4.23496396453853,5.49,,
1991-08-30,136.85,136.6,4.23496396453853,5.5,,
1991-09-02,,137.0,4.23496396453853,5.5,,
1991-09-03,136.02,137.0,4.23496396453853,5.82,,
1991-09-04,135.3,137.0,4.23496396453853,5.87,,
1991-09-05,135.87,137.0,4.23496396453853,5.67,,
1991-09-06,136.15,137.0,4.23496396453853,5.53,,
1991-09-09,134.95,137.0,4.23496396453853,5.59,,
1991-09-10,134.85,137.0,4.23496396453853,5.53,,
1991-09-11,134.95,137.0,4.23496396453853,5.51,,
1991-09-12,134.06,137.0,4.23496396453853,5.53,,
1991-09-13,133.98,137.0,4.23496396453853,5.31,,
1991-09-16,133.65,137.0,4.23496396453853,5.56,,
1991-09-17,133.82,137.0,4.23496396453853,5.61,,
1991-09-18,134.17,137.0,4.23496396453853,5.43,,
1991-09-19,134.5,137.0,4.23496396453853,5.37,,
1991-09-20,134.37,137.0,4.23496396453853,5.24,,
1991-09-23,133.05,137.0,4.23496396453853,5.32,,
1991-09-24,133.08,137.0,4.23496396453853,5.32,,
1991-09-25,133.3,137.0,4.23496396453853,5.32,,
1991-09-26,133.67,137.0,4.23496396453853,5.4,,
1991-09-27,133.4,137.0,4.23496396453853,5.24,,
1991-09-30,132.85,137.0,4.23496396453853,5.6,,
1991-10-01,133.2,137.2,4.23496396453853,5.4,36995.0,60.68599
1991-10-02,132.68,137.2,4.23496396453853,5.2,36995.0,60.68599
1991-10-03,130.77,137.2,4.23496396453853,5.33,36995.0,60.68599
1991-10-04,130.03,137.2,4.23496396453853,5.16,36995.0,60.68599
1991-10-07,129.3,137.2,4.23496396453853,5.22,36995.0,60.68599
1991-10-08,130.1,137.2,4.23496396453853,5.18,36995.0,60.68599
1991-10-09,130.25,137.2,4.23496396453853,5.15,36995.0,60.68599
1991-10-10,130.35,137.2,4.23496396453853,5.17,36995.0,60.68599
1991-10-11,129.73,137.2,4.23496396453853,5.03,36995.0,60.68599
1991-10-14,,137.2,4.23496396453853,5.03,36995.0,60.68599
1991-10-15,130.22,137.2,4.23496396453853,5.58,36995.0,60.68599
1991-10-16,130.02,137.2,4.23496396453853,6.11,36995.0,60.68599
1991-10-17,129.83,137.2,4.23496396453853,5.33,36995.0,60.68599
1991-10-18,129.77,137.2,4.23496396453853,5.2,36995.0,60.68599
1991-10-21,130.73,137.2,4.23496396453853,5.27,36995.0,60.68599
1991-10-22,131.2,137.2,4.23496396453853,5.25,36995.0,60.68599
1991-10-23,131.55,137.2,4.23496396453853,5.21,36995.0,60.68599
1991-10-24,131.18,137.2,4.23496396453853,5.22,36995.0,60.68599
1991-10-25,131.4,137.2,4.23496396453853,5.21,36995.0,60.68599
1991-10-28,132.25,137.2,4.23496396453853,5.27,36995.0,60.68599
1991-10-29,130.75,137.2,4.23496396453853,5.11,36995.0,60.68599
1991-10-30,131.08,137.2,4.23496396453853,4.44,36995.0,60.68599
1991-10-31,130.6,137.2,4.23496396453853,5.23,36995.0,60.68599
1991-11-01,130.3,137.8,4.23496396453853,5.03,,
1991-11-04,128.9,137.8,4.23496396453853,5.09,,
1991-11-05,129.8,137.8,4.23496396453853,5.06,,
1991-11-06,129.9,137.8,4.23496396453853,4.87,,
1991-11-07,129.7,137.8,4.23496396453853,4.8,,
1991-11-08,130.32,137.8,4.23496396453853,4.71,,
1991-11-11,,137.8,4.23496396453853,4.71,,
1991-11-12,129.65,137.8,4.23496396453853,4.89,,
1991-11-13,130.12,137.8,4.23496396453853,4.62,,
1991-11-14,129.87,137.8,4.23496396453853,4.86,,
1991-11-15,130.05,137.8,4.23496396453853,4.98,,
1991-11-18,129.3,137.8,4.23496396453853,4.88,,
1991-11-19,129.95,137.8,4.23496396453853,4.78,,
1991-11-20,129.77,137.8,4.23496396453853,4.74,,
1991-11-21,129.62,137.8,4.23496396453853,4.74,,
1991-11-22,129.53,137.8,4.23496396453853,4.75,,
1991-11-25,127.77,137.8,4.23496396453853,4.89,,
1991-11-26,128.1,137.8,4.23496396453853,4.52,,
1991-11-27,130.28,137.8,4.23496396453853,4.38,,
1991-11-28,,137.8,4.23496396453853,4.38,,
1991-11-29,130.08,137.8,4.23496396453853,4.86,,
1991-12-02,129.95,138.2,4.23496396453853,5.0,,
1991-12-03,129.55,138.2,4.23496396453853,4.86,,
1991-12-04,129.55,138.2,4.23496396453853,4.71,,
1991-12-05,128.77,138.2,4.23496396453853,4.72,,
1991-12-06,128.2,138.2,4.23496396453853,4.52,,
1991-12-09,128.4,138.2,4.23496396453853,4.52,,
1991-12-10,128.7,138.2,4.23496396453853,4.4,,
1991-12-11,129.15,138.2,4.23496396453853,4.59,,
1991-12-12,129.24,138.2,4.23496396453853,4.57,,
1991-12-13,128.8,138.2,4.23496396453853,4.42,,
1991-12-16,128.47,138.2,4.23496396453853,4.65,,
1991-12-17,128.6,138.2,4.23496396453853,4.5,,
1991-12-18,128.45,138.2,4.23496396453853,4.47,,
1991-12-19,128.33,138.2,4.23496396453853,4.6,,
1991-12-20,127.57,138.2,4.23496396453853,4.11,,
1991-12-23,126.55,138.2,4.23496396453853,4.26,,
1991-12-24,127.55,138.2,4.23496396453853,4.19,,
1991-12-25,,138.2,4.23496396453853,4.19,,
1991-12-26,126.78,138.2,4.23496396453853,4.59,,
1991-12-27,125.57,138.2,4.23496396453853,4.14,,
1991-12-30,125.75,138.2,4.23496396453853,4.12,,
1991-12-31,124.9,138.2,4.23496396453853,4.09,,
1992-01-01,,138.3,3.0288196781497,4.09,37328.0,60.99679
1992-01-02,124.5,138.3,3.0288196781497,4.61,37328.0,60.99679
1992-01-03,124.8,138.3,3.0288196781497,4.06,37328.0,60.99679
1992-01-06,124.1,138.3,3.0288196781497,4.04,37328.0,60.99679
1992-01-07,124.4,138.3,3.0288196781497,3.67,37328.0,60.99679
1992-01-08,124.9,138.3,3.0288196781497,4.83,37328.0,60.99679
1992-01-09,125.4,138.3,3.0288196781497,4.22,37328.0,60.99679
1992-01-10,127.05,138.3,3.0288196781497,3.96,37328.0,60.99679
1992-01-13,126.85,138.3,3.0288196781497,3.98,37328.0,60.99679
1992-01-14,126.8,138.3,3.0288196781497,3.95,37328.0,60.99679
1992-01-15,128.4,138.3,3.0288196781497,4.04,37328.0,60.99679
1992-01-16,128.28,138.3,3.0288196781497,3.94,37328.0,60.99679
1992-01-17,127.45,138.3,3.0288196781497,3.56,37328.0,60.99679
1992-01-20,,138.3,3.0288196781497,3.56,37328.0,60.99679
1992-01-21,123.2,138.3,3.0288196781497,4.11,37328.0,60.99679
1992-01-22,123.22,138.3,3.0288196781497,4.82,37328.0,60.99679
1992-01-23,123.9,138.3,3.0288196781497,4.15,37328.0,60.99679
1992-01-24,123.42,138.3,3.0288196781497,3.96,37328.0,60.99679
1992-01-27,125.4,138.3,3.0288196781497,4.08,37328.0,60.99679
1992-01-28,125.62,138.3,3.0288196781497,4.0,37328.0,60.99679
1992-01-29,125.45,138.3,3.0288196781497,3.93,37328.0,60.99679
1992-01-30,126.0,138.3,3.0288196781497,4.02,37328.0,60.99679
1992-01-31,125.55,138.3,3.0288196781497,4.4,37328.0,60.99679
1992-02-03,125.95,138.6,3.0288196781497,4.0,,
1992-02-04,126.15,138.6,3.0288196781497,3.83,,
1992-02-05,125.83,138.6,3.0288196781497,4.17,,
1992-02-06,125.65,138.6,3.0288196781497,4.1,,
1992-02-07,125.22,138.6,3.0288196781497,3.89,,
1992-02-10,126.7,138.6,3.0288196781497,3.95,,
1992-02-11,126.93,138.6,3.0288196781497,3.91,,
1992-02-12,127.68,138.6,3.0288196781497,3.9,,
1992-02-13,127.68,138.6,3.0288196781497,4.0,,
1992-02-14,127.93,138.6,3.0288196781497,4.0,,
1992-02-17,,138.6,3.0288196781497,4.0,,
1992-02-18,128.0,138.6,3.0288196781497,4.81,,
1992-02-19,128.4,138.6,3.0288196781497,4.57,,
1992-02-20,128.65,138.6,3.0288196781497,4.1,,
1992-02-21,128.72,138.6,3.0288196781497,3.9,,
1992-02-24,129.1,138.6,3.0288196781497,4.04,,
1992-02-25,129.45,138.6,3.0288196781497,3.97,,
1992-02-26,129.68,138.6,3.0288196781497,3.93,,
1992-02-27,129.41,138.6,3.0288196781497,3.96,,
1992-02-28,129.15,138.6,3.0288196781497,4.13,,
1992-03-02,129.63,139.1,3.0288196781497,4.32,,
1992-03-03,130.84,139.1,3.0288196781497,4.02,,
1992-03-04,132.11,139.1,3.0288196781497,3.86,,
1992-03-05,131.85,139.1,3.0288196781497,4.08,,
1992-03-06,131.76,139.1,3.0288196781497,3.95,,
1992-03-09,131.92,139.1,3.0288196781497,4.0,,
1992-03-10,132.88,139.1,3.0288196781497,3.87,,
1992-03-11,133.45,139.1,3.0288196781497,3.83,,
1992-03-12,134.25,139.1,3.0288196781497,3.94,,
1992-03-13,133.6,139.1,3.0288196781497,3.85,,
1992-03-16,133.98,139.1,3.0288196781497,4.28,,
1992-03-17,133.45,139.1,3.0288196781497,4.14,,
1992-03-18,132.05,139.1,3.0288196781497,4.4,,
1992-03-19,133.27,139.1,3.0288196781497,4.09,,
1992-03-20,134.15,139.1,3.0288196781497,3.9,,
1992-03-23,133.7,139.1,3.0288196781497,3.98,,
1992-03-24,133.69,139.1,3.0288196781497,3.86,,
1992-03-25,133.35,139.1,3.0288196781497,3.95,,
1992-03-26,133.95,139.1,3.0288196781497,4.07,,
1992-03-27,133.12,139.1,3.0288196781497,3.85,,
1992-03-30,133.06,139.1,3.0288196781497,3.94,,
1992-03-31,132.92,139.1,3.0288196781497,4.07,,
1992-04-01,134.5,139.4,3.0288196781497,4.98,37607.0,61.57938
1992-04-02,133.83,139.4,3.0288196781497,4.15,37607.0,61.57938
1992-04-03,133.25,139.4,3.0288196781497,3.97,37607.0,61.57938
1992-04-06,132.72,139.4,3.0288196781497,3.99,37607.0,61.57938
1992-04-07,133.28,139.4,3.0288196781497,3.92,37607.0,61.57938
1992-04-08,132.6,139.4,3.0288196781497,3.87,37607.0,61.57938
1992-04-09,132.23,139.4,3.0288196781497,3.76,37607.0,61.57938
1992-04-10,132.9,139.4,3.0288196781497,3.44,37607.0,61.57938
1992-04-13,133.28,139.4,3.0288196781497,3.74,37607.0,61.57938
1992-04-14,132.79,139.4,3.0288196781497,3.68,37607.0,61.57938
1992-04-15,133.39,139.4,3.0288196781497,4.02,37607.0,61.57938
1992-04-16,133.9,139.4,3.0288196781497,3.78,37607.0,61.57938
1992-04-17,134.0,139.4,3.0288196781497,3.08,37607.0,61.57938
1992-04-20,134.5,139.4,3.0288196781497,3.75,37607.0,61.57938
1992-04-21,134.23,139.4,3.0288196781497,3.83,37607.0,61.57938
1992-04-22,134.15,139.4,3.0288196781497,3.72,37607.0,61.57938
1992-04-23,134.53,139.4,3.0288196781497,3.68,37607.0,61.57938
1992-04-24,134.53,139.4,3.0288196781497,3.63,37607.0,61.57938
1992-04-27,133.13,139.4,3.0288196781497,3.84,37607.0,61.57938
1992-04-28,133.33,139.4,3.0288196781497,3.5,37607.0,61.57938
1992-04-29,133.5,139.4,3.0288196781497,3.62,37607.0,61.57938
1992-04-30,133.3,139.4,3.0288196781497,3.85,37607.0,61.57938
1992-05-01,132.75,139.7,3.0288196781497,3.75,,
1992-05-04,132.7,139.7,3.0288196781497,3.8,,
1992-05-05,133.07,139.7,3.0288196781497,3.77,,
1992-05-06,132.5,139.7,3.0288196781497,3.71,,
1992-05-07,132.7,139.7,3.0288196781497,3.74,,
1992-05-08,133.4,139.7,3.0288196781497,3.71,,
1992-05-11,133.17,139.7,3.0288196781497,3.88,,
1992-05-12,130.5,139.7,3.0288196781497,3.75,,
1992-05-13,130.4,139.7,3.0288196781497,4.37,,
1992-05-14,130.2,139.7,3.0288196781497,3.93,,
1992-05-15,130.25,139.7,3.0288196781497,3.96,,
1992-05-18,128.8,139.7,3.0288196781497,3.88,,
1992-05-19,129.1,139.7,3.0288196781497,3.8,,
1992-05-20,129.58,139.7,3.0288196781497,3.75,,
1992-05-21,130.25,139.7,3.0288196781497,3.85,,
1992-05-22,129.4,139.7,3.0288196781497,3.74,,
1992-05-25,,139.7,3.0288196781497,3.74,,
1992-05-26,129.33,139.7,3.0288196781497,4.02,,
1992-05-27,129.95,139.7,3.0288196781497,3.78,,
1992-05-28,129.62,139.7,3.0288196781497,3.87,,
1992-05-29,127.75,139.7,3.0288196781497,3.8,,
1992-06-01,127.45,140.1,3.0288196781497,3.96,,
1992-06-02,127.53,140.1,3.0288196781497,3.89,,
1992-06-03,127.8,140.1,3.0288196781497,3.82,,
1992-06-04,127.57,140.1,3.0288196781497,3.78,,
1992-06-05,126.8,140.1,3.0288196781497,3.61,,
1992-06-08,127.2,140.1,3.0288196781497,3.72,,
1992-06-09,127.55,140.1,3.0288196781497,3.57,,
1992-06-10,127.65,140.1,3.0288196781497,3.96,,
1992-06-11,126.75,140.1,3.0288196781497,3.8,,
1992-06-12,126.65,140.1,3.0288196781497,3.65,,
1992-06-15,126.8,140.1,3.0288196781497,3.88,,
1992-06-16,126.7,140.1,3.0288196781497,3.74,,
1992-06-17,127.05,140.1,3.0288196781497,3.72,,
1992-06-18,126.65,140.1,3.0288196781497,3.71,,
1992-06-19,126.93,140.1,3.0288196781497,3.66,,
1992-06-22,127.1,140.1,3.0288196781497,3.85,,
1992-06-23,127.23,140.1,3.0288196781497,3.7,,
1992-06-24,126.68,140.1,3.0288196781497,3.81,,
1992-06-25,125.45,140.1,3.0288196781497,3.87,,
1992-06-26,125.72,140.1,3.0288196781497,3.67,,
1992-06-29,125.25,140.1,3.0288196781497,3.8,,
1992-06-30,125.87,140.1,3.0288196781497,4.53,,
1992-07-01,124.92,140.5,3.0288196781497,3.89,37839.0,61.89802
1992-07-02,124.6,140.5,3.0288196781497,3.46,37839.0,61.89802
1992-07-03,124.8,140.5,3.0288196781497,2.84,37839.0,61.89802
1992-07-06,124.55,140.5,3.0288196781497,3.15,37839.0,61.89802
1992-07-07,124.42,140.5,3.0288196781497,3.35,37839.0,61.89802
1992-07-08,124.85,140.5,3.0288196781497,4.19,37839.0,61.89802
1992-07-09,125.8,140.5,3.0288196781497,3.46,37839.0,61.89802
1992-07-10,125.4,140.5,3.0288196781497,3.2,37839.0,61.89802
1992-07-13,124.95,140.5,3.0288196781497,3.28,37839.0,61.89802
1992-07-14,126.0,140.5,3.0288196781497,3.25,37839.0,61.89802
1992-07-15,125.0,140.5,3.0288196781497,3.38,37839.0,61.89802
1992-07-16,125.45,140.5,3.0288196781497,3.32,37839.0,61.89802
1992-07-17,124.55,140.5,3.0288196781497,3.12,37839.0,61.89802
1992-07-20,125.25,140.5,3.0288196781497,3.32,37839.0,61.89802
1992-07-21,125.3,140.5,3.0288196781497,3.15,37839.0,61.89802
1992-07-22,126.9,140.5,3.0288196781497,3.4,37839.0,61.89802
1992-07-23,126.63,140.5,3.0288196781497,3.29,37839.0,61.89802
1992-07-24,127.67,140.5,3.0288196781497,3.08,37839.0,61.89802
1992-07-27,127.73,140.5,3.0288196781497,3.29,37839.0,61.89802
1992-07-28,127.58,140.5,3.0288196781497,3.27,37839.0,61.89802
1992-07-29,127.93,140.5,3.0288196781497,3.15,37839.0,61.89802
1992-07-30,127.65,140.5,3.0288196781497,3.17,37839.0,61.89802
1992-07-31,127.35,140.5,3.0288196781497,3.37,37839.0,61.89802
1992-08-03,127.28,140.8,3.0288196781497,3.37,,
1992-08-04,127.25,140.8,3.0288196781497,3.28,,
1992-08-05,127.4,140.8,3.0288196781497,3.35,,
1992-08-06,127.75,140.8,3.0288196781497,3.34,,
1992-08-07,127.5,140.8,3.0288196781497,3.2,,
1992-08-10,128.05,140.8,3.0288196781497,3.32,,
1992-08-11,128.05,140.8,3.0288196781497,3.23,,
1992-08-12,127.72,140.8,3.0288196781497,3.22,,
1992-08-13,127.27,140.8,3.0288196781497,3.3,,
1992-08-14,126.25,140.8,3.0288196781497,3.22,,
1992-08-17,125.75,140.8,3.0288196781497,3.54,,
1992-08-18,126.25,140.8,3.0288196781497,3.26,,
1992-08-19,126.3,140.8,3.0288196781497,3.56,,
1992-08-20,126.32,140.8,3.0288196781497,3.37,,
1992-08-21,126.07,140.8,3.0288196781497,3.2,,
1992-08-24,124.68,140.8,3.0288196781497,3.35,,
1992-08-25,124.9,140.8,3.0288196781497,3.29,,
1992-08-26,124.95,140.8,3.0288196781497,3.31,,
1992-08-27,124.9,140.8,3.0288196781497,3.36,,
1992-08-28,123.26,140.8,3.0288196781497,3.28,,
1992-08-31,122.95,140.8,3.0288196781497,3.51,,
1992-09-01,122.95,141.1,3.0288196781497,3.39,,
1992-09-02,123.0,141.1,3.0288196781497,3.21,,
1992-09-03,124.0,141.1,3.0288196781497,3.33,,
1992-09-04,123.22,141.1,3.0288196781497,3.02,,
1992-09-07,,141.1,3.0288196781497,3.02,,
1992-09-08,122.68,141.1,3.0288196781497,3.13,,
1992-09-09,123.23,141.1,3.0288196781497,3.08,,
1992-09-10,122.98,141.1,3.0288196781497,3.06,,
1992-09-11,124.23,141.1,3.0288196781497,3.01,,
1992-09-14,124.25,141.1,3.0288196781497,3.22,,
1992-09-15,124.38,141.1,3.0288196781497,3.2,,
1992-09-16,124.95,141.1,3.0288196781497,4.48,,
1992-09-17,124.43,141.1,3.0288196781497,3.22,,
1992-09-18,124.63,141.1,3.0288196781497,3.02,,
1992-09-21,123.72,141.1,3.0288196781497,3.1,,
1992-09-22,121.2,141.1,3.0288196781497,3.04,,
1992-09-23,120.15,141.1,3.0288196781497,3.06,,
1992-09-24,120.7,141.1,3.0288196781497,3.15,,
1992-09-25,120.5,141.1,3.0288196781497,3.19,,
1992-09-28,119.58,141.1,3.0288196781497,3.45,,
1992-09-29,119.75,141.1,3.0288196781497,3.26,,
1992-09-30,120.0,141.1,3.0288196781497,4.47,,
1992-10-01,120.0,141.7,3.0288196781497,3.58,38102.0,62.52256
1992-10-02,119.35,141.7,3.0288196781497,3.15,38102.0,62.52256
1992-10-05,119.65,141.7,3.0288196781497,3.22,38102.0,62.52256
1992-10-06,119.92,141.7,3.0288196781497,3.1,38102.0,62.52256
1992-10-07,120.02,141.7,3.0288196781497,3.06,38102.0,62.52256
1992-10-08,120.97,141.7,3.0288196781497,3.04,38102.0,62.52256
1992-10-09,122.0,141.7,3.0288196781497,2.97,38102.0,62.52256
1992-10-12,,141.7,3.0288196781497,2.97,38102.0,62.52256
1992-10-13,121.5,141.7,3.0288196781497,3.53,38102.0,62.52256
1992-10-14,121.02,141.7,3.0288196781497,3.96,38102.0,62.52256
1992-10-15,120.4,141.7,3.0288196781497,3.4,38102.0,62.52256
1992-10-16,119.85,141.7,3.0288196781497,2.99,38102.0,62.52256
1992-10-19,119.85,141.7,3.0288196781497,3.05,38102.0,62.52256
1992-10-20,121.95,141.7,3.0288196781497,2.97,38102.0,62.52256
1992-10-21,121.8,141.7,3.0288196781497,2.95,38102.0,62.52256
1992-10-22,120.75,141.7,3.0288196781497,2.96,38102.0,62.52256
1992-10-23,121.77,141.7,3.0288196781497,2.9,38102.0,62.52256
1992-10-26,122.03,141.7,3.0288196781497,3.12,38102.0,62.52256
1992-10-27,122.48,141.7,3.0288196781497,2.91,38102.0,62.52256
1992-10-28,122.5,141.7,3.0288196781497,3.06,38102.0,62.52256
1992-10-29,123.36,141.7,3.0288196781497,3.08,38102.0,62.52256
1992-10-30,123.3,141.7,3.0288196781497,3.04,38102.0,62.52256
1992-11-02,123.95,142.1,3.0288196781497,3.21,,
1992-11-03,122.25,142.1,3.0288196781497,3.09,,
1992-11-04,122.8,142.1,3.0288196781497,2.98,,
1992-11-05,122.67,142.1,3.0288196781497,2.92,,
1992-11-06,123.2,142.1,3.0288196781497,2.86,,
1992-11-09,123.9,142.1,3.0288196781497,2.98,,
1992-11-10,124.4,142.1,3.0288196781497,2.93,,
1992-11-11,,142.1,3.0288196781497,2.93,,
1992-11-12,124.12,142.1,3.0288196781497,3.04,,
1992-11-13,123.85,142.1,3.0288196781497,2.85,,
1992-11-16,124.85,142.1,3.0288196781497,3.28,,
1992-11-17,124.55,142.1,3.0288196781497,3.06,,
1992-11-18,124.38,142.1,3.0288196781497,2.89,,
1992-11-19,123.55,142.1,3.0288196781497,2.94,,
1992-11-20,124.22,142.1,3.0288196781497,2.9,,
1992-11-23,124.18,142.1,3.0288196781497,2.89,,
1992-11-24,124.1,142.1,3.0288196781497,2.58,,
1992-11-25,123.93,142.1,3.0288196781497,4.6,,
1992-11-26,,142.1,3.0288196781497,4.6,,
1992-11-27,124.4,142.1,3.0288196781497,3.13,,
1992-11-30,124.42,142.1,3.0288196781497,3.45,,
1992-12-01,124.4,142.3,3.0288196781497,3.17,,
1992-12-02,124.41,142.3,3.0288196781497,2.99,,
1992-12-03,124.67,142.3,3.0288196781497,3.0,,
1992-12-04,124.9,142.3,3.0288196781497,2.86,,
1992-12-07,124.44,142.3,3.0288196781497,2.92,,
1992-12-08,124.0,142.3,3.0288196781497,2.77,,
1992-12-09,124.1,142.3,3.0288196781497,3.3,,
1992-12-10,123.73,142.3,3.0288196781497,3.08,,
1992-12-11,123.89,142.3,3.0288196781497,2.76,,
1992-12-14,123.85,142.3,3.0288196781497,2.99,,
1992-12-15,124.1,142.3,3.0288196781497,3.17,,
1992-12-16,122.9,142.3,3.0288196781497,3.02,,
1992-12-17,123.1,142.3,3.0288196781497,2.97,,
1992-12-18,123.28,142.3,3.0288196781497,2.73,,
1992-12-21,122.97,142.3,3.0288196781497,3.06,,
1992-12-22,123.52,142.3,3.0288196781497,2.97,,
1992-12-23,123.85,142.3,3.0288196781497,3.38,,
1992-12-24,123.9,142.3,3.0288196781497,2.85,,
1992-12-25,,142.3,3.0288196781497,2.85,,
1992-12-28,124.75,142.3,3.0288196781497,3.27,,
1992-12-29,124.7,142.3,3.0288196781497,2.74,,
1992-12-30,124.59,142.3,3.0288196781497,2.6,,
1992-12-31,124.85,142.3,3.0288196781497,2.66,,
1993-01-01,,142.8,2.95165696638554,2.66,38053.0,62.86657
1993-01-04,125.4,142.8,2.95165696638554,3.6,38053.0,62.86657
1993-01-05,125.11,142.8,2.95165696638554,3.33,38053.0,62.86657
1993-01-06,125.1,142.8,2.95165696638554,3.62,38053.0,62.86657
1993-01-07,125.25,142.8,2.95165696638554,3.25,38053.0,62.86657
1993-01-08,125.27,142.8,2.95165696638554,2.93,38053.0,62.86657
1993-01-11,125.05,142.8,2.95165696638554,3.06,38053.0,62.86657
1993-01-12,125.3,142.8,2.95165696638554,2.91,38053.0,62.86657
1993-01-13,126.03,142.8,2.95165696638554,2.87,38053.0,62.86657
1993-01-14,125.75,142.8,2.95165696638554,2.97,38053.0,62.86657
1993-01-15,126.1,142.8,2.95165696638554,2.96,38053.0,62.86657
1993-01-18,,142.8,2.95165696638554,2.96,38053.0,62.86657
1993-01-19,125.55,142.8,2.95165696638554,3.35,38053.0,62.86657
1993-01-20,124.9,142.8,2.95165696638554,3.56,38053.0,62.86657
1993-01-21,125.0,142.8,2.95165696638554,3.05,38053.0,62.86657
1993-01-22,124.85,142.8,2.95165696638554,2.86,38053.0,62.86657
1993-01-25,123.28,142.8,2.95165696638554,3.06,38053.0,62.86657
1993-01-26,123.63,142.8,2.95165696638554,2.96,38053.0,62.86657
1993-01-27,124.1,142.8,2.95165696638554,2.94,38053.0,62.86657
1993-01-28,124.23,142.8,2.95165696638554,2.97,38053.0,62.86657
1993-01-29,124.97,142.8,2.95165696638554,3.02,38053.0,62.86657
1993-02-01,124.95,143.1,2.95165696638554,3.25,,
1993-02-02,124.86,143.1,2.95165696638554,3.18,,
1993-02-03,124.33,143.1,2.95165696638554,3.56,,
1993-02-04,124.58,143.1,2.95165696638554,3.08,,
1993-02-05,124.43,143.1,2.95165696638554,2.87,,
1993-02-08,124.02,143.1,2.95165696638554,2.94,,
1993-02-09,121.38,143.1,2.95165696638554,2.9,,
1993-02-10,120.97,143.1,2.95165696638554,2.88,,
1993-02-11,120.5,143.1,2.95165696638554,2.97,,
1993-02-12,120.9,143.1,2.95165696638554,2.95,,
1993-02-15,,143.1,2.95165696638554,2.95,,
1993-02-16,119.8,143.1,2.95165696638554,3.59,,
1993-02-17,119.4,143.1,2.95165696638554,3.09,,
1993-02-18,119.6,143.1,2.95165696638554,2.98,,
1993-02-19,119.11,143.1,2.95165696638554,2.86,,
1993-02-22,116.45,143.1,2.95165696638554,2.96,,
1993-02-23,116.65,143.1,2.95165696638554,2.91,,
1993-02-24,116.9,143.1,2.95165696638554,2.91,,
1993-02-25,117.5,143.1,2.95165696638554,3.03,,
1993-02-26,118.1,143.1,2.95165696638554,3.18,,
1993-03-01,118.75,143.3,2.95165696638554,3.65,,
1993-03-02,117.77,143.3,2.95165696638554,3.19,,
1993-03-03,117.25,143.3,2.95165696638554,3.29,,
1993-03-04,116.8,143.3,2.95165696638554,3.1,,
1993-03-05,117.65,143.3,2.95165696638554,3.02,,
1993-03-08,116.62,143.3,2.95165696638554,3.06,,
1993-03-09,117.4,143.3,2.95165696638554,2.98,,
1993-03-10,118.12,143.3,2.95165696638554,2.96,,
1993-03-11,117.57,143.3,2.95165696638554,3.0,,
1993-03-12,117.8,143.3,2.95165696638554,2.93,,
1993-03-15,118.45,143.3,2.95165696638554,3.16,,
1993-03-16,116.9,143.3,2.95165696638554,2.72,,
1993-03-17,117.25,143.3,2.95165696638554,3.58,,
1993-03-18,116.88,143.3,2.95165696638554,3.03,,
1993-03-19,115.95,143.3,2.95165696638554,2.88,,
1993-03-22,115.67,143.3,2.95165696638554,2.99,,
1993-03-23,115.7,143.3,2.95165696638554,2.93,,
1993-03-24,116.88,143.3,2.95165696638554,2.92,,
1993-03-25,117.3,143.3,2.95165696638554,3.05,,
1993-03-26,116.4,143.3,2.95165696638554,3.04,,
1993-03-29,116.77,143.3,2.95165696638554,3.34,,
1993-03-30,116.62,143.3,2.95165696638554,2.91,,
1993-03-31,114.9,143.3,2.95165696638554,3.83,,
1993-04-01,114.1,143.8,2.95165696638554,3.31,38158.0,63.91524
1993-04-02,114.2,143.8,2.95165696638554,3.13,38158.0,63.91524
1993-04-05,113.6,143.8,2.95165696638554,3.15,38158.0,63.91524
1993-04-06,114.0,143.8,2.95165696638554,2.97,38158.0,63.91524
1993-04-07,113.7,143.8,2.95165696638554,2.93,38158.0,63.91524
1993-04-08,113.45,143.8,2.95165696638554,2.94,38158.0,63.91524
1993-04-09,113.2,143.8,2.95165696638554,2.82,38158.0,63.91524
1993-04-12,112.75,143.8,2.95165696638554,3.11,38158.0,63.91524
1993-04-13,113.4,143.8,2.95165696638554,2.98,38158.0,63.91524
1993-04-14,113.9,143.8,2.95165696638554,3.03,38158.0,63.91524
1993-04-15,113.4,143.8,2.95165696638554,3.15,38158.0,63.91524
1993-04-16,112.63,143.8,2.95165696638554,2.84,38158.0,63.91524
1993-04-19,111.03,143.8,2.95165696638554,2.94,38158.0,63.91524
1993-04-20,110.8,143.8,2.95165696638554,2.84,38158.0,63.91524
1993-04-21,111.1,143.8,2.95165696638554,2.95,38158.0,63.91524
1993-04-22,110.05,143.8,2.95165696638554,2.97,38158.0,63.91524
1993-04-23,110.62,143.8,2.95165696638554,2.85,38158.0,63.91524
1993-04-26,110.45,143.8,2.95165696638554,2.99,38158.0,63.91524
1993-04-27,111.25,143.8,2.95165696638554,2.72,38158.0,63.91524
1993-04-28,112.4,143.8,2.95165696638554,2.88,38158.0,63.91524
1993-04-29,111.75,143.8,2.95165696638554,2.94,38158.0,63.91524
1993-04-30,111.27,143.8,2.95165696638554,3.01,38158.0,63.91524
1993-05-03,110.9,144.2,2.95165696638554,3.03,,
1993-05-04,110.3,144.2,2.95165696638554,2.94,,
1993-05-05,110.25,144.2,2.95165696638554,2.9,,
1993-05-06,110.3,144.2,2.95165696638554,2.88,,
1993-05-07,110.35,144.2,2.95165696638554,2.83,,
1993-05-10,111.75,144.2,2.95165696638554,2.99,,
1993-05-11,111.05,144.2,2.95165696638554,2.98,,
1993-05-12,111.5,144.2,2.95165696638554,2.95,,
1993-05-13,111.7,144.2,2.95165696638554,2.97,,
1993-05-14,110.85,144.2,2.95165696638554,2.94,,
1993-05-17,111.4,144.2,2.95165696638554,3.34,,
1993-05-18,111.59,144.2,2.95165696638554,2.97,,
1993-05-19,110.52,144.2,2.95165696638554,2.94,,
1993-05-20,110.5,144.2,2.95165696638554,2.97,,
1993-05-21,110.43,144.2,2.95165696638554,2.96,,
1993-05-24,110.35,144.2,2.95165696638554,3.15,,
1993-05-25,109.5,144.2,2.95165696638554,3.21,,
1993-05-26,108.65,144.2,2.95165696638554,3.26,,
1993-05-27,107.8,144.2,2.95165696638554,3.11,,
1993-05-28,107.17,144.2,2.95165696638554,3.02,,
1993-05-31,,144.2,2.95165696638554,3.02,,
1993-06-01,107.23,144.3,2.95165696638554,3.33,,
1993-06-02,107.68,144.3,2.95165696638554,3.12,,
1993-06-03,107.4,144.3,2.95165696638554,3.03,,
1993-06-04,107.75,144.3,2.95165696638554,2.98,,
1993-06-07,107.36,144.3,2.95165696638554,3.14,,
1993-06-08,106.3,144.3,2.95165696638554,2.72,,
1993-06-09,106.55,144.3,2.95165696638554,2.92,,
1993-06-10,106.16,144.3,2.95165696638554,3.01,,
1993-06-11,106.1,144.3,2.95165696638554,2.93,,
1993-06-14,105.15,144.3,2.95165696638554,3.06,,
1993-06-15,105.6,144.3,2.95165696638554,3.14,,
1993-06-16,106.6,144.3,2.95165696638554,3.04,,
1993-06-17,106.75,144.3,2.95165696638554,3.02,,
1993-06-18,109.5,144.3,2.95165696638554,2.91,,
1993-06-21,111.05,144.3,2.95165696638554,3.03,,
1993-06-22,111.35,144.3,2.95165696638554,2.98,,
1993-06-23,109.15,144.3,2.95165696638554,3.24,,
1993-06-24,109.25,144.3,2.95165696638554,3.02,,
1993-06-25,106.15,144.3,2.95165696638554,2.96,,
1993-06-28,106.05,144.3,2.95165696638554,3.08,,
1993-06-29,107.13,144.3,2.95165696638554,3.0,,
1993-06-30,106.8,144.3,2.95165696638554,3.92,,
1993-07-01,107.85,144.5,2.95165696638554,3.27,38210.0,64.10093
1993-07-02,108.7,144.5,2.95165696638554,2.96,38210.0,64.10093
1993-07-05,,144.5,2.95165696638554,2.96,38210.0,64.10093
1993-07-06,108.28,144.5,2.95165696638554,3.19,38210.0,64.10093
1993-07-07,107.7,144.5,2.95165696638554,3.39,38210.0,64.10093
1993-07-08,108.75,144.5,2.95165696638554,3.09,38210.0,64.10093
1993-07-09,109.67,144.5,2.95165696638554,2.96,38210.0,64.10093
1993-07-12,109.65,144.5,2.95165696638554,3.12,38210.0,64.10093
1993-07-13,108.34,144.5,2.95165696638554,2.99,38210.0,64.10093
1993-07-14,107.5,144.5,2.95165696638554,2.97,38210.0,64.10093
1993-07-15,108.25,144.5,2.95165696638554,3.13,38210.0,64.10093
1993-07-16,107.8,144.5,2.95165696638554,2.97,38210.0,64.10093
1993-07-19,108.5,144.5,2.95165696638554,3.13,38210.0,64.10093
1993-07-20,108.4,144.5,2.95165696638554,3.08,38210.0,64.10093
1993-07-21,108.5,144.5,2.95165696638554,3.36,38210.0,64.10093
1993-07-22,106.9,144.5,2.95165696638554,3.12,38210.0,64.10093
1993-07-23,106.8,144.5,2.95165696638554,2.99,38210.0,64.10093
1993-07-26,106.9,144.5,2.95165696638554,3.11,38210.0,64.10093
1993-07-27,106.35,144.5,2.95165696638554,3.01,38210.0,64.10093
1993-07-28,105.33,144.5,2.95165696638554,2.98,38210.0,64.10093
1993-07-29,106.3,144.5,2.95165696638554,3.04,38210.0,64.10093
1993-07-30,105.05,144.5,2.95165696638554,3.07,38210.0,64.10093
1993-08-02,104.35,144.8,2.95165696638554,3.26,,
1993-08-03,104.43,144.8,2.95165696638554,3.06,,
1993-08-04,104.8,144.8,2.95165696638554,3.14,,
1993-08-05,104.25,144.8,2.95165696638554,3.05,,
1993-08-06,104.45,144.8,2.95165696638554,2.96,,
1993-08-09,104.93,144.8,2.95165696638554,3.04,,
1993-08-10,104.67,144.8,2.95165696638554,2.96,,
1993-08-11,103.68,144.8,2.95165696638554,2.92,,
1993-08-12,103.17,144.8,2.95165696638554,2.97,,
1993-08-13,102.18,144.8,2.95165696638554,3.0,,
1993-08-16,101.1,144.8,2.95165696638554,3.34,,
1993-08-17,101.55,144.8,2.95165696638554,3.1,,
1993-08-18,101.6,144.8,2.95165696638554,3.02,,
1993-08-19,103.95,144.8,2.95165696638554,3.02,,
1993-08-20,104.85,144.8,2.95165696638554,2.95,,
1993-08-23,103.12,144.8,2.95165696638554,3.01,,
1993-08-24,103.73,144.8,2.95165696638554,2.95,,
1993-08-25,104.95,144.8,2.95165696638554,3.03,,
1993-08-26,104.4,144.8,2.95165696638554,3.06,,
1993-08-27,104.0,144.8,2.95165696638554,2.99,,
1993-08-30,103.94,144.8,2.95165696638554,3.11,,
1993-08-31,104.73,144.8,2.95165696638554,3.19,,
1993-09-01,105.7,145.0,2.95165696638554,3.25,,
1993-09-02,106.0,145.0,2.95165696638554,3.03,,
1993-09-03,105.05,145.0,2.95165696638554,2.94,,
1993-09-06,,145.0,2.95165696638554,2.94,,
1993-09-07,104.05,145.0,2.95165696638554,3.11,,
1993-09-08,105.64,145.0,2.95165696638554,3.02,,
1993-09-09,105.2,145.0,2.95165696638554,2.99,,
1993-09-10,106.2,145.0,2.95165696638554,2.94,,
1993-09-13,106.3,145.0,2.95165696638554,3.05,,
1993-09-14,105.85,145.0,2.95165696638554,3.0,,
1993-09-15,106.3,145.0,2.95165696638554,3.38,,
1993-09-16,104.45,145.0,2.95165696638554,3.1,,
1993-09-17,104.5,145.0,2.95165696638554,2.99,,
1993-09-20,104.31,145.0,2.95165696638554,3.38,,
1993-09-21,106.5,145.0,2.95165696638554,3.23,,
1993-09-22,106.5,145.0,2.95165696638554,3.14,,
1993-09-23,106.07,145.0,2.95165696638554,3.06,,
1993-09-24,106.05,145.0,2.95165696638554,2.99,,
1993-09-27,105.9,145.0,2.95165696638554,3.16,,
1993-09-28,105.25,145.0,2.95165696638554,3.08,,
1993-09-29,105.2,145.0,2.95165696638554,3.1,,
1993-09-30,106.05,145.0,2.95165696638554,3.99,,
1993-10-01,106.05,145.6,2.95165696638554,3.19,38606.0,64.66861
1993-10-04,105.8,145.6,2.95165696638554,3.11,38606.0,64.66861
1993-10-05,105.57,145.6,2.95165696638554,3.04,38606.0,64.66861
1993-10-06,105.6,145.6,2.95165696638554,2.98,38606.0,64.66861
1993-10-07,105.15,145.6,2.95165696638554,2.95,38606.0,64.66861
1993-10-08,105.57,145.6,2.95165696638554,2.87,38606.0,64.66861
1993-10-11,,145.6,2.95165696638554,2.87,38606.0,64.66861
1993-10-12,105.95,145.6,2.95165696638554,3.07,38606.0,64.66861
1993-10-13,106.02,145.6,2.95165696638554,2.85,38606.0,64.66861
1993-10-14,107.43,145.6,2.95165696638554,2.99,38606.0,64.66861
1993-10-15,107.08,145.6,2.95165696638554,2.97,38606.0,64.66861
1993-10-18,107.47,145.6,2.95165696638554,3.03,38606.0,64.66861
1993-10-19,107.07,145.6,2.95165696638554,2.94,38606.0,64.66861
1993-10-20,107.31,145.6,2.95165696638554,2.91,38606.0,64.66861
1993-10-21,108.35,145.6,2.95165696638554,2.94,38606.0,64.66861
1993-10-22,108.16,145.6,2.95165696638554,2.95,38606.0,64.66861
1993-10-25,108.36,145.6,2.95165696638554,3.17,38606.0,64.66861
1993-10-26,108.14,145.6,2.95165696638554,3.03,38606.0,64.66861
1993-10-27,108.47,145.6,2.95165696638554,2.82,38606.0,64.66861
1993-10-28,108.5,145.6,2.95165696638554,3.04,38606.0,64.66861
1993-10-29,108.35,145.6,2.95165696638554,3.03,38606.0,64.66861
1993-11-01,108.28,146.0,2.95165696638554,3.15,,
1993-11-02,107.57,146.0,2.95165696638554,3.02,,
1993-11-03,107.3,146.0,2.95165696638554,2.98,,
1993-11-04,108.27,146.0,2.95165696638554,2.99,,
1993-11-05,108.2,146.0,2.95165696638554,2.95,,
1993-11-08,108.07,146.0,2.95165696638554,3.04,,
1993-11-09,108.26,146.0,2.95165696638554,2.95,,
1993-11-10,107.28,146.0,2.95165696638554,2.91,,
1993-11-11,,146.0,2.95165696638554,2.91,,
1993-11-12,106.3,146.0,2.95165696638554,3.03,,
1993-11-15,106.9,146.0,2.95165696638554,3.23,,
1993-11-16,106.73,146.0,2.95165696638554,3.02,,
1993-11-17,107.0,146.0,2.95165696638554,2.99,,
1993-11-18,107.1,146.0,2.95165696638554,2.99,,
1993-11-19,108.3,146.0,2.95165696638554,2.94,,
1993-11-22,108.27,146.0,2.95165696638554,3.05,,
1993-11-23,108.45,146.0,2.95165696638554,2.94,,
1993-11-24,108.15,146.0,2.95165696638554,3.03,,
1993-11-25,,146.0,2.95165696638554,3.03,,
1993-11-26,108.75,146.0,2.95165696638554,3.09,,
1993-11-29,109.27,146.0,2.95165696638554,3.12,,
1993-11-30,109.08,146.0,2.95165696638554,3.16,,
1993-12-01,108.7,146.3,2.95165696638554,3.07,,
1993-12-02,108.74,146.3,2.95165696638554,3.04,,
1993-12-03,108.46,146.3,2.95165696638554,2.96,,
1993-12-06,108.23,146.3,2.95165696638554,2.97,,
1993-12-07,107.6,146.3,2.95165696638554,2.67,,
1993-12-08,108.62,146.3,2.95165696638554,2.87,,
1993-12-09,108.75,146.3,2.95165696638554,2.94,,
1993-12-10,109.18,146.3,2.95165696638554,2.9,,
1993-12-13,108.98,146.3,2.95165696638554,2.96,,
1993-12-14,109.38,146.3,2.95165696638554,2.95,,
1993-12-15,109.66,146.3,2.95165696638554,3.06,,
1993-12-16,109.72,146.3,2.95165696638554,3.03,,
1993-12-17,110.1,146.3,2.95165696638554,2.94,,
1993-12-20,110.55,146.3,2.95165696638554,3.03,,
1993-12-21,111.08,146.3,2.95165696638554,2.97,,
1993-12-22,110.57,146.3,2.95165696638554,3.08,,
1993-12-23,110.55,146.3,2.95165696638554,3.05,,
1993-12-24,110.95,146.3,2.95165696638554,2.97,,
1993-12-27,111.53,146.3,2.95165696638554,3.11,,
1993-12-28,111.35,146.3,2.95165696638554,2.98,,
1993-12-29,111.6,146.3,2.95165696638554,2.85,,
1993-12-30,112.0,146.3,2.95165696638554,2.82,,
1993-12-31,111.7,146.3,2.95165696638554,2.85,,
1994-01-03,112.5,146.3,2.6074415921546,3.15,38876.0,64.30709
1994-01-04,112.75,146.3,2.6074415921546,3.03,38876.0,64.30709
1994-01-05,113.1,146.3,2.6074415921546,3.46,38876.0,64.30709
1994-01-06,112.75,146.3,2.6074415921546,3.08,38876.0,64.30709
1994-01-07,111.97,146.3,2.6074415921546,2.96,38876.0,64.30709
1994-01-10,112.38,146.3,2.6074415921546,3.02,38876.0,64.30709
1994-01-11,112.35,146.3,2.6074415921546,2.97,38876.0,64.30709
1994-01-12,112.4,146.3,2.6074415921546,2.93,38876.0,64.30709
1994-01-13,111.92,146.3,2.6074415921546,2.94,38876.0,64.30709
1994-01-14,111.24,146.3,2.6074415921546,2.95,38876.0,64.30709
1994-01-17,,146.3,2.6074415921546,2.95,38876.0,64.30709
1994-01-18,110.75,146.3,2.6074415921546,3.97,38876.0,64.30709
1994-01-19,110.85,146.3,2.6074415921546,3.2,38876.0,64.30709
1994-01-20,111.6,146.3,2.6074415921546,2.97,38876.0,64.30709
1994-01-21,111.25,146.3,2.6074415921546,2.91,38876.0,64.30709
1994-01-24,111.8,146.3,2.6074415921546,3.04,38876.0,64.30709
1994-01-25,111.15,146.3,2.6074415921546,3.04,38876.0,64.30709
1994-01-26,110.28,146.3,2.6074415921546,3.04,38876.0,64.30709
1994-01-27,109.62,146.3,2.6074415921546,3.0,38876.0,64.30709
1994-01-28,109.45,146.3,2.6074415921546,2.98,38876.0,64.30709
1994-01-31,108.72,146.3,2.6074415921546,3.68,38876.0,64.30709
1994-02-01,108.05,146.7,2.6074415921546,3.25,,
1994-02-02,108.03,146.7,2.6074415921546,3.31,,
1994-02-03,108.18,146.7,2.6074415921546,3.12,,
1994-02-04,108.98,146.7,2.6074415921546,3.19,,
1994-02-07,108.56,146.7,2.6074415921546,3.31,,
1994-02-08,108.66,146.7,2.6074415921546,3.24,,
1994-02-09,107.89,146.7,2.6074415921546,3.15,,
1994-02-10,108.45,146.7,2.6074415921546,3.16,,
1994-02-11,107.67,146.7,2.6074415921546,3.14,,
1994-02-14,104.08,146.7,2.6074415921546,3.35,,
1994-02-15,103.95,146.7,2.6074415921546,3.49,,
1994-02-16,103.8,146.7,2.6074415921546,3.34,,
1994-02-17,104.2,146.7,2.6074415921546,3.3,,
1994-02-18,104.15,146.7,2.6074415921546,3.21,,
1994-02-21,,146.7,2.6074415921546,3.21,,
1994-02-22,105.27,146.7,2.6074415921546,3.33,,
1994-02-23,105.8,146.7,2.6074415921546,3.25,,
1994-02-24,105.15,146.7,2.6074415921546,3.25,,
1994-02-25,104.63,146.7,2.6074415921546,3.23,,
1994-02-28,104.22,146.7,2.6074415921546,3.49,,
1994-03-01,104.8,147.1,2.6074415921546,3.31,,
1994-03-02,103.7,147.1,2.6074415921546,3.24,,
1994-03-03,103.73,147.1,2.6074415921546,3.26,,
1994-03-04,105.6,147.1,2.6074415921546,3.25,,
1994-03-07,105.73,147.1,2.6074415921546,3.29,,
1994-03-08,105.3,147.1,2.6074415921546,3.24,,
1994-03-09,105.88,147.1,2.6074415921546,3.22,,
1994-03-10,105.7,147.1,2.6074415921546,3.22,,
1994-03-11,105.05,147.1,2.6074415921546,3.17,,
1994-03-14,106.0,147.1,2.6074415921546,3.3,,
1994-03-15,105.97,147.1,2.6074415921546,3.25,,
1994-03-16,105.85,147.1,2.6074415921546,3.05,,
1994-03-17,105.82,147.1,2.6074415921546,3.24,,
1994-03-18,106.05,147.1,2.6074415921546,3.22,,
1994-03-21,106.25,147.1,2.6074415921546,3.36,,
1994-03-22,106.0,147.1,2.6074415921546,3.44,,
1994-03-23,106.4,147.1,2.6074415921546,3.47,,
1994-03-24,105.52,147.1,2.6074415921546,3.49,,
1994-03-25,104.85,147.1,2.6074415921546,3.53,,
1994-03-28,104.12,147.1,2.6074415921546,3.53,,
1994-03-29,103.45,147.1,2.6074415921546,3.45,,
1994-03-30,103.07,147.1,2.6074415921546,3.36,,
1994-03-31,102.4,147.1,2.6074415921546,4.18,,
1994-04-01,103.75,147.2,2.6074415921546,3.64,39288.0,64.10716
1994-04-04,103.3,147.2,2.6074415921546,3.62,39288.0,64.10716
1994-04-05,103.85,147.2,2.6074415921546,3.6,39288.0,64.10716
1994-04-06,104.45,147.2,2.6074415921546,3.48,39288.0,64.10716
1994-04-07,104.85,147.2,2.6074415921546,3.46,39288.0,64.10716
1994-04-08,105.02,147.2,2.6074415921546,3.36,39288.0,64.10716
1994-04-11,103.45,147.2,2.6074415921546,3.41,39288.0,64.10716
1994-04-12,103.62,147.2,2.6074415921546,3.24,39288.0,64.10716
1994-04-13,103.57,147.2,2.6074415921546,3.43,39288.0,64.10716
1994-04-14,104.15,147.2,2.6074415921546,3.49,39288.0,64.10716
1994-04-15,103.6,147.2,2.6074415921546,3.51,39288.0,64.10716
1994-04-18,103.4,147.2,2.6074415921546,3.7,39288.0,64.10716
1994-04-19,103.23,147.2,2.6074415921546,3.71,39288.0,64.10716
1994-04-20,103.3,147.2,2.6074415921546,3.71,39288.0,64.10716
1994-04-21,103.65,147.2,2.6074415921546,3.7,39288.0,64.10716
1994-04-22,103.6,147.2,2.6074415921546,3.7,39288.0,64.10716
1994-04-25,103.26,147.2,2.6074415921546,3.78,39288.0,64.10716
1994-04-26,102.95,147.2,2.6074415921546,3.42,39288.0,64.10716
1994-04-27,102.35,147.2,2.6074415921546,3.15,39288.0,64.10716
1994-04-28,101.77,147.2,2.6074415921546,3.66,39288.0,64.10716
1994-04-29,102.05,147.2,2.6074415921546,3.73,39288.0,64.10716
1994-05-02,101.79,147.5,2.6074415921546,3.86,,
1994-05-03,101.2,147.5,2.6074415921546,3.81,,
1994-05-04,102.0,147.5,2.6074415921546,3.78,,
1994-05-05,102.7,147.5,2.6074415921546,3.77,,
1994-05-06,102.72,147.5,2.6074415921546,3.78,,
1994-05-09,102.7,147.5,2.6074415921546,3.77,,
1994-05-10,104.0,147.5,2.6074415921546,3.58,,
1994-05-11,104.42,147.5,2.6074415921546,3.42,,
1994-05-12,104.23,147.5,2.6074415921546,3.78,,
1994-05-13,104.9,147.5,2.6074415921546,3.84,,
1994-05-16,104.8,147.5,2.6074415921546,4.29,,
1994-05-17,104.37,147.5,2.6074415921546,4.27,,
1994-05-18,103.55,147.5,2.6074415921546,4.26,,
1994-05-19,104.25,147.5,2.6074415921546,4.23,,
1994-05-20,103.97,147.5,2.6074415921546,4.21,,
1994-05-23,104.33,147.5,2.6074415921546,4.28,,
1994-05-24,104.9,147.5,2.6074415921546,4.19,,
1994-05-25,104.5,147.5,2.6074415921546,4.24,,
1994-05-26,104.45,147.5,2.6074415921546,4.23,,
1994-05-27,104.3,147.5,2.6074415921546,4.19,,
1994-05-30,,147.5,2.6074415921546,4.19,,
1994-05-31,104.74,147.5,2.6074415921546,4.6,,
1994-06-01,104.7,147.9,2.6074415921546,4.33,,
1994-06-02,104.98,147.9,2.6074415921546,4.25,,
1994-06-03,105.38,147.9,2.6074415921546,4.16,,
1994-06-06,105.25,147.9,2.6074415921546,4.17,,
1994-06-07,104.9,147.9,2.6074415921546,4.03,,
1994-06-08,104.05,147.9,2.6074415921546,4.0,,
1994-06-09,104.45,147.9,2.6074415921546,4.17,,
1994-06-10,103.7,147.9,2.6074415921546,4.18,,
1994-06-13,103.0,147.9,2.6074415921546,4.24,,
1994-06-14,102.5,147.9,2.6074415921546,4.23,,
1994-06-15,102.78,147.9,2.6074415921546,4.3,,
1994-06-16,103.28,147.9,2.6074415921546,4.26,,
1994-06-17,102.75,147.9,2.6074415921546,4.17,,
1994-06-20,101.9,147.9,2.6074415921546,4.24,,
1994-06-21,101.78,147.9,2.6074415921546,4.14,,
1994-06-22,101.17,147.9,2.6074415921546,4.18,,
1994-06-23,101.1,147.9,2.6074415921546,4.18,,
1994-06-24,100.5,147.9,2.6074415921546,4.17,,
1994-06-27,100.05,147.9,2.6074415921546,4.29,,
1994-06-28,100.03,147.9,2.6074415921546,4.21,,
1994-06-29,98.82,147.9,2.6074415921546,4.15,,
1994-06-30,98.51,147.9,2.6074415921546,5.96,,
1994-07-01,98.51,148.4,2.6074415921546,3.82,39390.0,64.01176
1994-07-04,,148.4,2.6074415921546,3.82,39390.0,64.01176
1994-07-05,98.87,148.4,2.6074415921546,4.37,39390.0,64.01176
1994-07-06,98.23,148.4,2.6074415921546,5.02,39390.0,64.01176
1994-07-07,98.86,148.4,2.6074415921546,4.36,39390.0,64.01176
1994-07-08,98.1,148.4,2.6074415921546,4.32,39390.0,64.01176
1994-07-11,97.37,148.4,2.6074415921546,4.31,39390.0,64.01176
1994-07-12,96.81,148.4,2.6074415921546,4.23,39390.0,64.01176
1994-07-13,97.9,148.4,2.6074415921546,4.22,39390.0,64.01176
1994-07-14,98.4,148.4,2.6074415921546,4.22,39390.0,64.01176
1994-07-15,98.1,148.4,2.6074415921546,4.22,39390.0,64.01176
1994-07-18,98.51,148.4,2.6074415921546,4.23,39390.0,64.01176
1994-07-19,99.2,148.4,2.6074415921546,4.19,39390.0,64.01176
1994-07-20,98.55,148.4,2.6074415921546,4.78,39390.0,64.01176
1994-07-21,98.55,148.4,2.6074415921546,4.3,39390.0,64.01176
1994-07-22,98.55,148.4,2.6074415921546,4.26,39390.0,64.01176
1994-07-25,98.95,148.4,2.6074415921546,4.32,39390.0,64.01176
1994-07-26,98.03,148.4,2.6074415921546,4.26,39390.0,64.01176
1994-07-27,98.18,148.4,2.6074415921546,4.28,39390.0,64.01176
1994-07-28,99.18,148.4,2.6074415921546,4.3,39390.0,64.01176
1994-07-29,100.05,148.4,2.6074415921546,4.29,39390.0,64.01176
1994-08-01,99.35,149.0,2.6074415921546,4.34,,
1994-08-02,100.37,149.0,2.6074415921546,4.21,,
1994-08-03,100.42,149.0,2.6074415921546,4.25,,
1994-08-04,100.2,149.0,2.6074415921546,4.28,,
1994-08-05,100.37,149.0,2.6074415921546,4.28,,
1994-08-08,101.33,149.0,2.6074415921546,4.3,,
1994-08-09,101.2,149.0,2.6074415921546,4.23,,
1994-08-10,101.2,149.0,2.6074415921546,4.19,,
1994-08-11,100.85,149.0,2.6074415921546,4.22,,
1994-08-12,100.27,149.0,2.6074415921546,4.22,,
1994-08-15,100.1,149.0,2.6074415921546,4.5,,
1994-08-16,100.31,149.0,2.6074415921546,4.35,,
1994-08-17,100.31,149.0,2.6074415921546,4.72,,
1994-08-18,98.85,149.0,2.6074415921546,4.7,,
1994-08-19,98.57,149.0,2.6074415921546,4.64,,
1994-08-22,98.01,149.0,2.6074415921546,4.69,,
1994-08-23,98.4,149.0,2.6074415921546,4.64,,
1994-08-24,98.62,149.0,2.6074415921546,4.64,,
1994-08-25,99.71,149.0,2.6074415921546,4.75,,
1994-08-26,100.4,149.0,2.6074415921546,4.71,,
1994-08-29,100.05,149.0,2.6074415921546,4.78,,
1994-08-30,99.63,149.0,2.6074415921546,4.67,,
1994-08-31,100.11,149.0,2.6074415921546,4.7,,
1994-09-01,99.63,149.3,2.6074415921546,4.76,,
1994-09-02,99.2,149.3,2.6074415921546,4.72,,
1994-09-05,,149.3,2.6074415921546,4.72,,
1994-09-06,98.77,149.3,2.6074415921546,4.81,,
1994-09-07,99.25,149.3,2.6074415921546,4.74,,
1994-09-08,99.48,149.3,2.6074415921546,4.72,,
1994-09-09,99.2,149.3,2.6074415921546,4.68,,
1994-09-12,99.0,149.3,2.6074415921546,4.73,,
1994-09-13,98.96,149.3,2.6074415921546,4.64,,
1994-09-14,99.05,149.3,2.6074415921546,4.78,,
1994-09-15,99.45,149.3,2.6074415921546,4.79,,
1994-09-16,98.72,149.3,2.6074415921546,4.68,,
1994-09-19,98.58,149.3,2.6074415921546,4.71,,
1994-09-20,97.79,149.3,2.6074415921546,4.7,,
1994-09-21,97.92,149.3,2.6074415921546,4.87,,
1994-09-22,98.05,149.3,2.6074415921546,4.78,,
1994-09-23,97.7,149.3,2.6074415921546,4.71,,
1994-09-26,98.65,149.3,2.6074415921546,4.78,,
1994-09-27,98.37,149.3,2.6074415921546,4.29,,
1994-09-28,98.77,149.3,2.6074415921546,4.61,,
1994-09-29,98.67,149.3,2.6074415921546,4.77,,
1994-09-30,99.05,149.3,2.6074415921546,5.44,,
1994-10-03,99.5,149.4,2.6074415921546,4.83,39720.0,64.38584
1994-10-04,99.65,149.4,2.6074415921546,4.78,39720.0,64.38584
1994-10-05,99.47,149.4,2.6074415921546,4.77,39720.0,64.38584
1994-10-06,99.65,149.4,2.6074415921546,4.77,39720.0,64.38584
1994-10-07,100.37,149.4,2.6074415921546,4.57,39720.0,64.38584
1994-10-10,,149.4,2.6074415921546,4.57,39720.0,64.38584
1994-10-11,100.5,149.4,2.6074415921546,4.71,39720.0,64.38584
1994-10-12,99.95,149.4,2.6074415921546,4.56,39720.0,64.38584
1994-10-13,99.75,149.4,2.6074415921546,4.71,39720.0,64.38584
1994-10-14,98.43,149.4,2.6074415921546,4.71,39720.0,64.38584
1994-10-17,97.68,149.4,2.6074415921546,4.78,39720.0,64.38584
1994-10-18,97.79,149.4,2.6074415921546,4.71,39720.0,64.38584
1994-10-19,97.3,149.4,2.6074415921546,4.69,39720.0,64.38584
1994-10-20,97.2,149.4,2.6074415921546,4.7,39720.0,64.38584
1994-10-21,97.37,149.4,2.6074415921546,4.68,39720.0,64.38584
1994-10-24,97.2,149.4,2.6074415921546,4.72,39720.0,64.38584
1994-10-25,96.95,149.4,2.6074415921546,4.67,39720.0,64.38584
1994-10-26,97.05,149.4,2.6074415921546,4.88,39720.0,64.38584
1994-10-27,96.95,149.4,2.6074415921546,4.77,39720.0,64.38584
1994-10-28,97.4,149.4,2.6074415921546,4.76,39720.0,64.38584
1994-10-31,96.9,149.4,2.6074415921546,4.9,39720.0,64.38584
1994-11-01,96.77,149.8,2.6074415921546,4.76,,
1994-11-02,97.0,149.8,2.6074415921546,4.67,,
1994-11-03,98.2,149.8,2.6074415921546,4.71,,
1994-11-04,97.65,149.8,2.6074415921546,4.66,,
1994-11-07,97.24,149.8,2.6074415921546,4.69,,
1994-11-08,96.93,149.8,2.6074415921546,4.51,,
1994-11-09,97.78,149.8,2.6074415921546,5.28,,
1994-11-10,97.92,149.8,2.6074415921546,4.99,,
1994-11-11,,149.8,2.6074415921546,4.99,,
1994-11-14,98.07,149.8,2.6074415921546,5.48,,
1994-11-15,98.28,149.8,2.6074415921546,5.59,,
1994-11-16,98.37,149.8,2.6074415921546,5.53,,
1994-11-17,98.1,149.8,2.6074415921546,5.51,,
1994-11-18,98.5,149.8,2.6074415921546,5.43,,
1994-11-21,98.41,149.8,2.6074415921546,5.49,,
1994-11-22,98.19,149.8,2.6074415921546,5.43,,
1994-11-23,98.27,149.8,2.6074415921546,6.0,,
1994-11-24,,149.8,2.6074415921546,6.0,,
1994-11-25,98.75,149.8,2.6074415921546,6.03,,
1994-11-28,98.59,149.8,2.6074415921546,5.67,,
1994-11-29,98.95,149.8,2.6074415921546,5.54,,
1994-11-30,98.91,149.8,2.6074415921546,5.66,,
1994-12-01,99.4,150.1,2.6074415921546,5.49,,
1994-12-02,100.39,150.1,2.6074415921546,5.42,,
1994-12-05,100.32,150.1,2.6074415921546,5.4,,
1994-12-06,100.35,150.1,2.6074415921546,5.07,,
1994-12-07,100.13,150.1,2.6074415921546,6.09,,
1994-12-08,100.41,150.1,2.6074415921546,5.53,,
1994-12-09,100.22,150.1,2.6074415921546,5.48,,
1994-12-12,100.04,150.1,2.6074415921546,5.52,,
1994-12-13,100.32,150.1,2.6074415921546,5.41,,
1994-12-14,100.3,150.1,2.6074415921546,5.46,,
1994-12-15,100.26,150.1,2.6074415921546,5.61,,
1994-12-16,100.28,150.1,2.6074415921546,5.34,,
1994-12-19,100.15,150.1,2.6074415921546,5.27,,
1994-12-20,100.32,150.1,2.6074415921546,5.43,,
1994-12-21,100.23,150.1,2.6074415921546,6.56,,
1994-12-22,100.45,150.1,2.6074415921546,5.8,,
1994-12-23,100.22,150.1,2.6074415921546,5.31,,
1994-12-26,,150.1,2.6074415921546,5.31,,
1994-12-27,100.46,150.1,2.6074415921546,5.6,,
1994-12-28,100.33,150.1,2.6074415921546,5.48,,
1994-12-29,99.65,150.1,2.6074415921546,5.49,,
1994-12-30,99.6,150.1,2.6074415921546,4.94,,
1995-01-02,,150.5,2.80541968853655,4.94,39754.0,64.66271
1995-01-03,100.52,150.5,2.80541968853655,5.98,39754.0,64.66271
1995-01-04,101.4,150.5,2.80541968853655,6.59,39754.0,64.66271
1995-01-05,100.97,150.5,2.80541968853655,5.72,39754.0,64.66271
1995-01-06,101.37,150.5,2.80541968853655,5.52,39754.0,64.66271
1995-01-09,100.33,150.5,2.80541968853655,5.52,39754.0,64.66271
1995-01-10,100.4,150.5,2.80541968853655,5.44,39754.0,64.66271
1995-01-11,99.9,150.5,2.80541968853655,5.44,39754.0,64.66271
1995-01-12,98.8,150.5,2.80541968853655,5.5,39754.0,64.66271
1995-01-13,98.77,150.5,2.80541968853655,5.47,39754.0,64.66271
1995-01-16,,150.5,2.80541968853655,5.47,39754.0,64.66271
1995-01-17,99.0,150.5,2.80541968853655,5.69,39754.0,64.66271
1995-01-18,99.55,150.5,2.80541968853655,5.06,39754.0,64.66271
1995-01-19,99.43,150.5,2.80541968853655,5.44,39754.0,64.66271
1995-01-20,99.4,150.5,2.80541968853655,5.37,39754.0,64.66271
1995-01-23,99.75,150.5,2.80541968853655,5.47,39754.0,64.66271
1995-01-24,99.64,150.5,2.80541968853655,5.45,39754.0,64.66271
1995-01-25,99.6,150.5,2.80541968853655,5.46,39754.0,64.66271
1995-01-26,99.31,150.5,2.80541968853655,5.53,39754.0,64.66271
1995-01-27,99.35,150.5,2.80541968853655,5.67,39754.0,64.66271
1995-01-30,98.4,150.5,2.80541968853655,5.76,39754.0,64.66271
1995-01-31,99.43,150.5,2.80541968853655,5.86,39754.0,64.66271
1995-02-01,99.4,150.9,2.80541968853655,5.25,,
1995-02-02,99.5,150.9,2.80541968853655,5.98,,
1995-02-03,99.75,150.9,2.80541968853655,5.94,,
1995-02-06,99.3,150.9,2.80541968853655,5.99,,
1995-02-07,99.42,150.9,2.80541968853655,5.94,,
1995-02-08,98.98,150.9,2.80541968853655,5.93,,
1995-02-09,98.85,150.9,2.80541968853655,5.95,,
1995-02-10,98.86,150.9,2.80541968853655,5.94,,
1995-02-13,98.66,150.9,2.80541968853655,6.0,,
1995-02-14,98.65,150.9,2.80541968853655,5.82,,
1995-02-15,98.52,150.9,2.80541968853655,5.95,,
1995-02-16,97.55,150.9,2.80541968853655,5.96,,
1995-02-17,97.48,150.9,2.80541968853655,5.93,,
1995-02-20,,150.9,2.80541968853655,5.93,,
1995-02-21,97.3,150.9,2.80541968853655,5.99,,
1995-02-22,97.03,150.9,2.80541968853655,5.9,,
1995-02-23,96.8,150.9,2.80541968853655,5.91,,
1995-02-24,97.1,150.9,2.80541968853655,5.87,,
1995-02-27,96.75,150.9,2.80541968853655,5.99,,
1995-02-28,96.6,150.9,2.80541968853655,6.1,,
1995-03-01,96.75,151.2,2.80541968853655,5.56,,
1995-03-02,95.81,151.2,2.80541968853655,5.94,,
1995-03-03,94.4,151.2,2.80541968853655,5.93,,
1995-03-06,92.6,151.2,2.80541968853655,5.95,,
1995-03-07,90.85,151.2,2.80541968853655,5.93,,
1995-03-08,91.27,151.2,2.80541968853655,5.91,,
1995-03-09,90.57,151.2,2.80541968853655,5.92,,
1995-03-10,91.23,151.2,2.80541968853655,5.9,,
1995-03-13,90.5,151.2,2.80541968853655,5.96,,
1995-03-14,90.97,151.2,2.80541968853655,5.93,,
1995-03-15,89.4,151.2,2.80541968853655,6.06,,
1995-03-16,90.3,151.2,2.80541968853655,5.97,,
1995-03-17,89.19,151.2,2.80541968853655,5.95,,
1995-03-20,89.42,151.2,2.80541968853655,6.0,,
1995-03-21,89.38,151.2,2.80541968853655,5.97,,
1995-03-22,88.92,151.2,2.80541968853655,5.97,,
1995-03-23,88.31,151.2,2.80541968853655,6.01,,
1995-03-24,89.1,151.2,2.80541968853655,6.03,,
1995-03-27,89.07,151.2,2.80541968853655,6.13,,
1995-03-28,89.22,151.2,2.80541968853655,6.1,,
1995-03-29,88.31,151.2,2.80541968853655,6.07,,
1995-03-30,89.53,151.2,2.80541968853655,6.16,,
1995-03-31,86.85,151.2,2.80541968853655,6.3,,
1995-04-03,86.25,151.8,2.80541968853655,6.28,39760.0,65.31294
1995-04-04,86.36,151.8,2.80541968853655,6.08,39760.0,65.31294
1995-04-05,86.25,151.8,2.80541968853655,5.98,39760.0,65.31294
1995-04-06,85.47,151.8,2.80541968853655,5.95,39760.0,65.31294
1995-04-07,84.32,151.8,2.80541968853655,5.94,39760.0,65.31294
1995-04-10,83.1,151.8,2.80541968853655,6.0,39760.0,65.31294
1995-04-11,83.8,151.8,2.80541968853655,5.91,39760.0,65.31294
1995-04-12,84.0,151.8,2.80541968853655,6.17,39760.0,65.31294
1995-04-13,83.59,151.8,2.80541968853655,6.17,39760.0,65.31294
1995-04-14,83.35,151.8,2.80541968853655,6.09,39760.0,65.31294
1995-04-17,82.1,151.8,2.80541968853655,6.14,39760.0,65.31294
1995-04-18,81.4,151.8,2.80541968853655,5.98,39760.0,65.31294
1995-04-19,81.12,151.8,2.80541968853655,5.92,39760.0,65.31294
1995-04-20,82.95,151.8,2.80541968853655,5.96,39760.0,65.31294
1995-04-21,82.92,151.8,2.80541968853655,5.93,39760.0,65.31294
1995-04-24,83.26,151.8,2.80541968853655,5.98,39760.0,65.31294
1995-04-25,81.95,151.8,2.80541968853655,5.97,39760.0,65.31294
1995-04-26,83.98,151.8,2.80541968853655,6.23,39760.0,65.31294
1995-04-27,83.58,151.8,2.80541968853655,6.04,39760.0,65.31294
1995-04-28,84.04,151.8,2.80541968853655,6.06,39760.0,65.31294
1995-05-01,83.53,152.1,2.80541968853655,6.1,,
1995-05-02,83.69,152.1,2.80541968853655,6.01,,
1995-05-03,83.45,152.1,2.80541968853655,6.0,,
1995-05-04,83.62,152.1,2.80541968853655,6.01,,
1995-05-05,84.03,152.1,2.80541968853655,5.98,,
1995-05-08,83.0,152.1,2.80541968853655,6.04,,
1995-05-09,82.95,152.1,2.80541968853655,5.95,,
1995-05-10,83.87,152.1,2.80541968853655,6.03,,
1995-05-11,85.8,152.1,2.80541968853655,6.0,,
1995-05-12,87.0,152.1,2.80541968853655,5.99,,
1995-05-15,86.86,152.1,2.80541968853655,6.17,,
1995-05-16,86.2,152.1,2.80541968853655,6.01,,
1995-05-17,86.73,152.1,2.80541968853655,5.97,,
1995-05-18,87.43,152.1,2.80541968853655,5.98,,
1995-05-19,86.77,152.1,2.80541968853655,5.94,,
1995-05-22,87.47,152.1,2.80541968853655,6.0,,
1995-05-23,87.38,152.1,2.80541968853655,5.96,,
1995-05-24,87.15,152.1,2.80541968853655,6.16,,
1995-05-25,85.05,152.1,2.80541968853655,6.04,,
1995-05-26,82.85,152.1,2.80541968853655,5.97,,
1995-05-29,,152.1,2.80541968853655,5.97,,
1995-05-30,83.0,152.1,2.80541968853655,6.07,,
1995-05-31,84.65,152.1,2.80541968853655,6.17,,
1995-06-01,84.95,152.4,2.80541968853655,6.04,,
1995-06-02,84.9,152.4,2.80541968853655,6.02,,
1995-06-05,84.63,152.4,2.80541968853655,5.99,,
1995-06-06,85.1,152.4,2.80541968853655,5.96,,
1995-06-07,84.24,152.4,2.80541968853655,6.15,,
1995-06-08,84.9,152.4,2.80541968853655,6.08,,
1995-06-09,84.4,152.4,2.80541968853655,6.02,,
1995-06-12,83.92,152.4,2.80541968853655,6.02,,
1995-06-13,84.33,152.4,2.80541968853655,5.97,,
1995-06-14,84.4,152.4,2.80541968853655,5.99,,
1995-06-15,84.82,152.4,2.80541968853655,6.1,,
1995-06-16,84.66,152.4,2.80541968853655,6.02,,
1995-06-19,84.95,152.4,2.80541968853655,6.05,,
1995-06-20,84.65,152.4,2.80541968853655,6.01,,
1995-06-21,84.38,152.4,2.80541968853655,5.77,,
1995-06-22,84.65,152.4,2.80541968853655,5.99,,
1995-06-23,84.5,152.4,2.80541968853655,5.94,,
1995-06-26,84.34,152.4,2.80541968853655,5.99,,
1995-06-27,84.08,152.4,2.80541968853655,5.94,,
1995-06-28,85.7,152.4,2.80541968853655,5.92,,
1995-06-29,84.7,152.4,2.80541968853655,5.96,,
1995-06-30,84.78,152.4,2.80541968853655,6.11,,
1995-07-03,84.8,152.6,2.80541968853655,5.89,39969.0,64.73906
1995-07-04,,152.6,2.80541968853655,5.89,39969.0,64.73906
1995-07-05,84.94,152.6,2.80541968853655,7.41,39969.0,64.73906
1995-07-06,85.18,152.6,2.80541968853655,6.06,39969.0,64.73906
1995-07-07,86.77,152.6,2.80541968853655,5.77,39969.0,64.73906
1995-07-10,87.09,152.6,2.80541968853655,5.78,39969.0,64.73906
1995-07-11,87.45,152.6,2.80541968853655,5.75,39969.0,64.73906
1995-07-12,87.51,152.6,2.80541968853655,5.74,39969.0,64.73906
1995-07-13,87.4,152.6,2.80541968853655,5.75,39969.0,64.73906
1995-07-14,87.89,152.6,2.80541968853655,5.68,39969.0,64.73906
1995-07-17,88.65,152.6,2.80541968853655,5.76,39969.0,64.73906
1995-07-18,88.35,152.6,2.80541968853655,5.67,39969.0,64.73906
1995-07-19,87.75,152.6,2.80541968853655,5.82,39969.0,64.73906
1995-07-20,87.76,152.6,2.80541968853655,5.8,39969.0,64.73906
1995-07-21,88.55,152.6,2.80541968853655,5.74,39969.0,64.73906
1995-07-24,87.55,152.6,2.80541968853655,5.75,39969.0,64.73906
1995-07-25,87.88,152.6,2.80541968853655,5.73,39969.0,64.73906
1995-07-26,87.95,152.6,2.80541968853655,5.76,39969.0,64.73906
1995-07-27,87.95,152.6,2.80541968853655,5.78,39969.0,64.73906
1995-07-28,88.18,152.6,2.80541968853655,5.77,39969.0,64.73906
1995-07-31,88.34,152.6,2.80541968853655,5.97,39969.0,64.73906
1995-08-01,88.43,152.9,2.80541968853655,5.55,,
1995-08-02,90.82,152.9,2.80541968853655,6.21,,
1995-08-03,90.45,152.9,2.80541968853655,5.79,,
1995-08-04,91.25,152.9,2.80541968853655,5.72,,
1995-08-07,91.3,152.9,2.80541968853655,5.76,,
1995-08-08,91.77,152.9,2.80541968853655,5.7,,
1995-08-09,91.57,152.9,2.80541968853655,5.67,,
1995-08-10,92.83,152.9,2.80541968853655,5.68,,
1995-08-11,93.77,152.9,2.80541968853655,5.67,,
1995-08-14,93.61,152.9,2.80541968853655,5.76,,
1995-08-15,96.68,152.9,2.80541968853655,5.9,,
1995-08-16,97.8,152.9,2.80541968853655,5.86,,
1995-08-17,97.85,152.9,2.80541968853655,5.76,,
1995-08-18,96.95,152.9,2.80541968853655,5.68,,
1995-08-21,96.55,152.9,2.80541968853655,5.71,,
1995-08-22,96.73,152.9,2.80541968853655,5.68,,
1995-08-23,96.5,152.9,2.80541968853655,5.68,,
1995-08-24,96.55,152.9,2.80541968853655,5.71,,
1995-08-25,96.64,152.9,2.80541968853655,5.71,,
1995-08-28,96.6,152.9,2.80541968853655,5.72,,
1995-08-29,97.63,152.9,2.80541968853655,5.48,,
1995-08-30,98.95,152.9,2.80541968853655,5.9,,
1995-08-31,97.75,152.9,2.80541968853655,5.93,,
1995-09-01,97.49,153.1,2.80541968853655,5.72,,
1995-09-04,,153.1,2.80541968853655,5.72,,
1995-09-05,97.77,153.1,2.80541968853655,5.86,,
1995-09-06,98.79,153.1,2.80541968853655,5.75,,
1995-09-07,98.58,153.1,2.80541968853655,5.74,,
1995-09-08,99.75,153.1,2.80541968853655,5.67,,
1995-09-11,99.78,153.1,2.80541968853655,5.73,,
1995-09-12,100.87,153.1,2.80541968853655,5.65,,
1995-09-13,102.5,153.1,2.80541968853655,5.96,,
1995-09-14,102.55,153.1,2.80541968853655,5.88,,
1995-09-15,103.52,153.1,2.80541968853655,5.8,,
1995-09-18,103.55,153.1,2.80541968853655,5.76,,
1995-09-19,104.2,153.1,2.80541968853655,5.73,,
1995-09-20,103.25,153.1,2.80541968853655,5.72,,
1995-09-21,100.1,153.1,2.80541968853655,5.71,,
1995-09-22,98.5,153.1,2.80541968853655,5.66,,
1995-09-25,99.88,153.1,2.80541968853655,5.75,,
1995-09-26,100.83,153.1,2.80541968853655,5.73,,
1995-09-27,100.17,153.1,2.80541968853655,6.45,,
1995-09-28,99.73,153.1,2.80541968853655,6.05,,
1995-09-29,99.1,153.1,2.80541968853655,6.2,,
1995-10-02,100.72,153.5,2.80541968853655,5.93,40117.0,64.18282
1995-10-03,101.65,153.5,2.80541968853655,5.75,40117.0,64.18282
1995-10-04,100.73,153.5,2.80541968853655,5.69,40117.0,64.18282
1995-10-05,100.25,153.5,2.80541968853655,5.69,40117.0,64.18282
1995-10-06,100.85,153.5,2.80541968853655,5.65,40117.0,64.18282
1995-10-09,,153.5,2.80541968853655,5.65,40117.0,64.18282
1995-10-10,100.64,153.5,2.80541968853655,5.74,40117.0,64.18282
1995-10-11,100.9,153.5,2.80541968853655,6.01,40117.0,64.18282
1995-10-12,100.28,153.5,2.80541968853655,5.8,40117.0,64.18282
1995-10-13,100.8,153.5,2.80541968853655,5.7,40117.0,64.18282
1995-10-16,100.45,153.5,2.80541968853655,5.74,40117.0,64.18282
1995-10-17,100.33,153.5,2.80541968853655,5.66,40117.0,64.18282
1995-10-18,100.62,153.5,2.80541968853655,5.65,40117.0,64.18282
1995-10-19,100.59,153.5,2.80541968853655,5.7,40117.0,64.18282
1995-10-20,100.25,153.5,2.80541968853655,5.7,40117.0,64.18282
1995-10-23,99.7,153.5,2.80541968853655,5.74,40117.0,64.18282
1995-10-24,100.17,153.5,2.80541968853655,5.7,40117.0,64.18282
1995-10-25,101.27,153.5,2.80541968853655,6.09,40117.0,64.18282
1995-10-26,101.8,153.5,2.80541968853655,5.76,40117.0,64.18282
1995-10-27,101.71,153.5,2.80541968853655,5.68,40117.0,64.18282
1995-10-30,101.65,153.5,2.80541968853655,5.78,40117.0,64.18282
1995-10-31,102.26,153.5,2.80541968853655,5.97,40117.0,64.18282
1995-11-01,103.07,153.7,2.80541968853655,5.76,,
1995-11-02,103.59,153.7,2.80541968853655,5.72,,
1995-11-03,103.88,153.7,2.80541968853655,5.66,,
1995-11-06,103.2,153.7,2.80541968853655,5.71,,
1995-11-07,103.18,153.7,2.80541968853655,5.65,,
1995-11-08,102.5,153.7,2.80541968853655,5.93,,
1995-11-09,100.75,153.7,2.80541968853655,5.74,,
1995-11-10,100.95,153.7,2.80541968853655,5.68,,
1995-11-13,101.7,153.7,2.80541968853655,5.74,,
1995-11-14,101.68,153.7,2.80541968853655,5.71,,
1995-11-15,100.9,153.7,2.80541968853655,5.94,,
1995-11-16,102.15,153.7,2.80541968853655,5.84,,
1995-11-17,102.03,153.7,2.80541968853655,5.7,,
1995-11-20,101.35,153.7,2.80541968853655,5.73,,
1995-11-21,101.63,153.7,2.80541968853655,5.68,,
1995-11-22,100.5,153.7,2.80541968853655,6.31,,
1995-11-23,,153.7,2.80541968853655,6.31,,
1995-11-24,101.5,153.7,2.80541968853655,5.97,,
1995-11-27,101.8,153.7,2.80541968853655,5.77,,
1995-11-28,101.12,153.7,2.80541968853655,5.69,,
1995-11-29,101.46,153.7,2.80541968853655,5.72,,
1995-11-30,101.8,153.7,2.80541968853655,6.11,,
1995-12-01,101.2,153.9,2.80541968853655,5.56,,
1995-12-04,101.05,153.9,2.80541968853655,5.74,,
1995-12-05,101.42,153.9,2.80541968853655,5.72,,
1995-12-06,101.37,153.9,2.80541968853655,5.99,,
1995-12-07,101.4,153.9,2.80541968853655,5.82,,
1995-12-08,100.95,153.9,2.80541968853655,5.73,,
1995-12-11,101.07,153.9,2.80541968853655,5.73,,
1995-12-12,101.85,153.9,2.80541968853655,5.69,,
1995-12-13,101.75,153.9,2.80541968853655,5.7,,
1995-12-14,101.5,153.9,2.80541968853655,5.82,,
1995-12-15,102.14,153.9,2.80541968853655,5.78,,
1995-12-18,101.7,153.9,2.80541968853655,5.76,,
1995-12-19,101.85,153.9,2.80541968853655,5.63,,
1995-12-20,102.0,153.9,2.80541968853655,6.74,,
1995-12-21,101.81,153.9,2.80541968853655,5.74,,
1995-12-22,102.6,153.9,2.80541968853655,5.44,,
1995-12-25,,153.9,2.80541968853655,5.44,,
1995-12-26,102.38,153.9,2.80541968853655,5.5,,
1995-12-27,102.8,153.9,2.80541968853655,5.39,,
1995-12-28,102.87,153.9,2.80541968853655,5.53,,
1995-12-29,103.28,153.9,2.80541968853655,4.73,,
1996-01-01,,154.7,2.9312041999344,4.73,40317.0,65.04171
1996-01-02,103.92,154.7,2.9312041999344,6.06,40317.0,65.04171
1996-01-03,104.35,154.7,2.9312041999344,6.93,40317.0,65.04171
1996-01-04,106.41,154.7,2.9312041999344,5.69,40317.0,65.04171
1996-01-05,105.13,154.7,2.9312041999344,5.46,40317.0,65.04171
1996-01-08,105.8,154.7,2.9312041999344,6.01,40317.0,65.04171
1996-01-09,104.9,154.7,2.9312041999344,5.28,40317.0,65.04171
1996-01-10,105.28,154.7,2.9312041999344,5.35,40317.0,65.04171
1996-01-11,104.8,154.7,2.9312041999344,5.52,40317.0,65.04171
1996-01-12,105.07,154.7,2.9312041999344,5.5,40317.0,65.04171
1996-01-15,,154.7,2.9312041999344,5.5,40317.0,65.04171
1996-01-16,105.88,154.7,2.9312041999344,5.84,40317.0,65.04171
1996-01-17,105.38,154.7,2.9312041999344,5.91,40317.0,65.04171
1996-01-18,105.44,154.7,2.9312041999344,5.51,40317.0,65.04171
1996-01-19,105.4,154.7,2.9312041999344,5.4,40317.0,65.04171
1996-01-22,105.76,154.7,2.9312041999344,5.46,40317.0,65.04171
1996-01-23,105.8,154.7,2.9312041999344,5.44,40317.0,65.04171
1996-01-24,106.92,154.7,2.9312041999344,5.5,40317.0,65.04171
1996-01-25,106.9,154.7,2.9312041999344,5.56,40317.0,65.04171
1996-01-26,106.6,154.7,2.9312041999344,5.51,40317.0,65.04171
1996-01-29,106.8,154.7,2.9312041999344,5.53,40317.0,65.04171
1996-01-30,107.29,154.7,2.9312041999344,5.37,40317.0,65.04171
1996-01-31,106.95,154.7,2.9312041999344,5.71,40317.0,65.04171
1996-02-01,107.08,155.0,2.9312041999344,5.27,,
1996-02-02,106.7,155.0,2.9312041999344,5.23,,
1996-02-05,105.02,155.0,2.9312041999344,5.23,,
1996-02-06,105.54,155.0,2.9312041999344,5.16,,
1996-02-07,106.2,155.0,2.9312041999344,5.13,,
1996-02-08,106.9,155.0,2.9312041999344,5.18,,
1996-02-09,107.1,155.0,2.9312041999344,5.17,,
1996-02-12,106.67,155.0,2.9312041999344,5.12,,
1996-02-13,106.93,155.0,2.9312041999344,4.93,,
1996-02-14,106.77,155.0,2.9312041999344,4.92,,
1996-02-15,106.18,155.0,2.9312041999344,5.36,,
1996-02-16,105.35,155.0,2.9312041999344,5.13,,
1996-02-19,,155.0,2.9312041999344,5.13,,
1996-02-20,106.1,155.0,2.9312041999344,5.2,,
1996-02-21,105.25,155.0,2.9312041999344,5.1,,
1996-02-22,104.95,155.0,2.9312041999344,5.15,,
1996-02-23,104.73,155.0,2.9312041999344,5.14,,
1996-02-26,104.33,155.0,2.9312041999344,5.19,,
1996-02-27,104.37,155.0,2.9312041999344,5.2,,
1996-02-28,104.47,155.0,2.9312041999344,6.18,,
1996-02-29,105.12,155.0,2.9312041999344,6.05,,
1996-03-01,105.7,155.5,2.9312041999344,5.81,,
1996-03-04,105.05,155.5,2.9312041999344,5.33,,
1996-03-05,105.1,155.5,2.9312041999344,5.13,,
1996-03-06,105.37,155.5,2.9312041999344,5.08,,
1996-03-07,105.25,155.5,2.9312041999344,5.21,,
1996-03-08,105.94,155.5,2.9312041999344,5.16,,
1996-03-11,105.35,155.5,2.9312041999344,5.25,,
1996-03-12,105.54,155.5,2.9312041999344,5.25,,
1996-03-13,105.29,155.5,2.9312041999344,5.49,,
1996-03-14,105.48,155.5,2.9312041999344,5.56,,
1996-03-15,105.87,155.5,2.9312041999344,5.42,,
1996-03-18,106.02,155.5,2.9312041999344,5.27,,
1996-03-19,106.26,155.5,2.9312041999344,5.2,,
1996-03-20,106.44,155.5,2.9312041999344,5.21,,
1996-03-21,106.72,155.5,2.9312041999344,5.21,,
1996-03-22,106.8,155.5,2.9312041999344,5.17,,
1996-03-25,106.19,155.5,2.9312041999344,5.29,,
1996-03-26,106.39,155.5,2.9312041999344,5.23,,
1996-03-27,106.64,155.5,2.9312041999344,5.29,,
1996-03-28,106.34,155.5,2.9312041999344,5.31,,
1996-03-29,107.0,155.5,2.9312041999344,5.25,,
1996-04-01,107.53,156.1,2.9312041999344,5.53,40873.0,64.2497
1996-04-02,107.48,156.1,2.9312041999344,5.29,40873.0,64.2497
1996-04-03,106.94,156.1,2.9312041999344,5.25,40873.0,64.2497
1996-04-04,107.09,156.1,2.9312041999344,5.25,40873.0,64.2497
1996-04-05,107.67,156.1,2.9312041999344,4.89,40873.0,64.2497
1996-04-08,107.42,156.1,2.9312041999344,5.14,40873.0,64.2497
1996-04-09,108.18,156.1,2.9312041999344,5.07,40873.0,64.2497
1996-04-10,108.56,156.1,2.9312041999344,5.46,40873.0,64.2497
1996-04-11,108.52,156.1,2.9312041999344,5.33,40873.0,64.2497
1996-04-12,108.67,156.1,2.9312041999344,5.22,40873.0,64.2497
1996-04-15,108.36,156.1,2.9312041999344,5.33,40873.0,64.2497
1996-04-16,108.28,156.1,2.9312041999344,5.17,40873.0,64.2497
1996-04-17,108.27,156.1,2.9312041999344,5.17,40873.0,64.2497
1996-04-18,107.1,156.1,2.9312041999344,5.19,40873.0,64.2497
1996-04-19,107.1,156.1,2.9312041999344,5.1,40873.0,64.2497
1996-04-22,106.7,156.1,2.9312041999344,5.23,40873.0,64.2497
1996-04-23,106.59,156.1,2.9312041999344,5.38,40873.0,64.2497
1996-04-24,106.77,156.1,2.9312041999344,5.57,40873.0,64.2497
1996-04-25,106.47,156.1,2.9312041999344,5.34,40873.0,64.2497
1996-04-26,105.54,156.1,2.9312041999344,5.21,40873.0,64.2497
1996-04-29,104.52,156.1,2.9312041999344,5.25,40873.0,64.2497
1996-04-30,104.63,156.1,2.9312041999344,5.5,40873.0,64.2497
1996-05-01,105.08,156.4,2.9312041999344,5.41,,
1996-05-02,104.49,156.4,2.9312041999344,5.28,,
1996-05-03,104.83,156.4,2.9312041999344,5.14,,
1996-05-06,104.93,156.4,2.9312041999344,5.26,,
1996-05-07,104.97,156.4,2.9312041999344,5.24,,
1996-05-08,105.15,156.4,2.9312041999344,5.31,,
1996-05-09,104.8,156.4,2.9312041999344,5.28,,
1996-05-10,105.5,156.4,2.9312041999344,5.2,,
1996-05-13,104.96,156.4,2.9312041999344,5.25,,
1996-05-14,105.8,156.4,2.9312041999344,5.25,,
1996-05-15,106.85,156.4,2.9312041999344,5.47,,
1996-05-16,106.67,156.4,2.9312041999344,5.24,,
1996-05-17,106.53,156.4,2.9312041999344,5.15,,
1996-05-20,107.14,156.4,2.9312041999344,5.21,,
1996-05-21,107.0,156.4,2.9312041999344,5.23,,
1996-05-22,107.04,156.4,2.9312041999344,5.41,,
1996-05-23,106.78,156.4,2.9312041999344,5.2,,
1996-05-24,107.9,156.4,2.9312041999344,5.14,,
1996-05-27,,156.4,2.9312041999344,5.14,,
1996-05-28,108.7,156.4,2.9312041999344,5.33,,
1996-05-29,108.77,156.4,2.9312041999344,5.24,,
1996-05-30,107.65,156.4,2.9312041999344,5.34,,
1996-05-31,107.99,156.4,2.9312041999344,5.31,,
1996-06-03,108.37,156.7,2.9312041999344,5.44,,
1996-06-04,109.2,156.7,2.9312041999344,5.23,,
1996-06-05,108.84,156.7,2.9312041999344,5.34,,
1996-06-06,109.26,156.7,2.9312041999344,5.29,,
1996-06-07,109.23,156.7,2.9312041999344,5.21,,
1996-06-10,109.07,156.7,2.9312041999344,5.28,,
1996-06-11,109.5,156.7,2.9312041999344,5.24,,
1996-06-12,109.47,156.7,2.9312041999344,5.25,,
1996-06-13,108.85,156.7,2.9312041999344,5.27,,
1996-06-14,108.87,156.7,2.9312041999344,5.3,,
1996-06-17,108.85,156.7,2.9312041999344,5.47,,
1996-06-18,108.04,156.7,2.9312041999344,5.27,,
1996-06-19,108.05,156.7,2.9312041999344,6.25,,
1996-06-20,108.1,156.7,2.9312041999344,5.37,,
1996-06-21,109.1,156.7,2.9312041999344,5.19,,
1996-06-24,108.94,156.7,2.9312041999344,5.18,,
1996-06-25,109.03,156.7,2.9312041999344,5.15,,
1996-06-26,109.5,156.7,2.9312041999344,5.18,,
1996-06-27,109.45,156.7,2.9312041999344,5.27,,
1996-06-28,109.48,156.7,2.9312041999344,5.0,,
1996-07-01,109.56,157.0,2.9312041999344,7.8,41106.0,64.25469
1996-07-02,110.1,157.0,2.9312041999344,5.29,41106.0,64.25469
1996-07-03,110.31,157.0,2.9312041999344,5.38,41106.0,64.25469
1996-07-04,,157.0,2.9312041999344,5.38,41106.0,64.25469
1996-07-05,110.95,157.0,2.9312041999344,5.28,41106.0,64.25469
1996-07-08,110.94,157.0,2.9312041999344,5.27,41106.0,64.25469
1996-07-09,110.28,157.0,2.9312041999344,5.14,41106.0,64.25469
1996-07-10,110.18,157.0,2.9312041999344,5.16,41106.0,64.25469
1996-07-11,110.18,157.0,2.9312041999344,5.21,41106.0,64.25469
1996-07-12,110.69,157.0,2.9312041999344,5.18,41106.0,64.25469
1996-07-15,110.45,157.0,2.9312041999344,5.42,41106.0,64.25469
1996-07-16,109.15,157.0,2.9312041999344,5.2,41106.0,64.25469
1996-07-17,108.62,157.0,2.9312041999344,5.25,41106.0,64.25469
1996-07-18,107.93,157.0,2.9312041999344,5.28,41106.0,64.25469
1996-07-19,108.22,157.0,2.9312041999344,5.22,41106.0,64.25469
1996-07-22,107.5,157.0,2.9312041999344,5.25,41106.0,64.25469
1996-07-23,108.09,157.0,2.9312041999344,5.25,41106.0,64.25469
1996-07-24,108.29,157.0,2.9312041999344,5.29,41106.0,64.25469
1996-07-25,108.38,157.0,2.9312041999344,5.45,41106.0,64.25469
1996-07-26,108.33,157.0,2.9312041999344,5.26,41106.0,64.25469
1996-07-29,109.2,157.0,2.9312041999344,5.37,41106.0,64.25469
1996-07-30,108.08,157.0,2.9312041999344,5.33,41106.0,64.25469
1996-07-31,106.77,157.0,2.9312041999344,6.75,41106.0,64.25469
1996-08-01,106.75,157.2,2.9312041999344,6.29,,
1996-08-02,107.05,157.2,2.9312041999344,5.34,,
1996-08-05,106.64,157.2,2.9312041999344,5.15,,
1996-08-06,106.92,157.2,2.9312041999344,5.1,,
1996-08-07,107.95,157.2,2.9312041999344,5.07,,
1996-08-08,108.14,157.2,2.9312041999344,5.15,,
1996-08-09,108.12,157.2,2.9312041999344,5.1,,
1996-08-12,107.72,157.2,2.9312041999344,5.17,,
1996-08-13,107.59,157.2,2.9312041999344,4.89,,
1996-08-14,107.94,157.2,2.9312041999344,5.22,,
1996-08-15,108.01,157.2,2.9312041999344,5.48,,
1996-08-16,107.96,157.2,2.9312041999344,5.15,,
1996-08-19,107.87,157.2,2.9312041999344,5.17,,
1996-08-20,108.3,157.2,2.9312041999344,5.08,,
1996-08-21,108.34,157.2,2.9312041999344,5.09,,
1996-08-22,108.23,157.2,2.9312041999344,5.17,,
1996-08-23,108.4,157.2,2.9312041999344,5.22,,
1996-08-26,107.7,157.2,2.9312041999344,5.28,,
1996-08-27,107.78,157.2,2.9312041999344,5.13,,
1996-08-28,108.44,157.2,2.9312041999344,5.24,,
1996-08-29,108.5,157.2,2.9312041999344,5.24,,
1996-08-30,108.7,157.2,2.9312041999344,5.28,,
1996-09-02,,157.7,2.9312041999344,5.28,,
1996-09-03,109.28,157.7,2.9312041999344,6.01,,
1996-09-04,108.85,157.7,2.9312041999344,5.35,,
1996-09-05,109.09,157.7,2.9312041999344,5.19,,
1996-09-06,109.37,157.7,2.9312041999344,5.13,,
1996-09-09,109.19,157.7,2.9312041999344,5.2,,
1996-09-10,109.84,157.7,2.9312041999344,5.1,,
1996-09-11,110.25,157.7,2.9312041999344,5.26,,
1996-09-12,110.3,157.7,2.9312041999344,5.33,,
1996-09-13,110.44,157.7,2.9312041999344,5.29,,
1996-09-16,110.15,157.7,2.9312041999344,5.38,,
1996-09-17,110.39,157.7,2.9312041999344,5.02,,
1996-09-18,109.21,157.7,2.9312041999344,4.96,,
1996-09-19,109.38,157.7,2.9312041999344,5.29,,
1996-09-20,109.87,157.7,2.9312041999344,5.3,,
1996-09-23,109.86,157.7,2.9312041999344,5.32,,
1996-09-24,109.82,157.7,2.9312041999344,5.28,,
1996-09-25,110.38,157.7,2.9312041999344,5.56,,
1996-09-26,110.45,157.7,2.9312041999344,5.28,,
1996-09-27,110.85,157.7,2.9312041999344,5.21,,
1996-09-30,111.65,157.7,2.9312041999344,6.09,,
1996-10-01,111.37,158.2,2.9312041999344,5.53,41401.0,64.44697
1996-10-02,111.66,158.2,2.9312041999344,5.24,41401.0,64.44697
1996-10-03,111.48,158.2,2.9312041999344,5.17,41401.0,64.44697
1996-10-04,111.63,158.2,2.9312041999344,5.04,41401.0,64.44697
1996-10-07,111.27,158.2,2.9312041999344,5.16,41401.0,64.44697
1996-10-08,111.31,158.2,2.9312041999344,5.11,41401.0,64.44697
1996-10-09,111.47,158.2,2.9312041999344,5.43,41401.0,64.44697
1996-10-10,111.28,158.2,2.9312041999344,5.29,41401.0,64.44697
1996-10-11,111.66,158.2,2.9312041999344,5.16,41401.0,64.44697
1996-10-14,,158.2,2.9312041999344,5.16,41401.0,64.44697
1996-10-15,112.28,158.2,2.9312041999344,5.41,41401.0,64.44697
1996-10-16,112.14,158.2,2.9312041999344,5.2,41401.0,64.44697
1996-10-17,112.22,158.2,2.9312041999344,5.19,41401.0,64.44697
1996-10-18,112.54,158.2,2.9312041999344,5.12,41401.0,64.44697
1996-10-21,112.76,158.2,2.9312041999344,5.21,41401.0,64.44697
1996-10-22,112.86,158.2,2.9312041999344,5.19,41401.0,64.44697
1996-10-23,112.97,158.2,2.9312041999344,5.58,41401.0,64.44697
1996-10-24,112.85,158.2,2.9312041999344,5.29,41401.0,64.44697
1996-10-25,113.33,158.2,2.9312041999344,5.27,41401.0,64.44697
1996-10-28,114.12,158.2,2.9312041999344,5.29,41401.0,64.44697
1996-10-29,114.11,158.2,2.9312041999344,5.22,41401.0,64.44697
1996-10-30,113.97,158.2,2.9312041999344,5.31,41401.0,64.44697
1996-10-31,113.79,158.2,2.9312041999344,5.63,41401.0,64.44697
1996-11-01,113.28,158.7,2.9312041999344,5.19,,
1996-11-04,113.97,158.7,2.9312041999344,5.21,,
1996-11-05,114.22,158.7,2.9312041999344,5.34,,
1996-11-06,113.98,158.7,2.9312041999344,5.46,,
1996-11-07,111.54,158.7,2.9312041999344,5.28,,
1996-11-08,111.63,158.7,2.9312041999344,5.17,,
1996-11-11,,158.7,2.9312041999344,5.17,,
1996-11-12,111.5,158.7,2.9312041999344,5.3,,
1996-11-13,111.41,158.7,2.9312041999344,5.21,,
1996-11-14,111.29,158.7,2.9312041999344,5.34,,
1996-11-15,111.3,158.7,2.9312041999344,5.53,,
1996-11-18,111.31,158.7,2.9312041999344,5.15,,
1996-11-19,111.55,158.7,2.9312041999344,5.29,,
1996-11-20,111.25,158.7,2.9312041999344,5.53,,
1996-11-21,111.42,158.7,2.9312041999344,5.28,,
1996-11-22,111.41,158.7,2.9312041999344,5.24,,
1996-11-25,112.69,158.7,2.9312041999344,5.38,,
1996-11-26,112.66,158.7,2.9312041999344,5.28,,
1996-11-27,113.33,158.7,2.9312041999344,5.42,,
1996-11-28,,158.7,2.9312041999344,5.42,,
1996-11-29,113.88,158.7,2.9312041999344,5.44,,
1996-12-02,113.8,159.1,2.9312041999344,5.67,,
1996-12-03,113.59,159.1,2.9312041999344,5.09,,
1996-12-04,113.13,159.1,2.9312041999344,6.12,,
1996-12-05,112.35,159.1,2.9312041999344,5.36,,
1996-12-06,112.84,159.1,2.9312041999344,5.21,,
1996-12-09,113.27,159.1,2.9312041999344,5.19,,
1996-12-10,113.28,159.1,2.9312041999344,5.17,,
1996-12-11,112.9,159.1,2.9312041999344,5.19,,
1996-12-12,113.55,159.1,2.9312041999344,5.25,,
1996-12-13,113.8,159.1,2.9312041999344,5.28,,
1996-12-16,114.24,159.1,2.9312041999344,5.56,,
1996-12-17,113.63,159.1,2.9312041999344,5.38,,
1996-12-18,113.65,159.1,2.9312041999344,5.6,,
1996-12-19,114.0,159.1,2.9312041999344,5.29,,
1996-12-20,114.25,159.1,2.9312041999344,5.15,,
1996-12-23,114.12,159.1,2.9312041999344,5.26,,
1996-12-24,114.5,159.1,2.9312041999344,5.14,,
1996-12-25,,159.1,2.9312041999344,5.14,,
1996-12-26,114.92,159.1,2.9312041999344,5.26,,
1996-12-27,116.13,159.1,2.9312041999344,4.77,,
1996-12-30,115.88,159.1,2.9312041999344,5.53,,
1996-12-31,115.77,159.1,2.9312041999344,6.26,,
1997-01-01,,159.4,2.33768993730741,6.26,41558.0,64.34428
1997-01-02,115.49,159.4,2.33768993730741,5.79,41558.0,64.34428
1997-01-03,116.33,159.4,2.33768993730741,5.17,41558.0,64.34428
1997-01-06,115.8,159.4,2.33768993730741,5.26,41558.0,64.34428
1997-01-07,115.34,159.4,2.33768993730741,5.2,41558.0,64.34428
1997-01-08,115.86,159.4,2.33768993730741,5.2,41558.0,64.34428
1997-01-09,116.19,159.4,2.33768993730741,5.25,41558.0,64.34428
1997-01-10,116.1,159.4,2.33768993730741,5.17,41558.0,64.34428
1997-01-13,116.41,159.4,2.33768993730741,5.24,41558.0,64.34428
1997-01-14,116.9,159.4,2.33768993730741,5.14,41558.0,64.34428
1997-01-15,117.24,159.4,2.33768993730741,5.22,41558.0,64.34428
1997-01-16,116.54,159.4,2.33768993730741,5.26,41558.0,64.34428
1997-01-17,117.11,159.4,2.33768993730741,5.14,41558.0,64.34428
1997-01-20,,159.4,2.33768993730741,5.14,41558.0,64.34428
1997-01-21,117.8,159.4,2.33768993730741,5.33,41558.0,64.34428
1997-01-22,118.92,159.4,2.33768993730741,5.21,41558.0,64.34428
1997-01-23,119.65,159.4,2.33768993730741,5.24,41558.0,64.34428
1997-01-24,119.06,159.4,2.33768993730741,5.13,41558.0,64.34428
1997-01-27,119.45,159.4,2.33768993730741,5.33,41558.0,64.34428
1997-01-28,121.19,159.4,2.33768993730741,5.27,41558.0,64.34428
1997-01-29,121.98,159.4,2.33768993730741,5.05,41558.0,64.34428
1997-01-30,121.55,159.4,2.33768993730741,5.3,41558.0,64.34428
1997-01-31,121.25,159.4,2.33768993730741,5.37,41558.0,64.34428
1997-02-03,121.68,159.7,2.33768993730741,5.36,,
1997-02-04,122.34,159.7,2.33768993730741,5.18,,
1997-02-05,123.59,159.7,2.33768993730741,5.17,,
1997-02-06,123.82,159.7,2.33768993730741,5.22,,
1997-02-07,124.54,159.7,2.33768993730741,5.08,,
1997-02-10,122.74,159.7,2.33768993730741,5.18,,
1997-02-11,123.17,159.7,2.33768993730741,5.07,,
1997-02-12,124.02,159.7,2.33768993730741,4.63,,
1997-02-13,124.35,159.7,2.33768993730741,5.19,,
1997-02-14,124.06,159.7,2.33768993730741,5.15,,
1997-02-17,,159.7,2.33768993730741,5.15,,
1997-02-18,123.92,159.7,2.33768993730741,5.55,,
1997-02-19,124.3,159.7,2.33768993730741,5.19,,
1997-02-20,122.83,159.7,2.33768993730741,5.15,,
1997-02-21,123.28,159.7,2.33768993730741,5.08,,
1997-02-24,122.18,159.7,2.33768993730741,5.22,,
1997-02-25,121.93,159.7,2.33768993730741,5.28,,
1997-02-26,121.9,159.7,2.33768993730741,5.2,,
1997-02-27,120.8,159.7,2.33768993730741,5.29,,
1997-02-28,120.83,159.7,2.33768993730741,5.5,,
1997-03-03,121.15,159.8,2.33768993730741,5.4,,
1997-03-04,121.95,159.8,2.33768993730741,5.16,,
1997-03-05,121.5,159.8,2.33768993730741,5.15,,
1997-03-06,121.28,159.8,2.33768993730741,5.22,,
1997-03-07,121.88,159.8,2.33768993730741,5.21,,
1997-03-10,121.7,159.8,2.33768993730741,5.24,,
1997-03-11,121.77,159.8,2.33768993730741,5.21,,
1997-03-12,122.68,159.8,2.33768993730741,5.01,,
1997-03-13,123.24,159.8,2.33768993730741,5.21,,
1997-03-14,123.46,159.8,2.33768993730741,5.15,,
1997-03-17,123.65,159.8,2.33768993730741,5.39,,
1997-03-18,122.45,159.8,2.33768993730741,5.42,,
1997-03-19,122.8,159.8,2.33768993730741,5.36,,
1997-03-20,123.59,159.8,2.33768993730741,5.32,,
1997-03-21,122.82,159.8,2.33768993730741,5.28,,
1997-03-24,122.93,159.8,2.33768993730741,5.47,,
1997-03-25,123.9,159.8,2.33768993730741,5.57,,
1997-03-26,124.23,159.8,2.33768993730741,5.61,,
1997-03-27,123.65,159.8,2.33768993730741,5.68,,
1997-03-28,123.9,159.8,2.33768993730741,5.52,,
1997-03-31,123.72,159.8,2.33768993730741,7.07,,
1997-04-01,122.7,159.9,2.33768993730741,6.18,42128.0,63.10907
1997-04-02,122.72,159.9,2.33768993730741,5.5,42128.0,63.10907
1997-04-03,122.8,159.9,2.33768993730741,5.52,42128.0,63.10907
1997-04-04,124.27,159.9,2.33768993730741,5.32,42128.0,63.10907
1997-04-07,125.67,159.9,2.33768993730741,5.43,42128.0,63.10907
1997-04-08,126.08,159.9,2.33768993730741,5.34,42128.0,63.10907
1997-04-09,126.86,159.9,2.33768993730741,5.31,42128.0,63.10907
1997-04-10,125.95,159.9,2.33768993730741,5.51,42128.0,63.10907
1997-04-11,126.04,159.9,2.33768993730741,5.4,42128.0,63.10907
1997-04-14,126.48,159.9,2.33768993730741,5.49,42128.0,63.10907
1997-04-15,126.35,159.9,2.33768993730741,5.61,42128.0,63.10907
1997-04-16,125.75,159.9,2.33768993730741,5.56,42128.0,63.10907
1997-04-17,126.05,159.9,2.33768993730741,5.49,42128.0,63.10907
1997-04-18,125.88,159.9,2.33768993730741,5.35,42128.0,63.10907
1997-04-21,125.66,159.9,2.33768993730741,5.34,42128.0,63.10907
1997-04-22,126.25,159.9,2.33768993730741,5.5,42128.0,63.10907
1997-04-23,126.16,159.9,2.33768993730741,5.95,42128.0,63.10907
1997-04-24,125.96,159.9,2.33768993730741,5.62,42128.0,63.10907
1997-04-25,125.88,159.9,2.33768993730741,5.53,42128.0,63.10907
1997-04-28,126.68,159.9,2.33768993730741,5.72,42128.0,63.10907
1997-04-29,126.81,159.9,2.33768993730741,5.53,42128.0,63.10907
1997-04-30,127.03,159.9,2.33768993730741,5.82,42128.0,63.10907
1997-05-01,126.64,159.9,2.33768993730741,5.73,,
1997-05-02,126.57,159.9,2.33768993730741,5.47,,
1997-05-05,126.7,159.9,2.33768993730741,5.49,,
1997-05-06,125.45,159.9,2.33768993730741,5.5,,
1997-05-07,125.09,159.9,2.33768993730741,5.7,,
1997-05-08,123.85,159.9,2.33768993730741,5.66,,
1997-05-09,120.73,159.9,2.33768993730741,5.46,,
1997-05-12,118.95,159.9,2.33768993730741,5.49,,
1997-05-13,118.75,159.9,2.33768993730741,5.42,,
1997-05-14,118.33,159.9,2.33768993730741,5.45,,
1997-05-15,116.28,159.9,2.33768993730741,5.71,,
1997-05-16,115.43,159.9,2.33768993730741,5.44,,
1997-05-19,116.05,159.9,2.33768993730741,5.55,,
1997-05-20,113.8,159.9,2.33768993730741,5.51,,
1997-05-21,114.08,159.9,2.33768993730741,5.56,,
1997-05-22,115.96,159.9,2.33768993730741,5.48,,
1997-05-23,115.8,159.9,2.33768993730741,5.36,,
1997-05-26,,159.9,2.33768993730741,5.36,,
1997-05-27,116.45,159.9,2.33768993730741,5.59,,
1997-05-28,115.52,159.9,2.33768993730741,5.52,,
1997-05-29,116.21,159.9,2.33768993730741,5.56,,
1997-05-30,116.4,159.9,2.33768993730741,5.58,,
1997-06-02,116.74,160.2,2.33768993730741,5.63,,
1997-06-03,116.15,160.2,2.33768993730741,5.42,,
1997-06-04,116.3,160.2,2.33768993730741,5.4,,
1997-06-05,115.67,160.2,2.33768993730741,5.51,,
1997-06-06,115.4,160.2,2.33768993730741,5.42,,
1997-06-09,112.63,160.2,2.33768993730741,5.51,,
1997-06-10,112.6,160.2,2.33768993730741,5.59,,
1997-06-11,111.42,160.2,2.33768993730741,5.5,,
1997-06-12,113.98,160.2,2.33768993730741,5.58,,
1997-06-13,113.5,160.2,2.33768993730741,5.56,,
1997-06-16,113.49,160.2,2.33768993730741,6.22,,
1997-06-17,113.35,160.2,2.33768993730741,5.46,,
1997-06-18,113.5,160.2,2.33768993730741,5.43,,
1997-06-19,114.09,160.2,2.33768993730741,5.5,,
1997-06-20,114.62,160.2,2.33768993730741,5.39,,
1997-06-23,115.3,160.2,2.33768993730741,5.45,,
1997-06-24,114.8,160.2,2.33768993730741,5.39,,
1997-06-25,113.95,160.2,2.33768993730741,5.46,,
1997-06-26,113.23,160.2,2.33768993730741,5.5,,
1997-06-27,114.67,160.2,2.33768993730741,5.52,,
1997-06-30,114.61,160.2,2.33768993730741,6.87,,
1997-07-01,114.93,160.4,2.33768993730741,6.24,42514.0,62.48709
1997-07-02,114.52,160.4,2.33768993730741,5.54,42514.0,62.48709
1997-07-03,113.46,160.4,2.33768993730741,5.46,42514.0,62.48709
1997-07-04,,160.4,2.33768993730741,5.46,42514.0,62.48709
1997-07-07,112.6,160.4,2.33768993730741,5.62,42514.0,62.48709
1997-07-08,112.76,160.4,2.33768993730741,5.46,42514.0,62.48709
1997-07-09,112.97,160.4,2.33768993730741,5.44,42514.0,62.48709
1997-07-10,113.08,160.4,2.33768993730741,5.45,42514.0,62.48709
1997-07-11,113.88,160.4,2.33768993730741,5.33,42514.0,62.48709
1997-07-14,113.76,160.4,2.33768993730741,5.5,42514.0,62.48709
1997-07-15,115.87,160.4,2.33768993730741,5.47,42514.0,62.48709
1997-07-16,116.28,160.4,2.33768993730741,5.64,42514.0,62.48709
1997-07-17,116.13,160.4,2.33768993730741,5.49,42514.0,62.48709
1997-07-18,115.46,160.4,2.33768993730741,5.37,42514.0,62.48709
1997-07-21,115.88,160.4,2.33768993730741,5.5,42514.0,62.48709
1997-07-22,115.68,160.4,2.33768993730741,5.44,42514.0,62.48709
1997-07-23,115.85,160.4,2.33768993730741,5.48,42514.0,62.48709
1997-07-24,115.95,160.4,2.33768993730741,5.57,42514.0,62.48709
1997-07-25,116.75,160.4,2.33768993730741,5.51,42514.0,62.48709
1997-07-28,117.76,160.4,2.33768993730741,5.59,42514.0,62.48709
1997-07-29,118.0,160.4,2.33768993730741,5.52,42514.0,62.48709
1997-07-30,118.33,160.4,2.33768993730741,5.78,42514.0,62.48709
1997-07-31,118.37,160.4,2.33768993730741,5.96,42514.0,62.48709
1997-08-01,118.47,160.8,2.33768993730741,5.65,,
1997-08-04,118.34,160.8,2.33768993730741,5.53,,
1997-08-05,119.26,160.8,2.33768993730741,5.48,,
1997-08-06,118.65,160.8,2.33768993730741,5.45,,
1997-08-07,118.4,160.8,2.33768993730741,5.48,,
1997-08-08,115.3,160.8,2.33768993730741,5.34,,
1997-08-11,115.85,160.8,2.33768993730741,5.56,,
1997-08-12,116.21,160.8,2.33768993730741,5.52,,
1997-08-13,115.78,160.8,2.33768993730741,5.56,,
1997-08-14,117.75,160.8,2.33768993730741,5.63,,
1997-08-15,117.8,160.8,2.33768993730741,5.59,,
1997-08-18,117.81,160.8,2.33768993730741,5.49,,
1997-08-19,118.45,160.8,2.33768993730741,5.47,,
1997-08-20,118.08,160.8,2.33768993730741,5.8,,
1997-08-21,117.78,160.8,2.33768993730741,5.64,,
1997-08-22,117.26,160.8,2.33768993730741,5.49,,
1997-08-25,118.73,160.8,2.33768993730741,5.65,,
1997-08-26,118.32,160.8,2.33768993730741,5.62,,
1997-08-27,118.88,160.8,2.33768993730741,5.52,,
1997-08-28,118.75,160.8,2.33768993730741,5.64,,
1997-08-29,120.65,160.8,2.33768993730741,5.52,,
1997-09-01,,161.2,2.33768993730741,5.52,,
1997-09-02,121.55,161.2,2.33768993730741,6.23,,
1997-09-03,121.03,161.2,2.33768993730741,5.54,,
1997-09-04,120.72,161.2,2.33768993730741,5.48,,
1997-09-05,121.09,161.2,2.33768993730741,5.39,,
1997-09-08,121.02,161.2,2.33768993730741,5.58,,
1997-09-09,119.05,161.2,2.33768993730741,5.5,,
1997-09-10,119.26,161.2,2.33768993730741,5.61,,
1997-09-11,119.58,161.2,2.33768993730741,5.55,,
1997-09-12,120.93,161.2,2.33768993730741,5.49,,
1997-09-15,120.4,161.2,2.33768993730741,5.77,,
1997-09-16,121.1,161.2,2.33768993730741,5.52,,
1997-09-17,120.99,161.2,2.33768993730741,5.74,,
1997-09-18,121.98,161.2,2.33768993730741,5.53,,
1997-09-19,121.93,161.2,2.33768993730741,5.36,,
1997-09-22,122.25,161.2,2.33768993730741,5.51,,
1997-09-23,121.53,161.2,2.33768993730741,5.45,,
1997-09-24,120.4,161.2,2.33768993730741,5.57,,
1997-09-25,121.3,161.2,2.33768993730741,5.59,,
1997-09-26,120.87,161.2,2.33768993730741,5.44,,
1997-09-29,121.0,161.2,2.33768993730741,5.68,,
1997-09-30,120.71,161.2,2.33768993730741,5.81,,
1997-10-01,120.8,161.5,2.33768993730741,5.65,42745.0,62.77032
1997-10-02,121.8,161.5,2.33768993730741,5.52,42745.0,62.77032
1997-10-03,121.93,161.5,2.33768993730741,5.42,42745.0,62.77032
1997-10-06,121.93,161.5,2.33768993730741,5.48,42745.0,62.77032
1997-10-07,122.01,161.5,2.33768993730741,5.42,42745.0,62.77032
1997-10-08,121.09,161.5,2.33768993730741,5.52,42745.0,62.77032
1997-10-09,121.18,161.5,2.33768993730741,5.45,42745.0,62.77032
1997-10-10,120.13,161.5,2.33768993730741,5.37,42745.0,62.77032
1997-10-13,,161.5,2.33768993730741,5.37,42745.0,62.77032
1997-10-14,121.75,161.5,2.33768993730741,5.61,42745.0,62.77032
1997-10-15,121.31,161.5,2.33768993730741,5.64,42745.0,62.77032
1997-10-16,119.87,161.5,2.33768993730741,5.5,42745.0,62.77032
1997-10-17,120.19,161.5,2.33768993730741,5.47,42745.0,62.77032
1997-10-20,121.4,161.5,2.33768993730741,5.57,42745.0,62.77032
1997-10-21,120.66,161.5,2.33768993730741,5.53,42745.0,62.77032
1997-10-22,120.71,161.5,2.33768993730741,5.76,42745.0,62.77032
1997-10-23,121.67,161.5,2.33768993730741,5.57,42745.0,62.77032
1997-10-24,121.73,161.5,2.33768993730741,5.47,42745.0,62.77032
1997-10-27,121.87,161.5,2.33768993730741,5.58,42745.0,62.77032
1997-10-28,119.7,161.5,2.33768993730741,5.49,42745.0,62.77032
1997-10-29,120.53,161.5,2.33768993730741,5.43,42745.0,62.77032
1997-10-30,120.68,161.5,2.33768993730741,5.54,42745.0,62.77032
1997-10-31,120.39,161.5,2.33768993730741,5.56,42745.0,62.77032
1997-11-03,121.04,161.7,2.33768993730741,5.72,,
1997-11-04,121.83,161.7,2.33768993730741,5.54,,
1997-11-05,122.56,161.7,2.33768993730741,5.75,,
1997-11-06,123.16,161.7,2.33768993730741,5.6,,
1997-11-07,123.97,161.7,2.33768993730741,5.45,,
1997-11-10,124.15,161.7,2.33768993730741,5.5,,
1997-11-11,,161.7,2.33768993730741,5.5,,
1997-11-12,126.1,161.7,2.33768993730741,5.53,,
1997-11-13,125.93,161.7,2.33768993730741,5.5,,
1997-11-14,126.78,161.7,2.33768993730741,5.44,,
1997-11-17,125.85,161.7,2.33768993730741,5.68,,
1997-11-18,125.85,161.7,2.33768993730741,5.45,,
1997-11-19,127.22,161.7,2.33768993730741,5.59,,
1997-11-20,126.81,161.7,2.33768993730741,5.57,,
1997-11-21,125.85,161.7,2.33768993730741,5.41,,
1997-11-24,127.07,161.7,2.33768993730741,5.51,,
1997-11-25,127.45,161.7,2.33768993730741,5.55,,
1997-11-26,127.51,161.7,2.33768993730741,5.57,,
1997-11-27,,161.7,2.33768993730741,5.57,,
1997-11-28,127.74,161.7,2.33768993730741,5.5,,
1997-12-01,129.15,161.8,2.33768993730741,5.92,,
1997-12-02,128.77,161.8,2.33768993730741,5.55,,
1997-12-03,128.72,161.8,2.33768993730741,5.5,,
1997-12-04,129.4,161.8,2.33768993730741,5.51,,
1997-12-05,130.2,161.8,2.33768993730741,5.39,,
1997-12-08,130.5,161.8,2.33768993730741,5.41,,
1997-12-09,129.8,161.8,2.33768993730741,5.29,,
1997-12-10,129.09,161.8,2.33768993730741,5.43,,
1997-12-11,129.92,161.8,2.33768993730741,5.52,,
1997-12-12,130.73,161.8,2.33768993730741,5.55,,
1997-12-15,131.08,161.8,2.33768993730741,5.97,,
1997-12-16,130.87,161.8,2.33768993730741,5.56,,
1997-12-17,127.0,161.8,2.33768993730741,5.95,,
1997-12-18,128.53,161.8,2.33768993730741,5.63,,
1997-12-19,129.1,161.8,2.33768993730741,5.46,,
1997-12-22,130.38,161.8,2.33768993730741,5.55,,
1997-12-23,130.0,161.8,2.33768993730741,5.45,,
1997-12-24,130.06,161.8,2.33768993730741,5.08,,
1997-12-25,,161.8,2.33768993730741,5.08,,
1997-12-26,130.3,161.8,2.33768993730741,5.19,,
1997-12-29,130.05,161.8,2.33768993730741,5.57,,
1997-12-30,130.05,161.8,2.33768993730741,6.07,,
1997-12-31,130.45,161.8,2.33768993730741,5.84,,
1998-01-01,,162.0,1.55227909874362,5.84,43062.0,62.50988
1998-01-02,132.4,162.0,1.55227909874362,6.06,43062.0,62.50988
1998-01-05,133.99,162.0,1.55227909874362,5.51,43062.0,62.50988
1998-01-06,133.88,162.0,1.55227909874362,5.35,43062.0,62.50988
1998-01-07,131.7,162.0,1.55227909874362,5.29,43062.0,62.50988
1998-01-08,132.49,162.0,1.55227909874362,5.42,43062.0,62.50988
1998-01-09,131.52,162.0,1.55227909874362,5.48,43062.0,62.50988
1998-01-12,132.83,162.0,1.55227909874362,5.48,43062.0,62.50988
1998-01-13,131.72,162.0,1.55227909874362,5.42,43062.0,62.50988
1998-01-14,131.43,162.0,1.55227909874362,5.36,43062.0,62.50988
1998-01-15,130.41,162.0,1.55227909874362,5.6,43062.0,62.50988
1998-01-16,128.88,162.0,1.55227909874362,5.54,43062.0,62.50988
1998-01-19,,162.0,1.55227909874362,5.54,43062.0,62.50988
1998-01-20,128.8,162.0,1.55227909874362,5.52,43062.0,62.50988
1998-01-21,127.5,162.0,1.55227909874362,5.4,43062.0,62.50988
1998-01-22,127.22,162.0,1.55227909874362,5.47,43062.0,62.50988
1998-01-23,125.78,162.0,1.55227909874362,5.51,43062.0,62.50988
1998-01-26,126.64,162.0,1.55227909874362,5.62,43062.0,62.50988
1998-01-27,126.02,162.0,1.55227909874362,5.52,43062.0,62.50988
1998-01-28,125.26,162.0,1.55227909874362,5.58,43062.0,62.50988
1998-01-29,125.38,162.0,1.55227909874362,5.63,43062.0,62.50988
1998-01-30,127.1,162.0,1.55227909874362,5.48,43062.0,62.50988
1998-02-02,126.65,162.0,1.55227909874362,5.71,,
1998-02-03,126.02,162.0,1.55227909874362,5.47,,
1998-02-04,123.78,162.0,1.55227909874362,5.41,,
1998-02-05,123.31,162.0,1.55227909874362,5.45,,
1998-02-06,124.26,162.0,1.55227909874362,5.4,,
1998-02-09,124.28,162.0,1.55227909874362,5.47,,
1998-02-10,123.47,162.0,1.55227909874362,5.44,,
1998-02-11,123.53,162.0,1.55227909874362,5.48,,
1998-02-12,123.78,162.0,1.55227909874362,5.52,,
1998-02-13,125.37,162.0,1.55227909874362,5.45,,
1998-02-16,,162.0,1.55227909874362,5.45,,
1998-02-17,126.87,162.0,1.55227909874362,6.0,,
1998-02-18,126.35,162.0,1.55227909874362,5.44,,
1998-02-19,126.25,162.0,1.55227909874362,5.43,,
1998-02-20,127.73,162.0,1.55227909874362,5.46,,
1998-02-23,128.92,162.0,1.55227909874362,5.55,,
1998-02-24,128.15,162.0,1.55227909874362,5.49,,
1998-02-25,128.62,162.0,1.55227909874362,5.69,,
1998-02-26,127.72,162.0,1.55227909874362,5.61,,
1998-02-27,126.12,162.0,1.55227909874362,5.57,,
1998-03-02,125.38,162.0,1.55227909874362,5.82,,
1998-03-03,126.05,162.0,1.55227909874362,5.57,,
1998-03-04,126.79,162.0,1.55227909874362,5.46,,
1998-03-05,127.61,162.0,1.55227909874362,5.48,,
1998-03-06,128.42,162.0,1.55227909874362,5.41,,
1998-03-09,127.78,162.0,1.55227909874362,5.5,,
1998-03-10,127.63,162.0,1.55227909874362,5.44,,
1998-03-11,129.3,162.0,1.55227909874362,5.52,,
1998-03-12,129.25,162.0,1.55227909874362,5.52,,
1998-03-13,128.23,162.0,1.55227909874362,5.43,,
1998-03-16,129.4,162.0,1.55227909874362,5.64,,
1998-03-17,129.41,162.0,1.55227909874362,5.47,,
1998-03-18,130.17,162.0,1.55227909874362,5.35,,
1998-03-19,130.43,162.0,1.55227909874362,5.39,,
1998-03-20,130.34,162.0,1.55227909874362,5.34,,
1998-03-23,130.28,162.0,1.55227909874362,5.41,,
1998-03-24,130.25,162.0,1.55227909874362,5.41,,
1998-03-25,128.76,162.0,1.55227909874362,5.75,,
1998-03-26,128.71,162.0,1.55227909874362,5.55,,
1998-03-27,130.17,162.0,1.55227909874362,5.47,,
1998-03-30,132.16,162.0,1.55227909874362,5.62,,
1998-03-31,133.29,162.0,1.55227909874362,5.88,,
1998-04-01,133.76,162.2,1.55227909874362,5.72,43342.0,61.85196
1998-04-02,133.5,162.2,1.55227909874362,5.45,43342.0,61.85196
1998-04-03,135.05,162.2,1.55227909874362,5.47,43342.0,61.85196
1998-04-06,134.71,162.2,1.55227909874362,5.46,43342.0,61.85196
1998-04-07,133.68,162.2,1.55227909874362,5.4,43342.0,61.85196
1998-04-08,132.64,162.2,1.55227909874362,5.64,43342.0,61.85196
1998-04-09,130.21,162.2,1.55227909874362,5.5,43342.0,61.85196
1998-04-10,128.96,162.2,1.55227909874362,5.41,43342.0,61.85196
1998-04-13,129.52,162.2,1.55227909874362,5.52,43342.0,61.85196
1998-04-14,129.35,162.2,1.55227909874362,5.47,43342.0,61.85196
1998-04-15,129.45,162.2,1.55227909874362,5.56,43342.0,61.85196
1998-04-16,131.78,162.2,1.55227909874362,5.5,43342.0,61.85196
1998-04-17,131.85,162.2,1.55227909874362,5.36,43342.0,61.85196
1998-04-20,132.23,162.2,1.55227909874362,5.36,43342.0,61.85196
1998-04-21,131.33,162.2,1.55227909874362,5.37,43342.0,61.85196
1998-04-22,130.77,162.2,1.55227909874362,5.29,43342.0,61.85196
1998-04-23,130.19,162.2,1.55227909874362,5.46,43342.0,61.85196
1998-04-24,130.9,162.2,1.55227909874362,5.43,43342.0,61.85196
1998-04-27,132.09,162.2,1.55227909874362,5.45,43342.0,61.85196
1998-04-28,132.19,162.2,1.55227909874362,5.28,43342.0,61.85196
1998-04-29,132.05,162.2,1.55227909874362,5.33,43342.0,61.85196
1998-04-30,132.37,162.2,1.55227909874362,5.59,43342.0,61.85196
1998-05-01,133.01,162.6,1.55227909874362,5.46,,
1998-05-04,132.98,162.6,1.55227909874362,5.22,,
1998-05-05,131.74,162.6,1.55227909874362,5.22,,
1998-05-06,132.73,162.6,1.55227909874362,5.04,,
1998-05-07,133.09,162.6,1.55227909874362,5.34,,
1998-05-08,132.88,162.6,1.55227909874362,5.47,,
1998-05-11,132.84,162.6,1.55227909874362,5.53,,
1998-05-12,134.0,162.6,1.55227909874362,5.54,,
1998-05-13,134.18,162.6,1.55227909874362,5.58,,
1998-05-14,134.23,162.6,1.55227909874362,5.66,,
1998-05-15,134.39,162.6,1.55227909874362,5.72,,
1998-05-18,135.95,162.6,1.55227909874362,5.52,,
1998-05-19,136.34,162.6,1.55227909874362,5.35,,
1998-05-20,135.99,162.6,1.55227909874362,5.52,,
1998-05-21,135.65,162.6,1.55227909874362,5.49,,
1998-05-22,135.77,162.6,1.55227909874362,5.38,,
1998-05-25,,162.6,1.55227909874362,5.38,,
1998-05-26,137.38,162.6,1.55227909874362,5.62,,
1998-05-27,137.36,162.6,1.55227909874362,5.53,,
1998-05-28,138.91,162.6,1.55227909874362,5.63,,
1998-05-29,138.5,162.6,1.55227909874362,5.63,,
1998-06-01,139.57,162.8,1.55227909874362,5.79,,
1998-06-02,138.97,162.8,1.55227909874362,5.5,,
1998-06-03,138.34,162.8,1.55227909874362,5.6,,
1998-06-04,138.4,162.8,1.55227909874362,5.55,,
1998-06-05,139.66,162.8,1.55227909874362,5.38,,
1998-06-08,140.58,162.8,1.55227909874362,5.44,,
1998-06-09,140.25,162.8,1.55227909874362,5.38,,
1998-06-10,141.52,162.8,1.55227909874362,5.53,,
1998-06-11,143.25,162.8,1.55227909874362,5.62,,
1998-06-12,144.36,162.8,1.55227909874362,5.53,,
1998-06-15,146.42,162.8,1.55227909874362,5.78,,
1998-06-16,144.05,162.8,1.55227909874362,5.55,,
1998-06-17,137.68,162.8,1.55227909874362,5.55,,
1998-06-18,137.61,162.8,1.55227909874362,5.54,,
1998-06-19,134.2,162.8,1.55227909874362,5.36,,
1998-06-22,137.9,162.8,1.55227909874362,5.42,,
1998-06-23,139.13,162.8,1.55227909874362,5.36,,
1998-06-24,140.75,162.8,1.55227909874362,5.54,,
1998-06-25,141.67,162.8,1.55227909874362,5.64,,
1998-06-26,142.75,162.8,1.55227909874362,5.47,,
1998-06-29,141.92,162.8,1.55227909874362,5.69,,
1998-06-30,138.29,162.8,1.55227909874362,7.06,,
1998-07-01,138.65,163.2,1.55227909874362,6.35,43748.0,60.58693
1998-07-02,141.44,163.2,1.55227909874362,5.62,43748.0,60.58693
1998-07-03,139.35,163.2,1.55227909874362,5.41,43748.0,60.58693
1998-07-06,140.18,163.2,1.55227909874362,5.54,43748.0,60.58693
1998-07-07,138.78,163.2,1.55227909874362,5.46,43748.0,60.58693
1998-07-08,139.6,163.2,1.55227909874362,5.44,43748.0,60.58693
1998-07-09,141.3,163.2,1.55227909874362,5.51,43748.0,60.58693
1998-07-10,141.05,163.2,1.55227909874362,5.43,43748.0,60.58693
1998-07-13,140.98,163.2,1.55227909874362,5.5,43748.0,60.58693
1998-07-14,139.84,163.2,1.55227909874362,5.45,43748.0,60.58693
1998-07-15,140.67,163.2,1.55227909874362,5.7,43748.0,60.58693
1998-07-16,140.25,163.2,1.55227909874362,5.57,43748.0,60.58693
1998-07-17,139.6,163.2,1.55227909874362,5.42,43748.0,60.58693
1998-07-20,138.85,163.2,1.55227909874362,5.65,43748.0,60.58693
1998-07-21,140.39,163.2,1.55227909874362,5.51,43748.0,60.58693
1998-07-22,141.1,163.2,1.55227909874362,5.48,43748.0,60.58693
1998-07-23,141.54,163.2,1.55227909874362,5.55,43748.0,60.58693
1998-07-24,140.93,163.2,1.55227909874362,5.53,43748.0,60.58693
1998-07-27,142.24,163.2,1.55227909874362,5.68,43748.0,60.58693
1998-07-28,141.75,163.2,1.55227909874362,5.5,43748.0,60.58693
1998-07-29,142.46,163.2,1.55227909874362,5.49,43748.0,60.58693
1998-07-30,142.51,163.2,1.55227909874362,5.61,43748.0,60.58693
1998-07-31,144.65,163.2,1.55227909874362,5.63,43748.0,60.58693
1998-08-03,145.8,163.4,1.55227909874362,5.69,,
1998-08-04,144.84,163.4,1.55227909874362,5.54,,
1998-08-05,144.38,163.4,1.55227909874362,5.53,,
1998-08-06,144.6,163.4,1.55227909874362,5.54,,
1998-08-07,146.3,163.4,1.55227909874362,5.44,,
1998-08-10,146.54,163.4,1.55227909874362,5.56,,
1998-08-11,147.14,163.4,1.55227909874362,5.47,,
1998-08-12,146.09,163.4,1.55227909874362,5.58,,
1998-08-13,145.05,163.4,1.55227909874362,5.6,,
1998-08-14,146.37,163.4,1.55227909874362,5.56,,
1998-08-17,145.78,163.4,1.55227909874362,5.8,,
1998-08-18,145.02,163.4,1.55227909874362,5.54,,
1998-08-19,143.85,163.4,1.55227909874362,5.48,,
1998-08-20,142.6,163.4,1.55227909874362,5.51,,
1998-08-21,144.94,163.4,1.55227909874362,5.46,,
1998-08-24,143.96,163.4,1.55227909874362,5.51,,
1998-08-25,144.94,163.4,1.55227909874362,5.5,,
1998-08-26,144.43,163.4,1.55227909874362,5.49,,
1998-08-27,142.2,163.4,1.55227909874362,5.55,,
1998-08-28,142.55,163.4,1.55227909874362,5.51,,
1998-08-31,140.9,163.4,1.55227909874362,5.89,,
1998-09-01,136.23,163.5,1.55227909874362,5.75,,
1998-09-02,137.76,163.5,1.55227909874362,5.53,,
1998-09-03,134.82,163.5,1.55227909874362,5.52,,
1998-09-04,133.99,163.5,1.55227909874362,5.41,,
1998-09-07,,163.5,1.55227909874362,5.41,,
1998-09-08,132.1,163.5,1.55227909874362,5.66,,
1998-09-09,136.45,163.5,1.55227909874362,5.45,,
1998-09-10,134.32,163.5,1.55227909874362,5.55,,
1998-09-11,131.05,163.5,1.55227909874362,5.46,,
1998-09-14,133.22,163.5,1.55227909874362,5.65,,
1998-09-15,133.05,163.5,1.55227909874362,5.71,,
1998-09-16,134.92,163.5,1.55227909874362,5.49,,
1998-09-17,131.88,163.5,1.55227909874362,5.47,,
1998-09-18,132.63,163.5,1.55227909874362,5.38,,
1998-09-21,133.4,163.5,1.55227909874362,5.47,,
1998-09-22,135.2,163.5,1.55227909874362,5.38,,
1998-09-23,136.45,163.5,1.55227909874362,5.48,,
1998-09-24,135.33,163.5,1.55227909874362,5.42,,
1998-09-25,135.1,163.5,1.55227909874362,5.51,,
1998-09-28,135.7,163.5,1.55227909874362,5.55,,
1998-09-29,133.9,163.5,1.55227909874362,5.44,,
1998-09-30,136.59,163.5,1.55227909874362,6.14,,
1998-10-01,135.75,163.9,1.55227909874362,5.73,44321.0,60.40696
1998-10-02,135.6,163.9,1.55227909874362,5.39,44321.0,60.40696
1998-10-05,134.54,163.9,1.55227909874362,5.45,44321.0,60.40696
1998-10-06,131.15,163.9,1.55227909874362,4.65,44321.0,60.40696
1998-10-07,123.97,163.9,1.55227909874362,4.57,44321.0,60.40696
1998-10-08,118.85,163.9,1.55227909874362,5.15,44321.0,60.40696
1998-10-09,117.0,163.9,1.55227909874362,5.02,44321.0,60.40696
1998-10-12,,163.9,1.55227909874362,5.02,44321.0,60.40696
1998-10-13,118.85,163.9,1.55227909874362,5.4,44321.0,60.40696
1998-10-14,119.27,163.9,1.55227909874362,5.33,44321.0,60.40696
1998-10-15,117.5,163.9,1.55227909874362,5.49,44321.0,60.40696
1998-10-16,115.45,163.9,1.55227909874362,4.73,44321.0,60.40696
1998-10-19,114.46,163.9,1.55227909874362,4.79,44321.0,60.40696
1998-10-20,118.09,163.9,1.55227909874362,4.8,44321.0,60.40696
1998-10-21,116.85,163.9,1.55227909874362,4.83,44321.0,60.40696
1998-10-22,117.88,163.9,1.55227909874362,4.96,44321.0,60.40696
1998-10-23,118.06,163.9,1.55227909874362,4.86,44321.0,60.40696
1998-10-26,118.84,163.9,1.55227909874362,5.03,44321.0,60.40696
1998-10-27,118.6,163.9,1.55227909874362,5.0,44321.0,60.40696
1998-10-28,117.56,163.9,1.55227909874362,5.06,44321.0,60.40696
1998-10-29,117.3,163.9,1.55227909874362,5.24,44321.0,60.40696
1998-10-30,116.45,163.9,1.55227909874362,5.35,44321.0,60.40696
1998-11-02,114.52,164.1,1.55227909874362,5.35,,
1998-11-03,115.5,164.1,1.55227909874362,5.04,,
1998-11-04,116.55,164.1,1.55227909874362,4.85,,
1998-11-05,117.45,164.1,1.55227909874362,5.05,,
1998-11-06,118.73,164.1,1.55227909874362,4.64,,
1998-11-09,121.98,164.1,1.55227909874362,4.95,,
1998-11-10,122.88,164.1,1.55227909874362,4.84,,
1998-11-11,,164.1,1.55227909874362,4.84,,
1998-11-12,122.77,164.1,1.55227909874362,5.13,,
1998-11-13,122.68,164.1,1.55227909874362,4.98,,
1998-11-16,119.7,164.1,1.55227909874362,5.45,,
1998-11-17,121.3,164.1,1.55227909874362,4.61,,
1998-11-18,121.44,164.1,1.55227909874362,4.07,,
1998-11-19,119.65,164.1,1.55227909874362,4.38,,
1998-11-20,120.32,164.1,1.55227909874362,4.4,,
1998-11-23,120.93,164.1,1.55227909874362,4.58,,
1998-11-24,120.85,164.1,1.55227909874362,4.64,,
1998-11-25,121.8,164.1,1.55227909874362,4.98,,
1998-11-26,,164.1,1.55227909874362,4.98,,
1998-11-27,123.24,164.1,1.55227909874362,4.84,,
1998-11-30,123.21,164.1,1.55227909874362,5.11,,
1998-12-01,122.2,164.4,1.55227909874362,4.82,,
1998-12-02,120.17,164.4,1.55227909874362,4.58,,
1998-12-03,118.79,164.4,1.55227909874362,4.66,,
1998-12-04,119.35,164.4,1.55227909874362,4.67,,
1998-12-07,119.63,164.4,1.55227909874362,4.71,,
1998-12-08,119.55,164.4,1.55227909874362,4.66,,
1998-12-09,118.08,164.4,1.55227909874362,4.7,,
1998-12-10,117.07,164.4,1.55227909874362,4.97,,
1998-12-11,116.78,164.4,1.55227909874362,4.91,,
1998-12-14,115.08,164.4,1.55227909874362,5.09,,
1998-12-15,116.73,164.4,1.55227909874362,5.1,,
1998-12-16,115.68,164.4,1.55227909874362,4.91,,
1998-12-17,116.33,164.4,1.55227909874362,4.8,,
1998-12-18,115.67,164.4,1.55227909874362,4.67,,
1998-12-21,116.08,164.4,1.55227909874362,4.72,,
1998-12-22,116.85,164.4,1.55227909874362,4.63,,
1998-12-23,116.02,164.4,1.55227909874362,4.66,,
1998-12-24,116.24,164.4,1.55227909874362,4.27,,
1998-12-25,,164.4,1.55227909874362,4.27,,
1998-12-28,115.88,164.4,1.55227909874362,4.88,,
1998-12-29,115.42,164.4,1.55227909874362,4.6,,
1998-12-30,114.88,164.4,1.55227909874362,4.8,,
1998-12-31,113.08,164.4,1.55227909874362,4.07,,
1999-01-01,,164.7,2.18802719697358,4.07,44627.0,60.04894
1999-01-04,112.15,164.7,2.18802719697358,5.04,44627.0,60.04894
1999-01-05,111.15,164.7,2.18802719697358,4.54,44627.0,60.04894
1999-01-06,112.78,164.7,2.18802719697358,4.23,44627.0,60.04894
1999-01-07,111.69,164.7,2.18802719697358,4.49,44627.0,60.04894
1999-01-08,111.52,164.7,2.18802719697358,4.74,44627.0,60.04894
1999-01-11,108.83,164.7,2.18802719697358,5.17,44627.0,60.04894
1999-01-12,112.07,164.7,2.18802719697358,4.78,44627.0,60.04894
1999-01-13,113.46,164.7,2.18802719697358,4.62,44627.0,60.04894
1999-01-14,113.25,164.7,2.18802719697358,4.82,44627.0,60.04894
1999-01-15,114.19,164.7,2.18802719697358,4.68,44627.0,60.04894
1999-01-18,,164.7,2.18802719697358,4.68,44627.0,60.04894
1999-01-19,113.76,164.7,2.18802719697358,4.55,44627.0,60.04894
1999-01-20,113.45,164.7,2.18802719697358,4.41,44627.0,60.04894
1999-01-21,113.75,164.7,2.18802719697358,4.36,44627.0,60.04894
1999-01-22,114.65,164.7,2.18802719697358,4.62,44627.0,60.04894
1999-01-25,113.8,164.7,2.18802719697358,4.97,44627.0,60.04894
1999-01-26,114.03,164.7,2.18802719697358,4.84,44627.0,60.04894
1999-01-27,115.62,164.7,2.18802719697358,4.61,44627.0,60.04894
1999-01-28,116.36,164.7,2.18802719697358,4.8,44627.0,60.04894
1999-01-29,116.0,164.7,2.18802719697358,4.79,44627.0,60.04894
1999-02-01,115.09,164.7,2.18802719697358,4.86,,
1999-02-02,112.12,164.7,2.18802719697358,4.56,,
1999-02-03,112.46,164.7,2.18802719697358,4.65,,
1999-02-04,112.03,164.7,2.18802719697358,4.88,,
1999-02-05,113.14,164.7,2.18802719697358,4.76,,
1999-02-08,114.38,164.7,2.18802719697358,4.85,,
1999-02-09,114.42,164.7,2.18802719697358,4.73,,
1999-02-10,114.45,164.7,2.18802719697358,4.66,,
1999-02-11,114.7,164.7,2.18802719697358,4.73,,
1999-02-12,114.32,164.7,2.18802719697358,4.68,,
1999-02-15,,164.7,2.18802719697358,4.68,,
1999-02-16,118.08,164.7,2.18802719697358,5.09,,
1999-02-17,119.03,164.7,2.18802719697358,4.73,,
1999-02-18,119.82,164.7,2.18802719697358,4.71,,
1999-02-19,121.0,164.7,2.18802719697358,4.72,,
1999-02-22,120.35,164.7,2.18802719697358,4.78,,
1999-02-23,121.45,164.7,2.18802719697358,4.73,,
1999-02-24,121.9,164.7,2.18802719697358,4.88,,
1999-02-25,119.26,164.7,2.18802719697358,4.89,,
1999-02-26,118.7,164.7,2.18802719697358,4.84,,
1999-03-01,119.79,164.8,2.18802719697358,5.1,,
1999-03-02,120.47,164.8,2.18802719697358,4.73,,
1999-03-03,121.68,164.8,2.18802719697358,4.74,,
1999-03-04,123.5,164.8,2.18802719697358,4.8,,
1999-03-05,122.57,164.8,2.18802719697358,4.8,,
1999-03-08,121.73,164.8,2.18802719697358,4.83,,
1999-03-09,121.4,164.8,2.18802719697358,4.74,,
1999-03-10,119.84,164.8,2.18802719697358,4.82,,
1999-03-11,119.57,164.8,2.18802719697358,4.8,,
1999-03-12,118.99,164.8,2.18802719697358,4.74,,
1999-03-15,117.7,164.8,2.18802719697358,5.01,,
1999-03-16,117.74,164.8,2.18802719697358,4.77,,
1999-03-17,118.15,164.8,2.18802719697358,4.73,,
1999-03-18,117.53,164.8,2.18802719697358,4.72,,
1999-03-19,117.05,164.8,2.18802719697358,4.75,,
1999-03-22,118.14,164.8,2.18802719697358,4.81,,
1999-03-23,118.02,164.8,2.18802719697358,4.79,,
1999-03-24,117.35,164.8,2.18802719697358,4.93,,
1999-03-25,118.05,164.8,2.18802719697358,4.97,,
1999-03-26,120.3,164.8,2.18802719697358,4.78,,
1999-03-29,119.78,164.8,2.18802719697358,4.84,,
1999-03-30,120.1,164.8,2.18802719697358,4.77,,
1999-03-31,118.43,164.8,2.18802719697358,4.98,,
1999-04-01,120.19,165.9,2.18802719697358,5.41,44876.0,59.19227
1999-04-02,120.6,165.9,2.18802719697358,4.69,44876.0,59.19227
1999-04-05,122.0,165.9,2.18802719697358,4.76,44876.0,59.19227
1999-04-06,120.74,165.9,2.18802719697358,4.7,44876.0,59.19227
1999-04-07,121.34,165.9,2.18802719697358,4.64,44876.0,59.19227
1999-04-08,120.85,165.9,2.18802719697358,4.72,44876.0,59.19227
1999-04-09,121.09,165.9,2.18802719697358,4.65,44876.0,59.19227
1999-04-12,120.14,165.9,2.18802719697358,4.69,44876.0,59.19227
1999-04-13,120.04,165.9,2.18802719697358,4.66,44876.0,59.19227
1999-04-14,118.89,165.9,2.18802719697358,4.72,44876.0,59.19227
1999-04-15,119.04,165.9,2.18802719697358,4.77,44876.0,59.19227
1999-04-16,117.86,165.9,2.18802719697358,4.62,44876.0,59.19227
1999-04-19,117.99,165.9,2.18802719697358,4.6,44876.0,59.19227
1999-04-20,118.18,165.9,2.18802719697358,4.49,44876.0,59.19227
1999-04-21,119.76,165.9,2.18802719697358,4.58,44876.0,59.19227
1999-04-22,119.84,165.9,2.18802719697358,4.65,44876.0,59.19227
1999-04-23,119.26,165.9,2.18802719697358,4.71,44876.0,59.19227
1999-04-26,119.13,165.9,2.18802719697358,5.09,44876.0,59.19227
1999-04-27,120.23,165.9,2.18802719697358,4.83,44876.0,59.19227
1999-04-28,119.13,165.9,2.18802719697358,4.83,44876.0,59.19227
1999-04-29,119.26,165.9,2.18802719697358,4.91,44876.0,59.19227
1999-04-30,119.43,165.9,2.18802719697358,5.03,44876.0,59.19227
1999-05-03,120.14,166.0,2.18802719697358,5.01,,
1999-05-04,120.94,166.0,2.18802719697358,4.71,,
1999-05-05,120.91,166.0,2.18802719697358,4.6,,
1999-05-06,120.77,166.0,2.18802719697358,4.77,,
1999-05-07,120.78,166.0,2.18802719697358,4.67,,
1999-05-10,120.68,166.0,2.18802719697358,4.69,,
1999-05-11,120.96,166.0,2.18802719697358,4.69,,
1999-05-12,120.86,166.0,2.18802719697358,4.72,,
1999-05-13,121.67,166.0,2.18802719697358,4.78,,
1999-05-14,122.64,166.0,2.18802719697358,4.81,,
1999-05-17,123.27,166.0,2.18802719697358,5.01,,
1999-05-18,123.24,166.0,2.18802719697358,4.64,,
1999-05-19,124.45,166.0,2.18802719697358,4.48,,
1999-05-20,124.15,166.0,2.18802719697358,4.75,,
1999-05-21,123.9,166.0,2.18802719697358,4.67,,
1999-05-24,123.57,166.0,2.18802719697358,4.73,,
1999-05-25,122.88,166.0,2.18802719697358,4.8,,
1999-05-26,122.03,166.0,2.18802719697358,4.81,,
1999-05-27,121.27,166.0,2.18802719697358,4.87,,
1999-05-28,120.88,166.0,2.18802719697358,4.61,,
1999-05-31,,166.0,2.18802719697358,4.61,,
1999-06-01,120.75,166.0,2.18802719697358,4.78,,
1999-06-02,121.14,166.0,2.18802719697358,4.45,,
1999-06-03,121.5,166.0,2.18802719697358,4.77,,
1999-06-04,121.99,166.0,2.18802719697358,4.69,,
1999-06-07,121.31,166.0,2.18802719697358,4.73,,
1999-06-08,119.88,166.0,2.18802719697358,4.68,,
1999-06-09,119.2,166.0,2.18802719697358,4.72,,
1999-06-10,118.85,166.0,2.18802719697358,4.79,,
1999-06-11,118.14,166.0,2.18802719697358,4.74,,
1999-06-14,120.4,166.0,2.18802719697358,4.74,,
1999-06-15,120.63,166.0,2.18802719697358,4.67,,
1999-06-16,120.03,166.0,2.18802719697358,4.71,,
1999-06-17,119.47,166.0,2.18802719697358,4.73,,
1999-06-18,120.48,166.0,2.18802719697358,4.69,,
1999-06-21,122.28,166.0,2.18802719697358,4.74,,
1999-06-22,121.68,166.0,2.18802719697358,4.69,,
1999-06-23,122.05,166.0,2.18802719697358,4.71,,
1999-06-24,121.83,166.0,2.18802719697358,4.87,,
1999-06-25,121.28,166.0,2.18802719697358,4.91,,
1999-06-28,121.3,166.0,2.18802719697358,5.04,,
1999-06-29,120.81,166.0,2.18802719697358,4.91,,
1999-06-30,120.94,166.0,2.18802719697358,5.12,,
1999-07-01,120.99,166.7,2.18802719697358,5.76,45326.0,58.39258
1999-07-02,121.13,166.7,2.18802719697358,4.82,45326.0,58.39258
1999-07-05,,166.7,2.18802719697358,4.82,45326.0,58.39258
1999-07-06,121.94,166.7,2.18802719697358,5.03,45326.0,58.39258
1999-07-07,122.19,166.7,2.18802719697358,4.92,45326.0,58.39258
1999-07-08,122.57,166.7,2.18802719697358,4.94,45326.0,58.39258
1999-07-09,122.37,166.7,2.18802719697358,4.98,45326.0,58.39258
1999-07-12,122.22,166.7,2.18802719697358,5.01,45326.0,58.39258
1999-07-13,121.38,166.7,2.18802719697358,4.9,45326.0,58.39258
1999-07-14,120.58,166.7,2.18802719697358,4.99,45326.0,58.39258
1999-07-15,120.49,166.7,2.18802719697358,5.14,45326.0,58.39258
1999-07-16,120.98,166.7,2.18802719697358,4.92,45326.0,58.39258
1999-07-19,119.18,166.7,2.18802719697358,4.97,45326.0,58.39258
1999-07-20,118.94,166.7,2.18802719697358,4.92,45326.0,58.39258
1999-07-21,118.25,166.7,2.18802719697358,4.96,45326.0,58.39258
1999-07-22,117.27,166.7,2.18802719697358,5.06,45326.0,58.39258
1999-07-23,116.51,166.7,2.18802719697358,5.0,45326.0,58.39258
1999-07-26,116.66,166.7,2.18802719697358,5.09,45326.0,58.39258
1999-07-27,116.23,166.7,2.18802719697358,4.91,45326.0,58.39258
1999-07-28,116.17,166.7,2.18802719697358,4.98,45326.0,58.39258
1999-07-29,115.19,166.7,2.18802719697358,5.12,45326.0,58.39258
1999-07-30,114.7,166.7,2.18802719697358,5.07,45326.0,58.39258
1999-08-02,114.51,167.1,2.18802719697358,5.18,,
1999-08-03,115.1,167.1,2.18802719697358,4.98,,
1999-08-04,114.2,167.1,2.18802719697358,4.94,,
1999-08-05,113.98,167.1,2.18802719697358,5.0,,
1999-08-06,114.6,167.1,2.18802719697358,4.93,,
1999-08-09,115.37,167.1,2.18802719697358,4.99,,
1999-08-10,114.44,167.1,2.18802719697358,4.92,,
1999-08-11,115.1,167.1,2.18802719697358,5.05,,
1999-08-12,115.76,167.1,2.18802719697358,5.1,,
1999-08-13,115.66,167.1,2.18802719697358,5.01,,
1999-08-16,114.83,167.1,2.18802719697358,5.24,,
1999-08-17,114.18,167.1,2.18802719697358,4.94,,
1999-08-18,112.3,167.1,2.18802719697358,4.89,,
1999-08-19,111.14,167.1,2.18802719697358,4.97,,
1999-08-20,111.44,167.1,2.18802719697358,4.95,,
1999-08-23,111.73,167.1,2.18802719697358,5.06,,
1999-08-24,111.53,167.1,2.18802719697358,5.08,,
1999-08-25,111.18,167.1,2.18802719697358,5.2,,
1999-08-26,111.83,167.1,2.18802719697358,5.3,,
1999-08-27,111.68,167.1,2.18802719697358,5.24,,
1999-08-30,111.13,167.1,2.18802719697358,5.37,,
1999-08-31,109.3,167.1,2.18802719697358,5.57,,
1999-09-01,109.35,167.8,2.18802719697358,5.41,,
1999-09-02,109.24,167.8,2.18802719697358,5.26,,
1999-09-03,110.09,167.8,2.18802719697358,5.09,,
1999-09-06,,167.8,2.18802719697358,5.09,,
1999-09-07,110.92,167.8,2.18802719697358,5.33,,
1999-09-08,110.99,167.8,2.18802719697358,5.17,,
1999-09-09,108.0,167.8,2.18802719697358,5.24,,
1999-09-10,109.0,167.8,2.18802719697358,5.17,,
1999-09-13,106.19,167.8,2.18802719697358,5.27,,
1999-09-14,105.33,167.8,2.18802719697358,5.26,,
1999-09-15,103.78,167.8,2.18802719697358,5.41,,
1999-09-16,105.1,167.8,2.18802719697358,5.23,,
1999-09-17,106.94,167.8,2.18802719697358,5.11,,
1999-09-20,106.42,167.8,2.18802719697358,5.2,,
1999-09-21,104.85,167.8,2.18802719697358,5.12,,
1999-09-22,104.03,167.8,2.18802719697358,5.21,,
1999-09-23,104.18,167.8,2.18802719697358,5.29,,
1999-09-24,104.14,167.8,2.18802719697358,5.23,,
1999-09-27,106.07,167.8,2.18802719697358,5.35,,
1999-09-28,106.14,167.8,2.18802719697358,5.32,,
1999-09-29,106.8,167.8,2.18802719697358,5.26,,
1999-09-30,106.82,167.8,2.18802719697358,5.51,,
1999-10-01,105.08,168.1,2.18802719697358,5.26,45932.0,58.34336
1999-10-04,106.35,168.1,2.18802719697358,5.23,45932.0,58.34336
1999-10-05,106.96,168.1,2.18802719697358,5.16,45932.0,58.34336
1999-10-06,107.54,168.1,2.18802719697358,5.21,45932.0,58.34336
1999-10-07,107.67,168.1,2.18802719697358,5.28,45932.0,58.34336
1999-10-08,107.38,168.1,2.18802719697358,5.1,45932.0,58.34336
1999-10-11,,168.1,2.18802719697358,5.1,45932.0,58.34336
1999-10-12,106.28,168.1,2.18802719697358,5.3,45932.0,58.34336
1999-10-13,107.45,168.1,2.18802719697358,5.2,45932.0,58.34336
1999-10-14,106.96,168.1,2.18802719697358,5.22,45932.0,58.34336
1999-10-15,105.43,168.1,2.18802719697358,5.28,45932.0,58.34336
1999-10-18,104.93,168.1,2.18802719697358,5.2,45932.0,58.34336
1999-10-19,105.5,168.1,2.18802719697358,5.07,45932.0,58.34336
1999-10-20,106.16,168.1,2.18802719697358,4.92,45932.0,58.34336
1999-10-21,105.96,168.1,2.18802719697358,5.2,45932.0,58.34336
1999-10-22,105.81,168.1,2.18802719697358,5.11,45932.0,58.34336
1999-10-25,105.35,168.1,2.18802719697358,5.23,45932.0,58.34336
1999-10-26,104.83,168.1,2.18802719697358,5.22,45932.0,58.34336
1999-10-27,104.24,168.1,2.18802719697358,5.29,45932.0,58.34336
1999-10-28,105.13,168.1,2.18802719697358,5.31,45932.0,58.34336
1999-10-29,104.29,168.1,2.18802719697358,5.27,45932.0,58.34336
1999-11-01,104.19,168.4,2.18802719697358,5.38,,
1999-11-02,104.15,168.4,2.18802719697358,5.18,,
1999-11-03,105.0,168.4,2.18802719697358,5.21,,
1999-11-04,104.48,168.4,2.18802719697358,5.27,,
1999-11-05,106.33,168.4,2.18802719697358,5.14,,
1999-11-08,105.77,168.4,2.18802719697358,5.23,,
1999-11-09,104.86,168.4,2.18802719697358,5.22,,
1999-11-10,104.58,168.4,2.18802719697358,5.27,,
1999-11-11,,168.4,2.18802719697358,5.27,,
1999-11-12,105.34,168.4,2.18802719697358,5.45,,
1999-11-15,104.88,168.4,2.18802719697358,5.64,,
1999-11-16,105.83,168.4,2.18802719697358,5.4,,
1999-11-17,105.47,168.4,2.18802719697358,5.41,,
1999-11-18,105.85,168.4,2.18802719697358,5.49,,
1999-11-19,106.13,168.4,2.18802719697358,5.43,,
1999-11-22,104.87,168.4,2.18802719697358,5.53,,
1999-11-23,104.2,168.4,2.18802719697358,5.59,,
1999-11-24,104.62,168.4,2.18802719697358,5.72,,
1999-11-25,,168.4,2.18802719697358,5.72,,
1999-11-26,102.19,168.4,2.18802719697358,5.59,,
1999-11-29,102.43,168.4,2.18802719697358,5.61,,
1999-11-30,101.8,168.4,2.18802719697358,5.63,,
1999-12-01,102.37,168.8,2.18802719697358,5.71,,
1999-12-02,102.69,168.8,2.18802719697358,5.58,,
1999-12-03,102.55,168.8,2.18802719697358,5.42,,
1999-12-06,103.1,168.8,2.18802719697358,5.48,,
1999-12-07,102.39,168.8,2.18802719697358,5.42,,
1999-12-08,102.97,168.8,2.18802719697358,5.42,,
1999-12-09,102.57,168.8,2.18802719697358,5.51,,
1999-12-10,102.4,168.8,2.18802719697358,5.42,,
1999-12-13,103.26,168.8,2.18802719697358,5.46,,
1999-12-14,103.47,168.8,2.18802719697358,5.31,,
1999-12-15,103.54,168.8,2.18802719697358,5.56,,
1999-12-16,103.04,168.8,2.18802719697358,5.54,,
1999-12-17,103.27,168.8,2.18802719697358,5.4,,
1999-12-20,102.72,168.8,2.18802719697358,5.54,,
1999-12-21,102.06,168.8,2.18802719697358,5.52,,
1999-12-22,101.53,168.8,2.18802719697358,5.45,,
1999-12-23,101.73,168.8,2.18802719697358,5.4,,
1999-12-24,102.95,168.8,2.18802719697358,4.96,,
1999-12-27,102.1,168.8,2.18802719697358,5.33,,
1999-12-28,102.19,168.8,2.18802719697358,4.86,,
1999-12-29,102.05,168.8,2.18802719697358,4.61,,
1999-12-30,102.33,168.8,2.18802719697358,4.88,,
1999-12-31,102.16,168.8,2.18802719697358,3.99,,
2000-01-03,101.7,169.3,3.37685727149935,5.43,45983.0,57.72134
2000-01-04,103.09,169.3,3.37685727149935,5.38,45983.0,57.72134
2000-01-05,103.77,169.3,3.37685727149935,5.41,45983.0,57.72134
2000-01-06,105.19,169.3,3.37685727149935,5.54,45983.0,57.72134
2000-01-07,105.17,169.3,3.37685727149935,5.61,45983.0,57.72134
2000-01-10,105.28,169.3,3.37685727149935,5.74,45983.0,57.72134
2000-01-11,106.09,169.3,3.37685727149935,5.63,45983.0,57.72134
2000-01-12,105.76,169.3,3.37685727149935,5.59,45983.0,57.72134
2000-01-13,106.09,169.3,3.37685727149935,5.58,45983.0,57.72134
2000-01-14,105.86,169.3,3.37685727149935,5.56,45983.0,57.72134
2000-01-17,,169.3,3.37685727149935,5.56,45983.0,57.72134
2000-01-18,105.49,169.3,3.37685727149935,5.83,45983.0,57.72134
2000-01-19,105.39,169.3,3.37685727149935,5.47,45983.0,57.72134
2000-01-20,105.45,169.3,3.37685727149935,5.44,45983.0,57.72134
2000-01-21,104.96,169.3,3.37685727149935,5.36,45983.0,57.72134
2000-01-24,105.52,169.3,3.37685727149935,5.53,45983.0,57.72134
2000-01-25,105.87,169.3,3.37685727149935,5.46,45983.0,57.72134
2000-01-26,105.85,169.3,3.37685727149935,5.52,45983.0,57.72134
2000-01-27,104.91,169.3,3.37685727149935,5.61,45983.0,57.72134
2000-01-28,107.15,169.3,3.37685727149935,5.58,45983.0,57.72134
2000-01-31,107.33,169.3,3.37685727149935,5.87,45983.0,57.72134
2000-02-01,107.67,170.0,3.37685727149935,5.79,,
2000-02-02,108.4,170.0,3.37685727149935,5.64,,
2000-02-03,107.92,170.0,3.37685727149935,5.71,,
2000-02-04,107.54,170.0,3.37685727149935,5.7,,
2000-02-07,108.75,170.0,3.37685727149935,5.76,,
2000-02-08,109.59,170.0,3.37685727149935,5.67,,
2000-02-09,109.11,170.0,3.37685727149935,5.76,,
2000-02-10,108.74,170.0,3.37685727149935,5.79,,
2000-02-11,108.99,170.0,3.37685727149935,5.71,,
2000-02-14,108.65,170.0,3.37685727149935,5.79,,
2000-02-15,108.75,170.0,3.37685727149935,5.85,,
2000-02-16,109.38,170.0,3.37685727149935,5.67,,
2000-02-17,110.27,170.0,3.37685727149935,5.66,,
2000-02-18,110.88,170.0,3.37685727149935,5.7,,
2000-02-21,,170.0,3.37685727149935,5.7,,
2000-02-22,111.04,170.0,3.37685727149935,5.81,,
2000-02-23,111.11,170.0,3.37685727149935,5.77,,
2000-02-24,110.95,170.0,3.37685727149935,5.76,,
2000-02-25,110.98,170.0,3.37685727149935,5.73,,
2000-02-28,109.17,170.0,3.37685727149935,5.81,,
2000-02-29,109.88,170.0,3.37685727149935,5.85,,
2000-03-01,107.1,171.0,3.37685727149935,5.78,,
2000-03-02,107.37,171.0,3.37685727149935,5.76,,
2000-03-03,107.8,171.0,3.37685727149935,5.72,,
2000-03-06,107.74,171.0,3.37685727149935,5.73,,
2000-03-07,106.2,171.0,3.37685727149935,5.68,,
2000-03-08,106.89,171.0,3.37685727149935,5.77,,
2000-03-09,106.45,171.0,3.37685727149935,5.79,,
2000-03-10,106.27,171.0,3.37685727149935,5.75,,
2000-03-13,105.32,171.0,3.37685727149935,5.81,,
2000-03-14,104.85,171.0,3.37685727149935,5.8,,
2000-03-15,105.58,171.0,3.37685727149935,5.9,,
2000-03-16,105.63,171.0,3.37685727149935,5.77,,
2000-03-17,106.1,171.0,3.37685727149935,5.76,,
2000-03-20,106.5,171.0,3.37685727149935,5.82,,
2000-03-21,106.91,171.0,3.37685727149935,5.81,,
2000-03-22,106.77,171.0,3.37685727149935,6.02,,
2000-03-23,107.45,171.0,3.37685727149935,6.04,,
2000-03-24,107.25,171.0,3.37685727149935,5.98,,
2000-03-27,107.13,171.0,3.37685727149935,6.07,,
2000-03-28,105.9,171.0,3.37685727149935,6.02,,
2000-03-29,105.6,171.0,3.37685727149935,5.98,,
2000-03-30,105.53,171.0,3.37685727149935,6.11,,
2000-03-31,102.73,171.0,3.37685727149935,6.17,,
2000-04-03,104.82,170.9,3.37685727149935,6.15,46704.0,55.48491
2000-04-04,105.33,170.9,3.37685727149935,5.98,46704.0,55.48491
2000-04-05,105.0,170.9,3.37685727149935,6.08,46704.0,55.48491
2000-04-06,104.78,170.9,3.37685727149935,6.05,46704.0,55.48491
2000-04-07,105.33,170.9,3.37685727149935,5.95,46704.0,55.48491
2000-04-10,106.37,170.9,3.37685727149935,6.05,46704.0,55.48491
2000-04-11,106.95,170.9,3.37685727149935,5.97,46704.0,55.48491
2000-04-12,105.86,170.9,3.37685727149935,5.93,46704.0,55.48491
2000-04-13,105.76,170.9,3.37685727149935,5.97,46704.0,55.48491
2000-04-14,105.12,170.9,3.37685727149935,6.08,46704.0,55.48491
2000-04-17,104.19,170.9,3.37685727149935,6.18,46704.0,55.48491
2000-04-18,104.59,170.9,3.37685727149935,5.93,46704.0,55.48491
2000-04-19,104.94,170.9,3.37685727149935,5.93,46704.0,55.48491
2000-04-20,105.45,170.9,3.37685727149935,6.05,46704.0,55.48491
2000-04-21,105.88,170.9,3.37685727149935,5.94,46704.0,55.48491
2000-04-24,105.66,170.9,3.37685727149935,5.9,46704.0,55.48491
2000-04-25,105.71,170.9,3.37685727149935,5.99,46704.0,55.48491
2000-04-26,106.46,170.9,3.37685727149935,6.0,46704.0,55.48491
2000-04-27,106.36,170.9,3.37685727149935,6.0,46704.0,55.48491
2000-04-28,107.98,170.9,3.37685727149935,6.06,46704.0,55.48491
2000-05-01,108.89,171.2,3.37685727149935,6.17,,
2000-05-02,108.63,171.2,3.37685727149935,6.05,,
2000-05-03,109.14,171.2,3.37685727149935,6.05,,
2000-05-04,108.17,171.2,3.37685727149935,6.05,,
2000-05-05,108.53,171.2,3.37685727149935,5.94,,
2000-05-08,109.03,171.2,3.37685727149935,6.01,,
2000-05-09,109.61,171.2,3.37685727149935,5.92,,
2000-05-10,109.33,171.2,3.37685727149935,5.95,,
2000-05-11,108.47,171.2,3.37685727149935,6.05,,
2000-05-12,108.74,171.2,3.37685727149935,6.11,,
2000-05-15,109.48,171.2,3.37685727149935,6.34,,
2000-05-16,109.75,171.2,3.37685727149935,6.13,,
2000-05-17,109.53,171.2,3.37685727149935,6.25,,
2000-05-18,108.7,171.2,3.37685727149935,6.49,,
2000-05-19,106.89,171.2,3.37685727149935,6.51,,
2000-05-22,107.02,171.2,3.37685727149935,6.52,,
2000-05-23,106.72,171.2,3.37685727149935,6.47,,
2000-05-24,107.58,171.2,3.37685727149935,6.48,,
2000-05-25,107.48,171.2,3.37685727149935,6.56,,
2000-05-26,107.18,171.2,3.37685727149935,6.4,,
2000-05-29,,171.2,3.37685727149935,6.4,,
2000-05-30,106.44,171.2,3.37685727149935,6.71,,
2000-05-31,107.74,171.2,3.37685727149935,6.83,,
2000-06-01,108.74,172.2,3.37685727149935,6.65,,
2000-06-02,108.15,172.2,3.37685727149935,6.44,,
2000-06-05,107.44,172.2,3.37685727149935,6.51,,
2000-06-06,105.64,172.2,3.37685727149935,6.47,,
2000-06-07,105.5,172.2,3.37685727149935,6.5,,
2000-06-08,105.86,172.2,3.37685727149935,6.54,,
2000-06-09,106.78,172.2,3.37685727149935,6.47,,
2000-06-12,106.65,172.2,3.37685727149935,6.54,,
2000-06-13,106.79,172.2,3.37685727149935,6.46,,
2000-06-14,106.89,172.2,3.37685727149935,6.54,,
2000-06-15,106.52,172.2,3.37685727149935,6.7,,
2000-06-16,106.22,172.2,3.37685727149935,6.46,,
2000-06-19,105.74,172.2,3.37685727149935,6.51,,
2000-06-20,105.42,172.2,3.37685727149935,6.49,,
2000-06-21,105.5,172.2,3.37685727149935,6.47,,
2000-06-22,104.4,172.2,3.37685727149935,6.52,,
2000-06-23,104.59,172.2,3.37685727149935,6.51,,
2000-06-26,105.66,172.2,3.37685727149935,6.63,,
2000-06-27,105.53,172.2,3.37685727149935,6.56,,
2000-06-28,105.51,172.2,3.37685727149935,6.5,,
2000-06-29,105.09,172.2,3.37685727149935,6.76,,
2000-06-30,106.14,172.2,3.37685727149935,6.86,,
2000-07-03,105.64,172.7,3.37685727149935,7.03,46624.0,54.99213
2000-07-04,,172.7,3.37685727149935,7.03,46624.0,54.99213
2000-07-05,106.91,172.7,3.37685727149935,6.52,46624.0,54.99213
2000-07-06,107.37,172.7,3.37685727149935,6.51,46624.0,54.99213
2000-07-07,107.81,172.7,3.37685727149935,6.42,46624.0,54.99213
2000-07-10,107.1,172.7,3.37685727149935,6.51,46624.0,54.99213
2000-07-11,106.93,172.7,3.37685727149935,6.39,46624.0,54.99213
2000-07-12,108.36,172.7,3.37685727149935,6.38,46624.0,54.99213
2000-07-13,108.27,172.7,3.37685727149935,6.5,46624.0,54.99213
2000-07-14,107.88,172.7,3.37685727149935,6.51,46624.0,54.99213
2000-07-17,108.53,172.7,3.37685727149935,6.58,46624.0,54.99213
2000-07-18,108.3,172.7,3.37685727149935,6.47,46624.0,54.99213
2000-07-19,108.2,172.7,3.37685727149935,6.45,46624.0,54.99213
2000-07-20,107.89,172.7,3.37685727149935,6.52,46624.0,54.99213
2000-07-21,109.08,172.7,3.37685727149935,6.51,46624.0,54.99213
2000-07-24,108.92,172.7,3.37685727149935,6.52,46624.0,54.99213
2000-07-25,109.3,172.7,3.37685727149935,6.46,46624.0,54.99213
2000-07-26,109.28,172.7,3.37685727149935,6.49,46624.0,54.99213
2000-07-27,109.15,172.7,3.37685727149935,6.52,46624.0,54.99213
2000-07-28,109.63,172.7,3.37685727149935,6.44,46624.0,54.99213
2000-07-31,109.68,172.7,3.37685727149935,6.64,46624.0,54.99213
2000-08-01,109.47,172.7,3.37685727149935,6.51,,
2000-08-02,108.77,172.7,3.37685727149935,6.42,,
2000-08-03,108.36,172.7,3.37685727149935,6.45,,
2000-08-04,108.54,172.7,3.37685727149935,6.44,,
2000-08-07,108.99,172.7,3.37685727149935,6.46,,
2000-08-08,108.64,172.7,3.37685727149935,6.44,,
2000-08-09,107.99,172.7,3.37685727149935,6.48,,
2000-08-10,108.7,172.7,3.37685727149935,6.52,,
2000-08-11,108.68,172.7,3.37685727149935,6.5,,
2000-08-14,109.52,172.7,3.37685727149935,6.58,,
2000-08-15,109.0,172.7,3.37685727149935,6.63,,
2000-08-16,108.55,172.7,3.37685727149935,6.48,,
2000-08-17,108.48,172.7,3.37685727149935,6.47,,
2000-08-18,108.43,172.7,3.37685727149935,6.44,,
2000-08-21,108.53,172.7,3.37685727149935,6.48,,
2000-08-22,108.34,172.7,3.37685727149935,6.42,,
2000-08-23,107.02,172.7,3.37685727149935,6.5,,
2000-08-24,106.89,172.7,3.37685727149935,6.56,,
2000-08-25,107.17,172.7,3.37685727149935,6.54,,
2000-08-28,106.45,172.7,3.37685727149935,6.57,,
2000-08-29,106.2,172.7,3.37685727149935,6.51,,
2000-08-30,106.47,172.7,3.37685727149935,6.51,,
2000-08-31,106.66,172.7,3.37685727149935,6.65,,
2000-09-01,105.78,173.6,3.37685727149935,6.52,,
2000-09-04,,173.6,3.37685727149935,6.52,,
2000-09-05,105.88,173.6,3.37685727149935,6.61,,
2000-09-06,106.08,173.6,3.37685727149935,6.56,,
2000-09-07,105.1,173.6,3.37685727149935,6.53,,
2000-09-08,106.03,173.6,3.37685727149935,6.5,,
2000-09-11,105.97,173.6,3.37685727149935,6.5,,
2000-09-12,106.93,173.6,3.37685727149935,6.47,,
2000-09-13,107.11,173.6,3.37685727149935,6.47,,
2000-09-14,107.25,173.6,3.37685727149935,6.5,,
2000-09-15,107.33,173.6,3.37685727149935,6.55,,
2000-09-18,106.87,173.6,3.37685727149935,6.44,,
2000-09-19,107.02,173.6,3.37685727149935,6.4,,
2000-09-20,106.77,173.6,3.37685727149935,6.5,,
2000-09-21,106.5,173.6,3.37685727149935,6.53,,
2000-09-22,107.94,173.6,3.37685727149935,6.48,,
2000-09-25,107.63,173.6,3.37685727149935,6.54,,
2000-09-26,107.63,173.6,3.37685727149935,6.5,,
2000-09-27,107.44,173.6,3.37685727149935,6.5,,
2000-09-28,107.59,173.6,3.37685727149935,6.59,,
2000-09-29,107.9,173.6,3.37685727149935,6.6,,
2000-10-02,108.81,173.9,3.37685727149935,6.68,46777.0,54.2579
2000-10-03,108.66,173.9,3.37685727149935,6.46,46777.0,54.2579
2000-10-04,109.29,173.9,3.37685727149935,6.51,46777.0,54.2579
2000-10-05,109.3,173.9,3.37685727149935,6.54,46777.0,54.2579
2000-10-06,108.81,173.9,3.37685727149935,6.43,46777.0,54.2579
2000-10-09,,173.9,3.37685727149935,6.43,46777.0,54.2579
2000-10-10,107.9,173.9,3.37685727149935,6.57,46777.0,54.2579
2000-10-11,107.63,173.9,3.37685727149935,6.46,46777.0,54.2579
2000-10-12,107.58,173.9,3.37685727149935,6.47,46777.0,54.2579
2000-10-13,107.67,173.9,3.37685727149935,6.46,46777.0,54.2579
2000-10-16,108.3,173.9,3.37685727149935,6.59,46777.0,54.2579
2000-10-17,108.15,173.9,3.37685727149935,6.45,46777.0,54.2579
2000-10-18,107.78,173.9,3.37685727149935,6.53,46777.0,54.2579
2000-10-19,108.55,173.9,3.37685727149935,6.54,46777.0,54.2579
2000-10-20,109.04,173.9,3.37685727149935,6.5,46777.0,54.2579
2000-10-23,108.45,173.9,3.37685727149935,6.53,46777.0,54.2579
2000-10-24,108.08,173.9,3.37685727149935,6.49,46777.0,54.2579
2000-10-25,108.05,173.9,3.37685727149935,6.53,46777.0,54.2579
2000-10-26,108.36,173.9,3.37685727149935,6.53,46777.0,54.2579
2000-10-27,108.75,173.9,3.37685727149935,6.51,46777.0,54.2579
2000-10-30,108.99,173.9,3.37685727149935,6.59,46777.0,54.2579
2000-10-31,109.15,173.9,3.37685727149935,6.59,46777.0,54.2579
2000-11-01,108.48,174.2,3.37685727149935,6.61,,
2000-11-02,108.39,174.2,3.37685727149935,6.54,,
2000-11-03,107.58,174.2,3.37685727149935,6.48,,
2000-11-06,107.34,174.2,3.37685727149935,6.49,,
2000-11-07,107.3,174.2,3.37685727149935,6.48,,
2000-11-08,107.57,174.2,3.37685727149935,6.51,,
2000-11-09,107.41,174.2,3.37685727149935,6.52,,
2000-11-10,107.83,174.2,3.37685727149935,6.48,,
2000-11-13,107.7,174.2,3.37685727149935,6.55,,
2000-11-14,108.15,174.2,3.37685727149935,6.52,,
2000-11-15,108.75,174.2,3.37685727149935,6.61,,
2000-11-16,109.08,174.2,3.37685727149935,6.55,,
2000-11-17,108.86,174.2,3.37685727149935,6.48,,
2000-11-20,109.79,174.2,3.37685727149935,6.52,,
2000-11-21,110.29,174.2,3.37685727149935,6.5,,
2000-11-22,110.16,174.2,3.37685727149935,6.58,,
2000-11-23,,174.2,3.37685727149935,6.58,,
2000-11-24,111.38,174.2,3.37685727149935,6.49,,
2000-11-27,110.7,174.2,3.37685727149935,6.5,,
2000-11-28,110.23,174.2,3.37685727149935,6.46,,
2000-11-29,111.28,174.2,3.37685727149935,6.5,,
2000-11-30,110.93,174.2,3.37685727149935,6.62,,
2000-12-01,111.15,174.6,3.37685727149935,6.6,,
2000-12-04,111.07,174.6,3.37685727149935,6.57,,
2000-12-05,111.0,174.6,3.37685727149935,6.51,,
2000-12-06,110.42,174.6,3.37685727149935,6.48,,
2000-12-07,110.7,174.6,3.37685727149935,6.49,,
2000-12-08,111.29,174.6,3.37685727149935,6.47,,
2000-12-11,110.77,174.6,3.37685727149935,6.49,,
2000-12-12,111.5,174.6,3.37685727149935,6.43,,
2000-12-13,112.4,174.6,3.37685727149935,6.47,,
2000-12-14,112.42,174.6,3.37685727149935,6.53,,
2000-12-15,112.55,174.6,3.37685727149935,6.58,,
2000-12-18,112.06,174.6,3.37685727149935,6.5,,
2000-12-19,112.55,174.6,3.37685727149935,6.47,,
2000-12-20,112.58,174.6,3.37685727149935,6.47,,
2000-12-21,112.18,174.6,3.37685727149935,6.48,,
2000-12-22,112.75,174.6,3.37685727149935,6.44,,
2000-12-25,,174.6,3.37685727149935,6.44,,
2000-12-26,113.62,174.6,3.37685727149935,6.58,,
2000-12-27,114.2,174.6,3.37685727149935,6.53,,
2000-12-28,114.62,174.6,3.37685727149935,6.53,,
2000-12-29,114.35,174.6,3.37685727149935,5.41,,
2001-01-01,,175.6,2.82617111885402,5.41,46519.0,55.14434
2001-01-02,114.73,175.6,2.82617111885402,6.67,46519.0,55.14434
2001-01-03,114.26,175.6,2.82617111885402,6.35,46519.0,55.14434
2001-01-04,115.47,175.6,2.82617111885402,5.92,46519.0,55.14434
2001-01-05,116.19,175.6,2.82617111885402,5.83,46519.0,55.14434
2001-01-08,115.97,175.6,2.82617111885402,5.98,46519.0,55.14434
2001-01-09,116.64,175.6,2.82617111885402,5.95,46519.0,55.14434
2001-01-10,116.26,175.6,2.82617111885402,6.06,46519.0,55.14434
2001-01-11,117.56,175.6,2.82617111885402,6.05,46519.0,55.14434
2001-01-12,117.76,175.6,2.82617111885402,5.98,46519.0,55.14434
2001-01-15,,175.6,2.82617111885402,5.98,46519.0,55.14434
2001-01-16,117.28,175.6,2.82617111885402,6.2,46519.0,55.14434
2001-01-17,118.35,175.6,2.82617111885402,5.94,46519.0,55.14434
2001-01-18,117.78,175.6,2.82617111885402,5.93,46519.0,55.14434
2001-01-19,117.23,175.6,2.82617111885402,5.92,46519.0,55.14434
2001-01-22,116.62,175.6,2.82617111885402,6.0,46519.0,55.14434
2001-01-23,116.95,175.6,2.82617111885402,5.97,46519.0,55.14434
2001-01-24,118.18,175.6,2.82617111885402,6.05,46519.0,55.14434
2001-01-25,116.91,175.6,2.82617111885402,6.1,46519.0,55.14434
2001-01-26,117.16,175.6,2.82617111885402,5.96,46519.0,55.14434
2001-01-29,116.67,175.6,2.82617111885402,5.98,46519.0,55.14434
2001-01-30,115.75,175.6,2.82617111885402,5.9,46519.0,55.14434
2001-01-31,116.39,175.6,2.82617111885402,5.74,46519.0,55.14434
2001-02-01,115.33,176.0,2.82617111885402,5.57,,
2001-02-02,115.65,176.0,2.82617111885402,5.5,,
2001-02-05,114.99,176.0,2.82617111885402,5.52,,
2001-02-06,114.88,176.0,2.82617111885402,5.48,,
2001-02-07,116.21,176.0,2.82617111885402,5.5,,
2001-02-08,116.3,176.0,2.82617111885402,5.5,,
2001-02-09,117.57,176.0,2.82617111885402,5.44,,
2001-02-12,117.62,176.0,2.82617111885402,5.48,,
2001-02-13,117.3,176.0,2.82617111885402,5.46,,
2001-02-14,116.65,176.0,2.82617111885402,5.5,,
2001-02-15,115.67,176.0,2.82617111885402,5.57,,
2001-02-16,115.46,176.0,2.82617111885402,5.46,,
2001-02-19,,176.0,2.82617111885402,5.46,,
2001-02-20,115.57,176.0,2.82617111885402,5.57,,
2001-02-21,116.45,176.0,2.82617111885402,5.5,,
2001-02-22,116.53,176.0,2.82617111885402,5.52,,
2001-02-23,116.15,176.0,2.82617111885402,5.46,,
2001-02-26,116.63,176.0,2.82617111885402,5.55,,
2001-02-27,116.2,176.0,2.82617111885402,5.49,,
2001-02-28,117.28,176.0,2.82617111885402,5.59,,
2001-03-01,117.33,176.1,2.82617111885402,5.59,,
2001-03-02,119.06,176.1,2.82617111885402,5.52,,
2001-03-05,119.08,176.1,2.82617111885402,5.52,,
2001-03-06,118.87,176.1,2.82617111885402,5.39,,
2001-03-07,119.86,176.1,2.82617111885402,5.34,,
2001-03-08,119.51,176.1,2.82617111885402,5.46,,
2001-03-09,119.71,176.1,2.82617111885402,5.42,,
2001-03-12,120.63,176.1,2.82617111885402,5.5,,
2001-03-13,120.2,176.1,2.82617111885402,5.5,,
2001-03-14,120.97,176.1,2.82617111885402,5.48,,
2001-03-15,122.23,176.1,2.82617111885402,5.52,,
2001-03-16,122.85,176.1,2.82617111885402,5.4,,
2001-03-19,122.57,176.1,2.82617111885402,5.38,,
2001-03-20,122.73,176.1,2.82617111885402,5.14,,
2001-03-21,123.62,176.1,2.82617111885402,5.05,,
2001-03-22,123.84,176.1,2.82617111885402,5.04,,
2001-03-23,122.64,176.1,2.82617111885402,4.94,,
2001-03-26,122.81,176.1,2.82617111885402,5.03,,
2001-03-27,122.99,176.1,2.82617111885402,5.04,,
2001-03-28,122.62,176.1,2.82617111885402,5.05,,
2001-03-29,123.45,176.1,2.82617111885402,5.19,,
2001-03-30,125.54,176.1,2.82617111885402,5.29,,
2001-04-02,126.75,176.4,2.82617111885402,5.3,46698.0,54.03165
2001-04-03,125.41,176.4,2.82617111885402,5.1,46698.0,54.03165
2001-04-04,125.38,176.4,2.82617111885402,5.01,46698.0,54.03165
2001-04-05,124.33,176.4,2.82617111885402,5.04,46698.0,54.03165
2001-04-06,124.03,176.4,2.82617111885402,4.94,46698.0,54.03165
2001-04-09,124.85,176.4,2.82617111885402,4.98,46698.0,54.03165
2001-04-10,124.48,176.4,2.82617111885402,4.96,46698.0,54.03165
2001-04-11,124.82,176.4,2.82617111885402,4.95,46698.0,54.03165
2001-04-12,123.51,176.4,2.82617111885402,5.02,46698.0,54.03165
2001-04-13,124.15,176.4,2.82617111885402,5.01,46698.0,54.03165
2001-04-16,124.64,176.4,2.82617111885402,5.17,46698.0,54.03165
2001-04-17,123.67,176.4,2.82617111885402,4.99,46698.0,54.03165
2001-04-18,122.35,176.4,2.82617111885402,4.67,46698.0,54.03165
2001-04-19,121.87,176.4,2.82617111885402,4.47,46698.0,54.03165
2001-04-20,122.52,176.4,2.82617111885402,4.38,46698.0,54.03165
2001-04-23,121.68,176.4,2.82617111885402,4.4,46698.0,54.03165
2001-04-24,122.08,176.4,2.82617111885402,4.41,46698.0,54.03165
2001-04-25,122.21,176.4,2.82617111885402,4.54,46698.0,54.03165
2001-04-26,123.13,176.4,2.82617111885402,4.57,46698.0,54.03165
2001-04-27,123.76,176.4,2.82617111885402,4.51,46698.0,54.03165
2001-04-30,123.57,176.4,2.82617111885402,4.67,46698.0,54.03165
2001-05-01,121.92,177.3,2.82617111885402,4.61,,
2001-05-02,121.72,177.3,2.82617111885402,4.35,,
2001-05-03,121.19,177.3,2.82617111885402,4.48,,
2001-05-04,121.05,177.3,2.82617111885402,4.41,,
2001-05-07,121.34,177.3,2.82617111885402,4.47,,
2001-05-08,121.66,177.3,2.82617111885402,4.41,,
2001-05-09,122.25,177.3,2.82617111885402,4.43,,
2001-05-10,122.71,177.3,2.82617111885402,4.51,,
2001-05-11,122.5,177.3,2.82617111885402,4.47,,
2001-05-14,123.12,177.3,2.82617111885402,4.43,,
2001-05-15,123.26,177.3,2.82617111885402,4.22,,
2001-05-16,123.59,177.3,2.82617111885402,4.04,,
2001-05-17,122.68,177.3,2.82617111885402,4.04,,
2001-05-18,123.67,177.3,2.82617111885402,3.95,,
2001-05-21,122.91,177.3,2.82617111885402,4.02,,
2001-05-22,122.79,177.3,2.82617111885402,3.99,,
2001-05-23,120.39,177.3,2.82617111885402,3.97,,
2001-05-24,120.15,177.3,2.82617111885402,3.98,,
2001-05-25,120.75,177.3,2.82617111885402,3.94,,
2001-05-28,,177.3,2.82617111885402,3.94,,
2001-05-29,120.1,177.3,2.82617111885402,4.09,,
2001-05-30,120.27,177.3,2.82617111885402,4.05,,
2001-05-31,118.88,177.3,2.82617111885402,4.24,,
2001-06-01,119.13,177.7,2.82617111885402,4.14,,
2001-06-04,119.5,177.7,2.82617111885402,4.03,,
2001-06-05,120.27,177.7,2.82617111885402,3.93,,
2001-06-06,120.35,177.7,2.82617111885402,3.91,,
2001-06-07,119.91,177.7,2.82617111885402,3.92,,
2001-06-08,120.6,177.7,2.82617111885402,4.02,,
2001-06-11,122.02,177.7,2.82617111885402,4.03,,
2001-06-12,121.74,177.7,2.82617111885402,3.98,,
2001-06-13,121.89,177.7,2.82617111885402,4.04,,
2001-06-14,121.42,177.7,2.82617111885402,4.03,,
2001-06-15,122.97,177.7,2.82617111885402,3.94,,
2001-06-18,123.2,177.7,2.82617111885402,3.91,,
2001-06-19,122.97,177.7,2.82617111885402,3.91,,
2001-06-20,123.3,177.7,2.82617111885402,3.98,,
2001-06-21,124.4,177.7,2.82617111885402,4.02,,
2001-06-22,124.25,177.7,2.82617111885402,3.98,,
2001-06-25,124.02,177.7,2.82617111885402,3.97,,
2001-06-26,123.82,177.7,2.82617111885402,3.75,,
2001-06-27,124.25,177.7,2.82617111885402,3.68,,
2001-06-28,124.63,177.7,2.82617111885402,3.86,,
2001-06-29,124.73,177.7,2.82617111885402,3.95,,
2001-07-02,124.22,177.4,2.82617111885402,4.11,46390.0,54.79763
2001-07-03,124.48,177.4,2.82617111885402,3.69,46390.0,54.79763
2001-07-04,,177.4,2.82617111885402,3.69,46390.0,54.79763
2001-07-05,125.77,177.4,2.82617111885402,3.72,46390.0,54.79763
2001-07-06,125.85,177.4,2.82617111885402,3.6,46390.0,54.79763
2001-07-09,125.43,177.4,2.82617111885402,3.67,46390.0,54.79763
2001-07-10,125.53,177.4,2.82617111885402,3.71,46390.0,54.79763
2001-07-11,124.06,177.4,2.82617111885402,3.78,46390.0,54.79763
2001-07-12,124.1,177.4,2.82617111885402,3.78,46390.0,54.79763
2001-07-13,124.75,177.4,2.82617111885402,3.75,46390.0,54.79763
2001-07-16,125.44,177.4,2.82617111885402,3.82,46390.0,54.79763
2001-07-17,124.89,177.4,2.82617111885402,3.71,46390.0,54.79763
2001-07-18,124.35,177.4,2.82617111885402,3.73,46390.0,54.79763
2001-07-19,123.61,177.4,2.82617111885402,3.77,46390.0,54.79763
2001-07-20,122.85,177.4,2.82617111885402,3.8,46390.0,54.79763
2001-07-23,124.19,177.4,2.82617111885402,3.82,46390.0,54.79763
2001-07-24,124.0,177.4,2.82617111885402,3.82,46390.0,54.79763
2001-07-25,123.64,177.4,2.82617111885402,3.89,46390.0,54.79763
2001-07-26,123.83,177.4,2.82617111885402,3.87,46390.0,54.79763
2001-07-27,123.29,177.4,2.82617111885402,3.75,46390.0,54.79763
2001-07-30,125.18,177.4,2.82617111885402,3.79,46390.0,54.79763
2001-07-31,125.0,177.4,2.82617111885402,3.82,46390.0,54.79763
2001-08-01,124.87,177.4,2.82617111885402,3.79,,
2001-08-02,123.72,177.4,2.82617111885402,3.68,,
2001-08-03,123.46,177.4,2.82617111885402,3.69,,
2001-08-06,123.85,177.4,2.82617111885402,3.73,,
2001-08-07,123.83,177.4,2.82617111885402,3.69,,
2001-08-08,123.2,177.4,2.82617111885402,3.75,,
2001-08-09,123.03,177.4,2.82617111885402,3.77,,
2001-08-10,121.97,177.4,2.82617111885402,3.7,,
2001-08-13,122.46,177.4,2.82617111885402,3.79,,
2001-08-14,121.6,177.4,2.82617111885402,3.76,,
2001-08-15,119.92,177.4,2.82617111885402,3.83,,
2001-08-16,120.11,177.4,2.82617111885402,3.75,,
2001-08-17,120.37,177.4,2.82617111885402,3.66,,
2001-08-20,120.72,177.4,2.82617111885402,3.64,,
2001-08-21,119.91,177.4,2.82617111885402,3.53,,
2001-08-22,119.91,177.4,2.82617111885402,3.51,,
2001-08-23,119.84,177.4,2.82617111885402,3.55,,
2001-08-24,120.13,177.4,2.82617111885402,3.51,,
2001-08-27,120.12,177.4,2.82617111885402,3.54,,
2001-08-28,120.48,177.4,2.82617111885402,3.5,,
2001-08-29,119.79,177.4,2.82617111885402,3.5,,
2001-08-30,119.4,177.4,2.82617111885402,3.58,,
2001-08-31,118.75,177.4,2.82617111885402,3.66,,
2001-09-03,,178.1,2.82617111885402,3.66,,
2001-09-04,119.49,178.1,2.82617111885402,3.67,,
2001-09-05,120.76,178.1,2.82617111885402,3.49,,
2001-09-06,120.95,178.1,2.82617111885402,3.52,,
2001-09-07,120.07,178.1,2.82617111885402,3.44,,
2001-09-10,121.08,178.1,2.82617111885402,3.5,,
2001-09-11,,178.1,2.82617111885402,3.5,,
2001-09-12,119.53,178.1,2.82617111885402,3.56,,
2001-09-13,118.81,178.1,2.82617111885402,3.31,,
2001-09-14,117.38,178.1,2.82617111885402,3.13,,
2001-09-17,117.59,178.1,2.82617111885402,2.13,,
2001-09-18,117.32,178.1,2.82617111885402,1.25,,
2001-09-19,117.3,178.1,2.82617111885402,1.19,,
2001-09-20,115.89,178.1,2.82617111885402,2.22,,
2001-09-21,116.73,178.1,2.82617111885402,3.11,,
2001-09-24,117.52,178.1,2.82617111885402,3.31,,
2001-09-25,117.78,178.1,2.82617111885402,3.11,,
2001-09-26,117.89,178.1,2.82617111885402,2.96,,
2001-09-27,119.69,178.1,2.82617111885402,3.08,,
2001-09-28,119.23,178.1,2.82617111885402,2.75,,
2001-10-01,120.27,177.6,2.82617111885402,3.02,46400.0,55.75216
2001-10-02,120.78,177.6,2.82617111885402,2.35,46400.0,55.75216
2001-10-03,120.67,177.6,2.82617111885402,2.27,46400.0,55.75216
2001-10-04,120.63,177.6,2.82617111885402,2.45,46400.0,55.75216
2001-10-05,120.37,177.6,2.82617111885402,2.42,46400.0,55.75216
2001-10-08,,177.6,2.82617111885402,2.42,46400.0,55.75216
2001-10-09,120.2,177.6,2.82617111885402,2.5,46400.0,55.75216
2001-10-10,120.43,177.6,2.82617111885402,2.42,46400.0,55.75216
2001-10-11,121.57,177.6,2.82617111885402,2.42,46400.0,55.75216
2001-10-12,120.93,177.6,2.82617111885402,2.39,46400.0,55.75216
2001-10-15,120.94,177.6,2.82617111885402,2.51,46400.0,55.75216
2001-10-16,121.27,177.6,2.82617111885402,2.47,46400.0,55.75216
2001-10-17,121.05,177.6,2.82617111885402,2.51,46400.0,55.75216
2001-10-18,121.18,177.6,2.82617111885402,2.5,46400.0,55.75216
2001-10-19,121.15,177.6,2.82617111885402,2.47,46400.0,55.75216
2001-10-22,122.45,177.6,2.82617111885402,2.52,46400.0,55.75216
2001-10-23,122.83,177.6,2.82617111885402,2.48,46400.0,55.75216
2001-10-24,122.86,177.6,2.82617111885402,2.53,46400.0,55.75216
2001-10-25,122.72,177.6,2.82617111885402,2.54,46400.0,55.75216
2001-10-26,122.99,177.6,2.82617111885402,2.51,46400.0,55.75216
2001-10-29,122.08,177.6,2.82617111885402,2.55,46400.0,55.75216
2001-10-30,122.07,177.6,2.82617111885402,2.55,46400.0,55.75216
2001-10-31,122.54,177.6,2.82617111885402,2.66,46400.0,55.75216
2001-11-01,121.87,177.5,2.82617111885402,2.61,,
2001-11-02,121.68,177.5,2.82617111885402,2.43,,
2001-11-05,121.72,177.5,2.82617111885402,2.45,,
2001-11-06,121.15,177.5,2.82617111885402,2.13,,
2001-11-07,121.05,177.5,2.82617111885402,2.04,,
2001-11-08,119.98,177.5,2.82617111885402,2.03,,
2001-11-09,120.25,177.5,2.82617111885402,1.98,,
2001-11-12,,177.5,2.82617111885402,1.98,,
2001-11-13,121.45,177.5,2.82617111885402,2.1,,
2001-11-14,121.67,177.5,2.82617111885402,2.16,,
2001-11-15,122.4,177.5,2.82617111885402,2.22,,
2001-11-16,122.67,177.5,2.82617111885402,1.98,,
2001-11-19,123.27,177.5,2.82617111885402,2.01,,
2001-11-20,122.62,177.5,2.82617111885402,1.97,,
2001-11-21,123.19,177.5,2.82617111885402,1.93,,
2001-11-22,,177.5,2.82617111885402,1.93,,
2001-11-23,124.44,177.5,2.82617111885402,1.88,,
2001-11-26,124.2,177.5,2.82617111885402,2.04,,
2001-11-27,124.17,177.5,2.82617111885402,2.01,,
2001-11-28,123.29,177.5,2.82617111885402,2.04,,
2001-11-29,123.82,177.5,2.82617111885402,2.09,,
2001-11-30,123.22,177.5,2.82617111885402,2.06,,
2001-12-03,123.9,177.4,2.82617111885402,2.05,,
2001-12-04,124.28,177.4,2.82617111885402,1.93,,
2001-12-05,124.4,177.4,2.82617111885402,1.89,,
2001-12-06,124.83,177.4,2.82617111885402,1.87,,
2001-12-07,125.66,177.4,2.82617111885402,1.92,,
2001-12-10,126.27,177.4,2.82617111885402,1.9,,
2001-12-11,126.23,177.4,2.82617111885402,1.8,,
2001-12-12,126.52,177.4,2.82617111885402,1.81,,
2001-12-13,126.32,177.4,2.82617111885402,1.86,,
2001-12-14,127.24,177.4,2.82617111885402,1.88,,
2001-12-17,127.54,177.4,2.82617111885402,1.93,,
2001-12-18,127.97,177.4,2.82617111885402,1.71,,
2001-12-19,128.2,177.4,2.82617111885402,1.71,,
2001-12-20,128.55,177.4,2.82617111885402,1.79,,
2001-12-21,129.48,177.4,2.82617111885402,1.78,,
2001-12-24,129.9,177.4,2.82617111885402,1.68,,
2001-12-25,,177.4,2.82617111885402,1.68,,
2001-12-26,130.79,177.4,2.82617111885402,1.89,,
2001-12-27,131.47,177.4,2.82617111885402,1.85,,
2001-12-28,131.3,177.4,2.82617111885402,1.54,,
2001-12-31,131.04,177.4,2.82617111885402,1.52,,
2002-01-01,,177.7,1.58603162650603,1.52,46683.0,55.6965
2002-01-02,132.02,177.7,1.58603162650603,1.92,46683.0,55.6965
2002-01-03,131.76,177.7,1.58603162650603,1.72,46683.0,55.6965
2002-01-04,131.02,177.7,1.58603162650603,1.61,46683.0,55.6965
2002-01-07,130.93,177.7,1.58603162650603,1.61,46683.0,55.6965
2002-01-08,132.53,177.7,1.58603162650603,1.61,46683.0,55.6965
2002-01-09,132.62,177.7,1.58603162650603,1.74,46683.0,55.6965
2002-01-10,132.61,177.7,1.58603162650603,1.81,46683.0,55.6965
2002-01-11,132.17,177.7,1.58603162650603,1.71,46683.0,55.6965
2002-01-14,131.83,177.7,1.58603162650603,1.78,46683.0,55.6965
2002-01-15,131.14,177.7,1.58603162650603,1.75,46683.0,55.6965
2002-01-16,131.77,177.7,1.58603162650603,1.69,46683.0,55.6965
2002-01-17,132.13,177.7,1.58603162650603,1.68,46683.0,55.6965
2002-01-18,132.64,177.7,1.58603162650603,1.71,46683.0,55.6965
2002-01-21,,177.7,1.58603162650603,1.71,46683.0,55.6965
2002-01-22,133.98,177.7,1.58603162650603,1.84,46683.0,55.6965
2002-01-23,134.25,177.7,1.58603162650603,1.81,46683.0,55.6965
2002-01-24,134.64,177.7,1.58603162650603,1.8,46683.0,55.6965
2002-01-25,134.47,177.7,1.58603162650603,1.78,46683.0,55.6965
2002-01-28,133.43,177.7,1.58603162650603,1.79,46683.0,55.6965
2002-01-29,133.51,177.7,1.58603162650603,1.78,46683.0,55.6965
2002-01-30,132.84,177.7,1.58603162650603,1.78,46683.0,55.6965
2002-01-31,134.06,177.7,1.58603162650603,1.85,46683.0,55.6965
2002-02-01,133.77,178.0,1.58603162650603,1.77,,
2002-02-04,132.71,178.0,1.58603162650603,1.74,,
2002-02-05,133.9,178.0,1.58603162650603,1.64,,
2002-02-06,133.72,178.0,1.58603162650603,1.66,,
2002-02-07,133.49,178.0,1.58603162650603,1.74,,
2002-02-08,134.77,178.0,1.58603162650603,1.69,,
2002-02-11,133.62,178.0,1.58603162650603,1.76,,
2002-02-12,132.82,178.0,1.58603162650603,1.72,,
2002-02-13,133.23,178.0,1.58603162650603,1.75,,
2002-02-14,132.26,178.0,1.58603162650603,1.81,,
2002-02-15,132.76,178.0,1.58603162650603,1.73,,
2002-02-18,,178.0,1.58603162650603,1.73,,
2002-02-19,133.45,178.0,1.58603162650603,1.77,,
2002-02-20,133.76,178.0,1.58603162650603,1.76,,
2002-02-21,134.27,178.0,1.58603162650603,1.77,,
2002-02-22,133.85,178.0,1.58603162650603,1.71,,
2002-02-25,133.89,178.0,1.58603162650603,1.8,,
2002-02-26,134.35,178.0,1.58603162650603,1.77,,
2002-02-27,134.63,178.0,1.58603162650603,1.76,,
2002-02-28,133.96,178.0,1.58603162650603,1.83,,
2002-03-01,133.35,178.5,1.58603162650603,1.78,,
2002-03-04,132.2,178.5,1.58603162650603,1.68,,
2002-03-05,132.31,178.5,1.58603162650603,1.63,,
2002-03-06,130.85,178.5,1.58603162650603,1.71,,
2002-03-07,127.07,178.5,1.58603162650603,1.77,,
2002-03-08,128.21,178.5,1.58603162650603,1.69,,
2002-03-11,128.08,178.5,1.58603162650603,1.75,,
2002-03-12,128.67,178.5,1.58603162650603,1.68,,
2002-03-13,129.43,178.5,1.58603162650603,1.73,,
2002-03-14,128.94,178.5,1.58603162650603,1.79,,
2002-03-15,129.1,178.5,1.58603162650603,1.8,,
2002-03-18,131.27,178.5,1.58603162650603,1.71,,
2002-03-19,132.3,178.5,1.58603162650603,1.67,,
2002-03-20,131.6,178.5,1.58603162650603,1.78,,
2002-03-21,131.86,178.5,1.58603162650603,1.74,,
2002-03-22,132.88,178.5,1.58603162650603,1.68,,
2002-03-25,133.46,178.5,1.58603162650603,1.75,,
2002-03-26,132.78,178.5,1.58603162650603,1.71,,
2002-03-27,132.61,178.5,1.58603162650603,1.69,,
2002-03-28,132.61,178.5,1.58603162650603,1.77,,
2002-03-29,132.7,178.5,1.58603162650603,1.74,,
2002-04-01,133.32,179.3,1.58603162650603,1.88,46866.0,56.27087
2002-04-02,133.4,179.3,1.58603162650603,1.74,46866.0,56.27087
2002-04-03,132.65,179.3,1.58603162650603,1.81,46866.0,56.27087
2002-04-04,132.3,179.3,1.58603162650603,1.74,46866.0,56.27087
2002-04-05,131.73,179.3,1.58603162650603,1.7,46866.0,56.27087
2002-04-08,131.27,179.3,1.58603162650603,1.72,46866.0,56.27087
2002-04-09,131.03,179.3,1.58603162650603,1.68,46866.0,56.27087
2002-04-10,130.75,179.3,1.58603162650603,1.73,46866.0,56.27087
2002-04-11,131.55,179.3,1.58603162650603,1.83,46866.0,56.27087
2002-04-12,132.09,179.3,1.58603162650603,1.79,46866.0,56.27087
2002-04-15,131.95,179.3,1.58603162650603,1.84,46866.0,56.27087
2002-04-16,131.19,179.3,1.58603162650603,1.68,46866.0,56.27087
2002-04-17,130.7,179.3,1.58603162650603,1.73,46866.0,56.27087
2002-04-18,129.84,179.3,1.58603162650603,1.71,46866.0,56.27087
2002-04-19,130.5,179.3,1.58603162650603,1.67,46866.0,56.27087
2002-04-22,129.9,179.3,1.58603162650603,1.73,46866.0,56.27087
2002-04-23,129.89,179.3,1.58603162650603,1.71,46866.0,56.27087
2002-04-24,129.76,179.3,1.58603162650603,1.76,46866.0,56.27087
2002-04-25,128.4,179.3,1.58603162650603,1.82,46866.0,56.27087
2002-04-26,128.18,179.3,1.58603162650603,1.79,46866.0,56.27087
2002-04-29,128.13,179.3,1.58603162650603,1.81,46866.0,56.27087
2002-04-30,128.45,179.3,1.58603162650603,1.82,46866.0,56.27087
2002-05-01,127.45,179.5,1.58603162650603,1.88,,
2002-05-02,128.02,179.5,1.58603162650603,1.79,,
2002-05-03,127.21,179.5,1.58603162650603,1.73,,
2002-05-06,127.27,179.5,1.58603162650603,1.75,,
2002-05-07,127.8,179.5,1.58603162650603,1.72,,
2002-05-08,128.64,179.5,1.58603162650603,1.71,,
2002-05-09,128.36,179.5,1.58603162650603,1.74,,
2002-05-10,127.89,179.5,1.58603162650603,1.74,,
2002-05-13,127.69,179.5,1.58603162650603,1.75,,
2002-05-14,128.66,179.5,1.58603162650603,1.69,,
2002-05-15,127.92,179.5,1.58603162650603,1.84,,
2002-05-16,128.19,179.5,1.58603162650603,1.76,,
2002-05-17,126.03,179.5,1.58603162650603,1.7,,
2002-05-20,125.64,179.5,1.58603162650603,1.72,,
2002-05-21,123.83,179.5,1.58603162650603,1.68,,
2002-05-22,124.16,179.5,1.58603162650603,1.73,,
2002-05-23,124.84,179.5,1.58603162650603,1.76,,
2002-05-24,124.71,179.5,1.58603162650603,1.75,,
2002-05-27,,179.5,1.58603162650603,1.75,,
2002-05-28,124.38,179.5,1.58603162650603,1.88,,
2002-05-29,124.35,179.5,1.58603162650603,1.79,,
2002-05-30,123.08,179.5,1.58603162650603,1.8,,
2002-05-31,124.13,179.5,1.58603162650603,1.79,,
2002-06-03,123.69,179.6,1.58603162650603,1.83,,
2002-06-04,123.95,179.6,1.58603162650603,1.73,,
2002-06-05,124.4,179.6,1.58603162650603,1.7,,
2002-06-06,124.34,179.6,1.58603162650603,1.75,,
2002-06-07,124.49,179.6,1.58603162650603,1.73,,
2002-06-10,124.6,179.6,1.58603162650603,1.76,,
2002-06-11,125.56,179.6,1.58603162650603,1.72,,
2002-06-12,125.64,179.6,1.58603162650603,1.75,,
2002-06-13,125.12,179.6,1.58603162650603,1.76,,
2002-06-14,124.25,179.6,1.58603162650603,1.75,,
2002-06-17,124.37,179.6,1.58603162650603,1.82,,
2002-06-18,124.56,179.6,1.58603162650603,1.71,,
2002-06-19,124.04,179.6,1.58603162650603,1.69,,
2002-06-20,123.33,179.6,1.58603162650603,1.75,,
2002-06-21,121.23,179.6,1.58603162650603,1.74,,
2002-06-24,121.28,179.6,1.58603162650603,1.77,,
2002-06-25,121.9,179.6,1.58603162650603,1.75,,
2002-06-26,119.83,179.6,1.58603162650603,1.78,,
2002-06-27,119.38,179.6,1.58603162650603,1.81,,
2002-06-28,119.85,179.6,1.58603162650603,1.73,,
2002-07-01,120.04,180.0,1.58603162650603,1.83,46936.0,56.7026
2002-07-02,120.13,180.0,1.58603162650603,1.72,46936.0,56.7026
2002-07-03,119.77,180.0,1.58603162650603,1.71,46936.0,56.7026
2002-07-04,,180.0,1.58603162650603,1.71,46936.0,56.7026
2002-07-05,120.19,180.0,1.58603162650603,1.72,46936.0,56.7026
2002-07-08,118.66,180.0,1.58603162650603,1.75,46936.0,56.7026
2002-07-09,117.85,180.0,1.58603162650603,1.72,46936.0,56.7026
2002-07-10,117.94,180.0,1.58603162650603,1.74,46936.0,56.7026
2002-07-11,116.62,180.0,1.58603162650603,1.76,46936.0,56.7026
2002-07-12,116.73,180.0,1.58603162650603,1.71,46936.0,56.7026
2002-07-15,116.06,180.0,1.58603162650603,1.83,46936.0,56.7026
2002-07-16,115.71,180.0,1.58603162650603,1.72,46936.0,56.7026
2002-07-17,116.24,180.0,1.58603162650603,1.71,46936.0,56.7026
2002-07-18,117.02,180.0,1.58603162650603,1.74,46936.0,56.7026
2002-07-19,115.73,180.0,1.58603162650603,1.72,46936.0,56.7026
2002-07-22,116.22,180.0,1.58603162650603,1.77,46936.0,56.7026
2002-07-23,117.35,180.0,1.58603162650603,1.73,46936.0,56.7026
2002-07-24,116.33,180.0,1.58603162650603,1.67,46936.0,56.7026
2002-07-25,116.87,180.0,1.58603162650603,1.75,46936.0,56.7026
2002-07-26,118.78,180.0,1.58603162650603,1.69,46936.0,56.7026
2002-07-29,119.87,180.0,1.58603162650603,1.75,46936.0,56.7026
2002-07-30,119.9,180.0,1.58603162650603,1.71,46936.0,56.7026
2002-07-31,119.77,180.0,1.58603162650603,1.76,46936.0,56.7026
2002-08-01,119.1,180.5,1.58603162650603,1.79,,
2002-08-02,118.98,180.5,1.58603162650603,1.72,,
2002-08-05,119.26,180.5,1.58603162650603,1.77,,
2002-08-06,121.14,180.5,1.58603162650603,1.74,,
2002-08-07,120.37,180.5,1.58603162650603,1.71,,
2002-08-08,121.04,180.5,1.58603162650603,1.71,,
2002-08-09,120.15,180.5,1.58603162650603,1.68,,
2002-08-12,118.85,180.5,1.58603162650603,1.76,,
2002-08-13,119.08,180.5,1.58603162650603,1.74,,
2002-08-14,116.53,180.5,1.58603162650603,1.78,,
2002-08-15,117.28,180.5,1.58603162650603,1.87,,
2002-08-16,117.51,180.5,1.58603162650603,1.7,,
2002-08-19,118.53,180.5,1.58603162650603,1.72,,
2002-08-20,118.84,180.5,1.58603162650603,1.7,,
2002-08-21,118.54,180.5,1.58603162650603,1.72,,
2002-08-22,119.85,180.5,1.58603162650603,1.73,,
2002-08-23,119.53,180.5,1.58603162650603,1.72,,
2002-08-26,119.54,180.5,1.58603162650603,1.81,,
2002-08-27,118.31,180.5,1.58603162650603,1.79,,
2002-08-28,118.31,180.5,1.58603162650603,1.8,,
2002-08-29,118.34,180.5,1.58603162650603,1.82,,
2002-08-30,118.76,180.5,1.58603162650603,1.81,,
2002-09-02,,180.8,1.58603162650603,1.81,,
2002-09-03,117.12,180.8,1.58603162650603,1.87,,
2002-09-04,118.01,180.8,1.58603162650603,1.74,,
2002-09-05,118.34,180.8,1.58603162650603,1.75,,
2002-09-06,118.48,180.8,1.58603162650603,1.71,,
2002-09-09,118.85,180.8,1.58603162650603,1.76,,
2002-09-10,119.78,180.8,1.58603162650603,1.74,,
2002-09-11,120.64,180.8,1.58603162650603,1.72,,
2002-09-12,120.68,180.8,1.58603162650603,1.74,,
2002-09-13,121.5,180.8,1.58603162650603,1.72,,
2002-09-16,122.17,180.8,1.58603162650603,1.83,,
2002-09-17,122.64,180.8,1.58603162650603,1.72,,
2002-09-18,121.49,180.8,1.58603162650603,1.68,,
2002-09-19,121.48,180.8,1.58603162650603,1.69,,
2002-09-20,123.16,180.8,1.58603162650603,1.7,,
2002-09-23,123.93,180.8,1.58603162650603,1.74,,
2002-09-24,123.38,180.8,1.58603162650603,1.75,,
2002-09-25,122.72,180.8,1.58603162650603,1.79,,
2002-09-26,122.59,180.8,1.58603162650603,1.8,,
2002-09-27,122.86,180.8,1.58603162650603,1.78,,
2002-09-30,121.74,180.8,1.58603162650603,1.85,,
2002-10-01,122.73,181.2,1.58603162650603,1.85,46883.0,57.91028
2002-10-02,123.21,181.2,1.58603162650603,1.75,46883.0,57.91028
2002-10-03,123.04,181.2,1.58603162650603,1.76,46883.0,57.91028
2002-10-04,123.02,181.2,1.58603162650603,1.72,46883.0,57.91028
2002-10-07,124.44,181.2,1.58603162650603,1.74,46883.0,57.91028
2002-10-08,124.26,181.2,1.58603162650603,1.72,46883.0,57.91028
2002-10-09,123.55,181.2,1.58603162650603,1.73,46883.0,57.91028
2002-10-10,123.64,181.2,1.58603162650603,1.75,46883.0,57.91028
2002-10-11,124.04,181.2,1.58603162650603,1.73,46883.0,57.91028
2002-10-14,,181.2,1.58603162650603,1.73,46883.0,57.91028
2002-10-15,124.66,181.2,1.58603162650603,1.88,46883.0,57.91028
2002-10-16,124.3,181.2,1.58603162650603,1.73,46883.0,57.91028
2002-10-17,124.8,181.2,1.58603162650603,1.74,46883.0,57.91028
2002-10-18,125.52,181.2,1.58603162650603,1.71,46883.0,57.91028
2002-10-21,124.71,181.2,1.58603162650603,1.73,46883.0,57.91028
2002-10-22,125.09,181.2,1.58603162650603,1.71,46883.0,57.91028
2002-10-23,124.17,181.2,1.58603162650603,1.76,46883.0,57.91028
2002-10-24,124.77,181.2,1.58603162650603,1.8,46883.0,57.91028
2002-10-25,124.14,181.2,1.58603162650603,1.82,46883.0,57.91028
2002-10-28,123.64,181.2,1.58603162650603,1.79,46883.0,57.91028
2002-10-29,122.55,181.2,1.58603162650603,1.75,46883.0,57.91028
2002-10-30,122.91,181.2,1.58603162650603,1.72,46883.0,57.91028
2002-10-31,122.78,181.2,1.58603162650603,1.82,46883.0,57.91028
2002-11-01,122.16,181.5,1.58603162650603,1.74,,
2002-11-04,122.46,181.5,1.58603162650603,1.71,,
2002-11-05,121.84,181.5,1.58603162650603,1.64,,
2002-11-06,122.22,181.5,1.58603162650603,1.48,,
2002-11-07,121.26,181.5,1.58603162650603,1.27,,
2002-11-08,119.72,181.5,1.58603162650603,1.18,,
2002-11-11,,181.5,1.58603162650603,1.18,,
2002-11-12,119.57,181.5,1.58603162650603,1.29,,
2002-11-13,120.28,181.5,1.58603162650603,1.17,,
2002-11-14,120.45,181.5,1.58603162650603,1.29,,
2002-11-15,120.37,181.5,1.58603162650603,1.35,,
2002-11-18,121.15,181.5,1.58603162650603,1.21,,
2002-11-19,121.65,181.5,1.58603162650603,1.2,,
2002-11-20,122.52,181.5,1.58603162650603,1.23,,
2002-11-21,122.92,181.5,1.58603162650603,1.27,,
2002-11-22,122.84,181.5,1.58603162650603,1.25,,
2002-11-25,122.32,181.5,1.58603162650603,1.32,,
2002-11-26,121.89,181.5,1.58603162650603,1.26,,
2002-11-27,122.21,181.5,1.58603162650603,1.27,,
2002-11-28,,181.5,1.58603162650603,1.27,,
2002-11-29,122.72,181.5,1.58603162650603,1.23,,
2002-12-02,124.61,181.8,1.58603162650603,1.27,,
2002-12-03,124.42,181.8,1.58603162650603,1.24,,
2002-12-04,124.84,181.8,1.58603162650603,1.23,,
2002-12-05,124.99,181.8,1.58603162650603,1.24,,
2002-12-06,123.69,181.8,1.58603162650603,1.21,,
2002-12-09,123.36,181.8,1.58603162650603,1.22,,
2002-12-10,123.66,181.8,1.58603162650603,1.22,,
2002-12-11,123.46,181.8,1.58603162650603,1.29,,
2002-12-12,122.75,181.8,1.58603162650603,1.29,,
2002-12-13,120.71,181.8,1.58603162650603,1.25,,
2002-12-16,121.28,181.8,1.58603162650603,1.36,,
2002-12-17,121.27,181.8,1.58603162650603,1.26,,
2002-12-18,121.12,181.8,1.58603162650603,1.25,,
2002-12-19,120.86,181.8,1.58603162650603,1.28,,
2002-12-20,120.52,181.8,1.58603162650603,1.26,,
2002-12-23,120.77,181.8,1.58603162650603,1.28,,
2002-12-24,120.27,181.8,1.58603162650603,1.15,,
2002-12-25,,181.8,1.58603162650603,1.15,,
2002-12-26,120.12,181.8,1.58603162650603,1.28,,
2002-12-27,119.92,181.8,1.58603162650603,1.2,,
2002-12-30,118.38,181.8,1.58603162650603,1.23,,
2002-12-31,118.75,181.8,1.58603162650603,1.16,,
2003-01-01,,182.6,2.27009497336113,1.16,47027.0,57.81906
2003-01-02,119.86,182.6,2.27009497336113,1.3,47027.0,57.81906
2003-01-03,119.85,182.6,2.27009497336113,1.12,47027.0,57.81906
2003-01-06,119.06,182.6,2.27009497336113,1.22,47027.0,57.81906
2003-01-07,120.18,182.6,2.27009497336113,1.2,47027.0,57.81906
2003-01-08,119.35,182.6,2.27009497336113,1.29,47027.0,57.81906
2003-01-09,119.57,182.6,2.27009497336113,1.29,47027.0,57.81906
2003-01-10,119.44,182.6,2.27009497336113,1.25,47027.0,57.81906
2003-01-13,119.03,182.6,2.27009497336113,1.26,47027.0,57.81906
2003-01-14,117.96,182.6,2.27009497336113,1.24,47027.0,57.81906
2003-01-15,117.91,182.6,2.27009497336113,1.3,47027.0,57.81906
2003-01-16,118.02,182.6,2.27009497336113,1.24,47027.0,57.81906
2003-01-17,117.88,182.6,2.27009497336113,1.2,47027.0,57.81906
2003-01-20,,182.6,2.27009497336113,1.2,47027.0,57.81906
2003-01-21,118.57,182.6,2.27009497336113,1.31,47027.0,57.81906
2003-01-22,118.15,182.6,2.27009497336113,1.26,47027.0,57.81906
2003-01-23,117.83,182.6,2.27009497336113,1.27,47027.0,57.81906
2003-01-24,117.8,182.6,2.27009497336113,1.21,47027.0,57.81906
2003-01-27,118.64,182.6,2.27009497336113,1.3,47027.0,57.81906
2003-01-28,118.67,182.6,2.27009497336113,1.23,47027.0,57.81906
2003-01-29,118.13,182.6,2.27009497336113,1.26,47027.0,57.81906
2003-01-30,119.22,182.6,2.27009497336113,1.29,47027.0,57.81906
2003-01-31,119.96,182.6,2.27009497336113,1.33,47027.0,57.81906
2003-02-03,120.47,183.6,2.27009497336113,1.3,,
2003-02-04,119.75,183.6,2.27009497336113,1.21,,
2003-02-05,119.78,183.6,2.27009497336113,1.21,,
2003-02-06,119.93,183.6,2.27009497336113,1.23,,
2003-02-07,120.4,183.6,2.27009497336113,1.21,,
2003-02-10,121.25,183.6,2.27009497336113,1.25,,
2003-02-11,121.19,183.6,2.27009497336113,1.22,,
2003-02-12,121.3,183.6,2.27009497336113,1.23,,
2003-02-13,120.49,183.6,2.27009497336113,1.28,,
2003-02-14,120.41,183.6,2.27009497336113,1.3,,
2003-02-17,,183.6,2.27009497336113,1.3,,
2003-02-18,118.93,183.6,2.27009497336113,1.35,,
2003-02-19,118.65,183.6,2.27009497336113,1.24,,
2003-02-20,118.18,183.6,2.27009497336113,1.25,,
2003-02-21,118.78,183.6,2.27009497336113,1.21,,
2003-02-24,117.78,183.6,2.27009497336113,1.25,,
2003-02-25,117.14,183.6,2.27009497336113,1.28,,
2003-02-26,117.19,183.6,2.27009497336113,1.28,,
2003-02-27,117.58,183.6,2.27009497336113,1.31,,
2003-02-28,118.22,183.6,2.27009497336113,1.33,,
2003-03-03,117.93,183.9,2.27009497336113,1.33,,
2003-03-04,117.96,183.9,2.27009497336113,1.2,,
2003-03-05,117.32,183.9,2.27009497336113,1.22,,
2003-03-06,117.22,183.9,2.27009497336113,1.23,,
2003-03-07,116.47,183.9,2.27009497336113,1.2,,
2003-03-10,116.55,183.9,2.27009497336113,1.23,,
2003-03-11,117.07,183.9,2.27009497336113,1.21,,
2003-03-12,117.18,183.9,2.27009497336113,1.23,,
2003-03-13,118.31,183.9,2.27009497336113,1.31,,
2003-03-14,118.59,183.9,2.27009497336113,1.3,,
2003-03-17,118.45,183.9,2.27009497336113,1.31,,
2003-03-18,118.9,183.9,2.27009497336113,1.2,,
2003-03-19,120.13,183.9,2.27009497336113,1.2,,
2003-03-20,120.05,183.9,2.27009497336113,1.23,,
2003-03-21,121.42,183.9,2.27009497336113,1.2,,
2003-03-24,120.69,183.9,2.27009497336113,1.23,,
2003-03-25,120.03,183.9,2.27009497336113,1.24,,
2003-03-26,120.13,183.9,2.27009497336113,1.26,,
2003-03-27,119.78,183.9,2.27009497336113,1.29,,
2003-03-28,120.18,183.9,2.27009497336113,1.26,,
2003-03-31,118.07,183.9,2.27009497336113,1.38,,
2003-04-01,118.25,183.2,2.27009497336113,1.29,47342.0,58.96101
2003-04-02,119.17,183.2,2.27009497336113,1.19,47342.0,58.96101
2003-04-03,119.55,183.2,2.27009497336113,1.24,47342.0,58.96101
2003-04-04,120.05,183.2,2.27009497336113,1.22,47342.0,58.96101
2003-04-07,120.41,183.2,2.27009497336113,1.25,47342.0,58.96101
2003-04-08,119.91,183.2,2.27009497336113,1.22,47342.0,58.96101
2003-04-09,120.55,183.2,2.27009497336113,1.24,47342.0,58.96101
2003-04-10,119.58,183.2,2.27009497336113,1.27,47342.0,58.96101
2003-04-11,120.47,183.2,2.27009497336113,1.24,47342.0,58.96101
2003-04-14,120.3,183.2,2.27009497336113,1.32,47342.0,58.96101
2003-04-15,120.2,183.2,2.27009497336113,1.34,47342.0,58.96101
2003-04-16,120.04,183.2,2.27009497336113,1.26,47342.0,58.96101
2003-04-17,119.3,183.2,2.27009497336113,1.28,47342.0,58.96101
2003-04-18,119.72,183.2,2.27009497336113,1.24,47342.0,58.96101
2003-04-21,120.55,183.2,2.27009497336113,1.29,47342.0,58.96101
2003-04-22,119.68,183.2,2.27009497336113,1.26,47342.0,58.96101
2003-04-23,120.33,183.2,2.27009497336113,1.24,47342.0,58.96101
2003-04-24,119.83,183.2,2.27009497336113,1.24,47342.0,58.96101
2003-04-25,120.25,183.2,2.27009497336113,1.28,47342.0,58.96101
2003-04-28,120.34,183.2,2.27009497336113,1.29,47342.0,58.96101
2003-04-29,120.14,183.2,2.27009497336113,1.27,47342.0,58.96101
2003-04-30,119.07,183.2,2.27009497336113,1.31,47342.0,58.96101
2003-05-01,118.56,182.9,2.27009497336113,1.3,,
2003-05-02,119.1,182.9,2.27009497336113,1.24,,
2003-05-05,118.64,182.9,2.27009497336113,1.27,,
2003-05-06,117.94,182.9,2.27009497336113,1.28,,
2003-05-07,116.51,182.9,2.27009497336113,1.28,,
2003-05-08,116.65,182.9,2.27009497336113,1.27,,
2003-05-09,117.2,182.9,2.27009497336113,1.24,,
2003-05-12,116.94,182.9,2.27009497336113,1.25,,
2003-05-13,116.56,182.9,2.27009497336113,1.23,,
2003-05-14,116.16,182.9,2.27009497336113,1.3,,
2003-05-15,115.94,182.9,2.27009497336113,1.36,,
2003-05-16,116.01,182.9,2.27009497336113,1.26,,
2003-05-19,116.58,182.9,2.27009497336113,1.26,,
2003-05-20,116.77,182.9,2.27009497336113,1.23,,
2003-05-21,117.23,182.9,2.27009497336113,1.23,,
2003-05-22,117.25,182.9,2.27009497336113,1.25,,
2003-05-23,116.89,182.9,2.27009497336113,1.21,,
2003-05-26,,182.9,2.27009497336113,1.21,,
2003-05-27,117.12,182.9,2.27009497336113,1.32,,
2003-05-28,118.73,182.9,2.27009497336113,1.29,,
2003-05-29,118.45,182.9,2.27009497336113,1.29,,
2003-05-30,119.5,182.9,2.27009497336113,1.28,,
2003-06-02,118.52,183.1,2.27009497336113,1.27,,
2003-06-03,119.27,183.1,2.27009497336113,1.21,,
2003-06-04,118.6,183.1,2.27009497336113,1.22,,
2003-06-05,117.61,183.1,2.27009497336113,1.26,,
2003-06-06,118.83,183.1,2.27009497336113,1.24,,
2003-06-09,118.11,183.1,2.27009497336113,1.25,,
2003-06-10,117.68,183.1,2.27009497336113,1.22,,
2003-06-11,117.69,183.1,2.27009497336113,1.25,,
2003-06-12,117.66,183.1,2.27009497336113,1.25,,
2003-06-13,117.46,183.1,2.27009497336113,1.24,,
2003-06-16,117.79,183.1,2.27009497336113,1.33,,
2003-06-17,118.2,183.1,2.27009497336113,1.24,,
2003-06-18,118.4,183.1,2.27009497336113,1.22,,
2003-06-19,118.74,183.1,2.27009497336113,1.22,,
2003-06-20,118.39,183.1,2.27009497336113,1.23,,
2003-06-23,117.55,183.1,2.27009497336113,1.21,,
2003-06-24,117.96,183.1,2.27009497336113,1.15,,
2003-06-25,117.54,183.1,2.27009497336113,1.18,,
2003-06-26,119.32,183.1,2.27009497336113,1.1,,
2003-06-27,119.72,183.1,2.27009497336113,1.08,,
2003-06-30,119.87,183.1,2.27009497336113,1.45,,
2003-07-01,119.45,183.7,2.27009497336113,1.11,48012.0,58.64541
2003-07-02,118.63,183.7,2.27009497336113,1.01,48012.0,58.64541
2003-07-03,118.24,183.7,2.27009497336113,0.96,48012.0,58.64541
2003-07-04,,183.7,2.27009497336113,0.96,48012.0,58.64541
2003-07-07,118.08,183.7,2.27009497336113,1.0,48012.0,58.64541
2003-07-08,118.58,183.7,2.27009497336113,0.93,48012.0,58.64541
2003-07-09,117.85,183.7,2.27009497336113,0.96,48012.0,58.64541
2003-07-10,117.69,183.7,2.27009497336113,1.0,48012.0,58.64541
2003-07-11,117.8,183.7,2.27009497336113,0.98,48012.0,58.64541
2003-07-14,117.54,183.7,2.27009497336113,1.07,48012.0,58.64541
2003-07-15,117.24,183.7,2.27009497336113,1.13,48012.0,58.64541
2003-07-16,118.24,183.7,2.27009497336113,1.01,48012.0,58.64541
2003-07-17,118.87,183.7,2.27009497336113,1.02,48012.0,58.64541
2003-07-18,118.4,183.7,2.27009497336113,0.99,48012.0,58.64541
2003-07-21,118.35,183.7,2.27009497336113,1.02,48012.0,58.64541
2003-07-22,119.34,183.7,2.27009497336113,1.0,48012.0,58.64541
2003-07-23,118.77,183.7,2.27009497336113,1.05,48012.0,58.64541
2003-07-24,119.25,183.7,2.27009497336113,1.04,48012.0,58.64541
2003-07-25,118.82,183.7,2.27009497336113,1.03,48012.0,58.64541
2003-07-28,119.42,183.7,2.27009497336113,1.05,48012.0,58.64541
2003-07-29,119.78,183.7,2.27009497336113,1.04,48012.0,58.64541
2003-07-30,120.55,183.7,2.27009497336113,1.03,48012.0,58.64541
2003-07-31,120.42,183.7,2.27009497336113,1.04,48012.0,58.64541
2003-08-01,120.0,184.5,2.27009497336113,1.0,,
2003-08-04,120.47,184.5,2.27009497336113,1.0,,
2003-08-05,119.95,184.5,2.27009497336113,0.86,,
2003-08-06,120.33,184.5,2.27009497336113,0.88,,
2003-08-07,118.91,184.5,2.27009497336113,0.95,,
2003-08-08,119.02,184.5,2.27009497336113,0.96,,
2003-08-11,118.36,184.5,2.27009497336113,1.02,,
2003-08-12,118.53,184.5,2.27009497336113,0.99,,
2003-08-13,119.07,184.5,2.27009497336113,1.01,,
2003-08-14,119.14,184.5,2.27009497336113,1.22,,
2003-08-15,119.24,184.5,2.27009497336113,1.39,,
2003-08-18,119.43,184.5,2.27009497336113,1.03,,
2003-08-19,119.26,184.5,2.27009497336113,0.93,,
2003-08-20,118.23,184.5,2.27009497336113,0.89,,
2003-08-21,117.58,184.5,2.27009497336113,1.01,,
2003-08-22,117.58,184.5,2.27009497336113,0.99,,
2003-08-25,117.43,184.5,2.27009497336113,1.04,,
2003-08-26,117.49,184.5,2.27009497336113,1.0,,
2003-08-27,117.74,184.5,2.27009497336113,0.98,,
2003-08-28,117.44,184.5,2.27009497336113,1.04,,
2003-08-29,116.71,184.5,2.27009497336113,1.01,,
2003-09-01,,185.1,2.27009497336113,1.01,,
2003-09-02,116.15,185.1,2.27009497336113,1.06,,
2003-09-03,116.04,185.1,2.27009497336113,0.96,,
2003-09-04,116.77,185.1,2.27009497336113,0.98,,
2003-09-05,117.06,185.1,2.27009497336113,0.96,,
2003-09-08,116.48,185.1,2.27009497336113,0.99,,
2003-09-09,116.33,185.1,2.27009497336113,0.95,,
2003-09-10,117.13,185.1,2.27009497336113,0.95,,
2003-09-11,117.07,185.1,2.27009497336113,1.0,,
2003-09-12,117.38,185.1,2.27009497336113,1.02,,
2003-09-15,117.41,185.1,2.27009497336113,1.11,,
2003-09-16,116.27,185.1,2.27009497336113,0.97,,
2003-09-17,115.99,185.1,2.27009497336113,0.97,,
2003-09-18,115.27,185.1,2.27009497336113,1.0,,
2003-09-19,113.99,185.1,2.27009497336113,0.99,,
2003-09-22,111.95,185.1,2.27009497336113,1.02,,
2003-09-23,111.65,185.1,2.27009497336113,1.01,,
2003-09-24,111.7,185.1,2.27009497336113,1.03,,
2003-09-25,111.86,185.1,2.27009497336113,1.08,,
2003-09-26,111.8,185.1,2.27009497336113,1.03,,
2003-09-29,111.07,185.1,2.27009497336113,1.04,,
2003-09-30,111.43,185.1,2.27009497336113,1.17,,
2003-10-01,110.61,184.9,2.27009497336113,1.11,48450.0,59.44466
2003-10-02,110.59,184.9,2.27009497336113,1.02,48450.0,59.44466
2003-10-03,110.9,184.9,2.27009497336113,0.99,48450.0,59.44466
2003-10-06,110.81,184.9,2.27009497336113,0.99,48450.0,59.44466
2003-10-07,109.81,184.9,2.27009497336113,0.98,48450.0,59.44466
2003-10-08,109.55,184.9,2.27009497336113,0.99,48450.0,59.44466
2003-10-09,109.34,184.9,2.27009497336113,1.02,48450.0,59.44466
2003-10-10,108.57,184.9,2.27009497336113,1.0,48450.0,59.44466
2003-10-13,,184.9,2.27009497336113,1.0,48450.0,59.44466
2003-10-14,109.29,184.9,2.27009497336113,1.08,48450.0,59.44466
2003-10-15,109.56,184.9,2.27009497336113,1.09,48450.0,59.44466
2003-10-16,109.36,184.9,2.27009497336113,1.04,48450.0,59.44466
2003-10-17,109.57,184.9,2.27009497336113,0.98,48450.0,59.44466
2003-10-20,110.22,184.9,2.27009497336113,1.02,48450.0,59.44466
2003-10-21,109.69,184.9,2.27009497336113,0.99,48450.0,59.44466
2003-10-22,108.95,184.9,2.27009497336113,0.99,48450.0,59.44466
2003-10-23,109.59,184.9,2.27009497336113,1.02,48450.0,59.44466
2003-10-24,109.23,184.9,2.27009497336113,1.01,48450.0,59.44466
2003-10-27,108.38,184.9,2.27009497336113,1.03,48450.0,59.44466
2003-10-28,108.33,184.9,2.27009497336113,0.98,48450.0,59.44466
2003-10-29,108.18,184.9,2.27009497336113,0.97,48450.0,59.44466
2003-10-30,108.27,184.9,2.27009497336113,1.02,48450.0,59.44466
2003-10-31,110.1,184.9,2.27009497336113,1.03,48450.0,59.44466
2003-11-03,111.2,185.0,2.27009497336113,1.02,,
2003-11-04,109.6,185.0,2.27009497336113,0.98,,
2003-11-05,109.91,185.0,2.27009497336113,0.98,,
2003-11-06,110.15,185.0,2.27009497336113,1.0,,
2003-11-07,109.29,185.0,2.27009497336113,0.98,,
2003-11-10,107.98,185.0,2.27009497336113,0.99,,
2003-11-11,,185.0,2.27009497336113,0.99,,
2003-11-12,108.55,185.0,2.27009497336113,1.0,,
2003-11-13,108.33,185.0,2.27009497336113,0.99,,
2003-11-14,108.43,185.0,2.27009497336113,0.98,,
2003-11-17,108.98,185.0,2.27009497336113,1.04,,
2003-11-18,108.11,185.0,2.27009497336113,0.98,,
2003-11-19,109.06,185.0,2.27009497336113,0.98,,
2003-11-20,108.99,185.0,2.27009497336113,1.0,,
2003-11-21,108.87,185.0,2.27009497336113,0.98,,
2003-11-24,109.39,185.0,2.27009497336113,0.98,,
2003-11-25,109.72,185.0,2.27009497336113,1.02,,
2003-11-26,109.11,185.0,2.27009497336113,1.01,,
2003-11-27,,185.0,2.27009497336113,1.01,,
2003-11-28,109.53,185.0,2.27009497336113,1.01,,
2003-12-01,109.61,185.5,2.27009497336113,1.03,,
2003-12-02,108.82,185.5,2.27009497336113,0.97,,
2003-12-03,108.17,185.5,2.27009497336113,0.98,,
2003-12-04,108.19,185.5,2.27009497336113,0.99,,
2003-12-05,107.78,185.5,2.27009497336113,0.98,,
2003-12-08,107.23,185.5,2.27009497336113,0.99,,
2003-12-09,107.3,185.5,2.27009497336113,0.97,,
2003-12-10,108.4,185.5,2.27009497336113,0.99,,
2003-12-11,108.23,185.5,2.27009497336113,0.99,,
2003-12-12,107.73,185.5,2.27009497336113,0.99,,
2003-12-15,107.52,185.5,2.27009497336113,1.04,,
2003-12-16,107.6,185.5,2.27009497336113,0.99,,
2003-12-17,107.42,185.5,2.27009497336113,0.99,,
2003-12-18,107.92,185.5,2.27009497336113,1.01,,
2003-12-19,107.94,185.5,2.27009497336113,0.98,,
2003-12-22,107.4,185.5,2.27009497336113,1.02,,
2003-12-23,107.44,185.5,2.27009497336113,1.0,,
2003-12-24,107.29,185.5,2.27009497336113,0.97,,
2003-12-25,,185.5,2.27009497336113,0.97,,
2003-12-26,107.18,185.5,2.27009497336113,0.97,,
2003-12-29,106.93,185.5,2.27009497336113,0.98,,
2003-12-30,107.0,185.5,2.27009497336113,0.93,,
2003-12-31,107.13,185.5,2.27009497336113,0.94,,
2004-01-01,,186.3,2.67723669309173,0.94,48633.0,59.8071
2004-01-02,106.95,186.3,2.67723669309173,1.01,48633.0,59.8071
2004-01-05,106.1,186.3,2.67723669309173,0.97,48633.0,59.8071
2004-01-06,106.2,186.3,2.67723669309173,0.92,48633.0,59.8071
2004-01-07,106.19,186.3,2.67723669309173,0.94,48633.0,59.8071
2004-01-08,106.17,186.3,2.67723669309173,0.99,48633.0,59.8071
2004-01-09,106.54,186.3,2.67723669309173,0.99,48633.0,59.8071
2004-01-12,106.48,186.3,2.67723669309173,1.0,48633.0,59.8071
2004-01-13,106.25,186.3,2.67723669309173,0.99,48633.0,59.8071
2004-01-14,106.06,186.3,2.67723669309173,1.01,48633.0,59.8071
2004-01-15,106.1,186.3,2.67723669309173,1.04,48633.0,59.8071
2004-01-16,106.87,186.3,2.67723669309173,0.98,48633.0,59.8071
2004-01-19,,186.3,2.67723669309173,0.98,48633.0,59.8071
2004-01-20,107.17,186.3,2.67723669309173,1.02,48633.0,59.8071
2004-01-21,106.84,186.3,2.67723669309173,1.0,48633.0,59.8071
2004-01-22,106.08,186.3,2.67723669309173,1.02,48633.0,59.8071
2004-01-23,106.21,186.3,2.67723669309173,1.0,48633.0,59.8071
2004-01-26,106.15,186.3,2.67723669309173,1.08,48633.0,59.8071
2004-01-27,105.56,186.3,2.67723669309173,1.02,48633.0,59.8071
2004-01-28,105.52,186.3,2.67723669309173,0.99,48633.0,59.8071
2004-01-29,106.09,186.3,2.67723669309173,1.0,48633.0,59.8071
2004-01-30,105.84,186.3,2.67723669309173,1.03,48633.0,59.8071
2004-02-02,105.59,186.7,2.67723669309173,1.01,,
2004-02-03,105.36,186.7,2.67723669309173,0.97,,
2004-02-04,105.53,186.7,2.67723669309173,1.0,,
2004-02-05,105.52,186.7,2.67723669309173,1.01,,
2004-02-06,105.57,186.7,2.67723669309173,0.99,,
2004-02-09,105.68,186.7,2.67723669309173,1.01,,
2004-02-10,105.55,186.7,2.67723669309173,1.0,,
2004-02-11,105.37,186.7,2.67723669309173,1.0,,
2004-02-12,105.42,186.7,2.67723669309173,1.02,,
2004-02-13,105.6,186.7,2.67723669309173,1.01,,
2004-02-16,,186.7,2.67723669309173,1.01,,
2004-02-17,105.8,186.7,2.67723669309173,1.02,,
2004-02-18,106.37,186.7,2.67723669309173,1.0,,
2004-02-19,107.09,186.7,2.67723669309173,1.0,,
2004-02-20,108.83,186.7,2.67723669309173,0.99,,
2004-02-23,108.22,186.7,2.67723669309173,1.0,,
2004-02-24,108.11,186.7,2.67723669309173,0.99,,
2004-02-25,108.99,186.7,2.67723669309173,1.02,,
2004-02-26,109.59,186.7,2.67723669309173,1.03,,
2004-02-27,109.26,186.7,2.67723669309173,1.04,,
2004-03-01,108.93,187.1,2.67723669309173,1.04,,
2004-03-02,110.27,187.1,2.67723669309173,1.0,,
2004-03-03,110.25,187.1,2.67723669309173,1.0,,
2004-03-04,110.74,187.1,2.67723669309173,0.99,,
2004-03-05,111.42,187.1,2.67723669309173,1.0,,
2004-03-08,112.12,187.1,2.67723669309173,1.0,,
2004-03-09,111.2,187.1,2.67723669309173,0.99,,
2004-03-10,111.04,187.1,2.67723669309173,1.0,,
2004-03-11,110.89,187.1,2.67723669309173,1.01,,
2004-03-12,110.82,187.1,2.67723669309173,0.99,,
2004-03-15,110.48,187.1,2.67723669309173,1.05,,
2004-03-16,108.95,187.1,2.67723669309173,0.99,,
2004-03-17,108.18,187.1,2.67723669309173,1.0,,
2004-03-18,106.6,187.1,2.67723669309173,1.0,,
2004-03-19,106.97,187.1,2.67723669309173,0.99,,
2004-03-22,106.84,187.1,2.67723669309173,1.01,,
2004-03-23,106.63,187.1,2.67723669309173,0.99,,
2004-03-24,106.23,187.1,2.67723669309173,0.99,,
2004-03-25,106.06,187.1,2.67723669309173,1.02,,
2004-03-26,105.93,187.1,2.67723669309173,1.0,,
2004-03-29,105.52,187.1,2.67723669309173,1.0,,
2004-03-30,105.61,187.1,2.67723669309173,0.98,,
2004-03-31,104.18,187.1,2.67723669309173,1.05,,
2004-04-01,103.7,187.4,2.67723669309173,1.03,48905.0,60.05487
2004-04-02,104.55,187.4,2.67723669309173,1.0,48905.0,60.05487
2004-04-05,105.36,187.4,2.67723669309173,1.01,48905.0,60.05487
2004-04-06,105.9,187.4,2.67723669309173,1.0,48905.0,60.05487
2004-04-07,105.2,187.4,2.67723669309173,1.0,48905.0,60.05487
2004-04-08,106.1,187.4,2.67723669309173,1.02,48905.0,60.05487
2004-04-09,106.45,187.4,2.67723669309173,1.01,48905.0,60.05487
2004-04-12,105.5,187.4,2.67723669309173,1.0,48905.0,60.05487
2004-04-13,106.96,187.4,2.67723669309173,1.0,48905.0,60.05487
2004-04-14,108.53,187.4,2.67723669309173,1.01,48905.0,60.05487
2004-04-15,108.58,187.4,2.67723669309173,1.03,48905.0,60.05487
2004-04-16,107.69,187.4,2.67723669309173,0.99,48905.0,60.05487
2004-04-19,108.5,187.4,2.67723669309173,1.0,48905.0,60.05487
2004-04-20,108.43,187.4,2.67723669309173,0.99,48905.0,60.05487
2004-04-21,109.55,187.4,2.67723669309173,0.99,48905.0,60.05487
2004-04-22,109.85,187.4,2.67723669309173,1.0,48905.0,60.05487
2004-04-23,109.38,187.4,2.67723669309173,0.99,48905.0,60.05487
2004-04-26,108.55,187.4,2.67723669309173,1.01,48905.0,60.05487
2004-04-27,109.48,187.4,2.67723669309173,0.99,48905.0,60.05487
2004-04-28,109.85,187.4,2.67723669309173,1.01,48905.0,60.05487
2004-04-29,109.96,187.4,2.67723669309173,1.03,48905.0,60.05487
2004-04-30,110.37,187.4,2.67723669309173,1.03,48905.0,60.05487
2004-05-03,110.34,188.2,2.67723669309173,1.03,,
2004-05-04,110.02,188.2,2.67723669309173,1.0,,
2004-05-05,108.5,188.2,2.67723669309173,0.99,,
2004-05-06,109.58,188.2,2.67723669309173,1.0,,
2004-05-07,112.3,188.2,2.67723669309173,0.99,,
2004-05-10,114.03,188.2,2.67723669309173,1.0,,
2004-05-11,113.67,188.2,2.67723669309173,0.96,,
2004-05-12,113.21,188.2,2.67723669309173,0.98,,
2004-05-13,114.25,188.2,2.67723669309173,1.0,,
2004-05-14,114.3,188.2,2.67723669309173,1.02,,
2004-05-17,114.1,188.2,2.67723669309173,1.05,,
2004-05-18,114.06,188.2,2.67723669309173,1.0,,
2004-05-19,112.77,188.2,2.67723669309173,1.0,,
2004-05-20,113.18,188.2,2.67723669309173,1.0,,
2004-05-21,112.09,188.2,2.67723669309173,0.99,,
2004-05-24,112.66,188.2,2.67723669309173,1.0,,
2004-05-25,112.21,188.2,2.67723669309173,1.0,,
2004-05-26,111.7,188.2,2.67723669309173,0.99,,
2004-05-27,110.77,188.2,2.67723669309173,1.0,,
2004-05-28,110.18,188.2,2.67723669309173,1.02,,
2004-05-31,,188.2,2.67723669309173,1.02,,
2004-06-01,110.45,188.9,2.67723669309173,1.02,,
2004-06-02,110.28,188.9,2.67723669309173,0.98,,
2004-06-03,111.14,188.9,2.67723669309173,0.99,,
2004-06-04,111.27,188.9,2.67723669309173,0.99,,
2004-06-07,109.61,188.9,2.67723669309173,0.99,,
2004-06-08,109.77,188.9,2.67723669309173,0.97,,
2004-06-09,109.74,188.9,2.67723669309173,0.99,,
2004-06-10,109.33,188.9,2.67723669309173,1.0,,
2004-06-11,110.09,188.9,2.67723669309173,1.0,,
2004-06-14,111.15,188.9,2.67723669309173,1.02,,
2004-06-15,109.59,188.9,2.67723669309173,1.03,,
2004-06-16,110.15,188.9,2.67723669309173,1.0,,
2004-06-17,109.63,188.9,2.67723669309173,1.01,,
2004-06-18,108.65,188.9,2.67723669309173,1.0,,
2004-06-21,108.57,188.9,2.67723669309173,1.0,,
2004-06-22,109.0,188.9,2.67723669309173,1.0,,
2004-06-23,108.64,188.9,2.67723669309173,1.02,,
2004-06-24,107.1,188.9,2.67723669309173,1.03,,
2004-06-25,107.82,188.9,2.67723669309173,1.05,,
2004-06-28,107.95,188.9,2.67723669309173,1.09,,
2004-06-29,108.18,188.9,2.67723669309173,1.13,,
2004-06-30,109.43,188.9,2.67723669309173,1.38,,
2004-07-01,108.24,189.1,2.67723669309173,1.4,49243.0,59.96643
2004-07-02,108.6,189.1,2.67723669309173,1.25,49243.0,59.96643
2004-07-05,,189.1,2.67723669309173,1.25,49243.0,59.96643
2004-07-06,109.24,189.1,2.67723669309173,1.3,49243.0,59.96643
2004-07-07,108.38,189.1,2.67723669309173,1.26,49243.0,59.96643
2004-07-08,108.76,189.1,2.67723669309173,1.26,49243.0,59.96643
2004-07-09,108.21,189.1,2.67723669309173,1.24,49243.0,59.96643
2004-07-12,108.24,189.1,2.67723669309173,1.26,49243.0,59.96643
2004-07-13,109.37,189.1,2.67723669309173,1.24,49243.0,59.96643
2004-07-14,109.13,189.1,2.67723669309173,1.24,49243.0,59.96643
2004-07-15,109.52,189.1,2.67723669309173,1.3,49243.0,59.96643
2004-07-16,108.77,189.1,2.67723669309173,1.24,49243.0,59.96643
2004-07-19,108.28,189.1,2.67723669309173,1.25,49243.0,59.96643
2004-07-20,108.38,189.1,2.67723669309173,1.25,49243.0,59.96643
2004-07-21,110.1,189.1,2.67723669309173,1.25,49243.0,59.96643
2004-07-22,109.68,189.1,2.67723669309173,1.26,49243.0,59.96643
2004-07-23,110.11,189.1,2.67723669309173,1.25,49243.0,59.96643
2004-07-26,110.08,189.1,2.67723669309173,1.27,49243.0,59.96643
2004-07-27,111.09,189.1,2.67723669309173,1.27,49243.0,59.96643
2004-07-28,111.78,189.1,2.67723669309173,1.29,49243.0,59.96643
2004-07-29,111.88,189.1,2.67723669309173,1.3,49243.0,59.96643
2004-07-30,111.39,189.1,2.67723669309173,1.29,49243.0,59.96643
2004-08-02,111.08,189.2,2.67723669309173,1.28,,
2004-08-03,110.6,189.2,2.67723669309173,1.24,,
2004-08-04,111.29,189.2,2.67723669309173,1.22,,
2004-08-05,111.53,189.2,2.67723669309173,1.3,,
2004-08-06,110.05,189.2,2.67723669309173,1.32,,
2004-08-09,110.57,189.2,2.67723669309173,1.35,,
2004-08-10,110.79,189.2,2.67723669309173,1.43,,
2004-08-11,110.78,189.2,2.67723669309173,1.5,,
2004-08-12,111.14,189.2,2.67723669309173,1.51,,
2004-08-13,110.67,189.2,2.67723669309173,1.48,,
2004-08-16,110.64,189.2,2.67723669309173,1.43,,
2004-08-17,110.07,189.2,2.67723669309173,1.2,,
2004-08-18,109.71,189.2,2.67723669309173,1.39,,
2004-08-19,109.34,189.2,2.67723669309173,1.5,,
2004-08-20,109.32,189.2,2.67723669309173,1.5,,
2004-08-23,109.47,189.2,2.67723669309173,1.51,,
2004-08-24,109.63,189.2,2.67723669309173,1.51,,
2004-08-25,110.38,189.2,2.67723669309173,1.55,,
2004-08-26,109.73,189.2,2.67723669309173,1.55,,
2004-08-27,109.51,189.2,2.67723669309173,1.52,,
2004-08-30,109.84,189.2,2.67723669309173,1.54,,
2004-08-31,109.0,189.2,2.67723669309173,1.55,,
2004-09-01,109.62,189.8,2.67723669309173,1.53,,
2004-09-02,109.52,189.8,2.67723669309173,1.51,,
2004-09-03,110.47,189.8,2.67723669309173,1.48,,
2004-09-06,,189.8,2.67723669309173,1.48,,
2004-09-07,109.32,189.8,2.67723669309173,1.54,,
2004-09-08,109.22,189.8,2.67723669309173,1.51,,
2004-09-09,109.69,189.8,2.67723669309173,1.49,,
2004-09-10,109.33,189.8,2.67723669309173,1.48,,
2004-09-13,110.13,189.8,2.67723669309173,1.51,,
2004-09-14,109.4,189.8,2.67723669309173,1.4,,
2004-09-15,110.34,189.8,2.67723669309173,1.57,,
2004-09-16,109.75,189.8,2.67723669309173,1.61,,
2004-09-17,109.97,189.8,2.67723669309173,1.58,,
2004-09-20,109.87,189.8,2.67723669309173,1.64,,
2004-09-21,109.94,189.8,2.67723669309173,1.7,,
2004-09-22,110.53,189.8,2.67723669309173,1.78,,
2004-09-23,110.39,189.8,2.67723669309173,1.8,,
2004-09-24,110.72,189.8,2.67723669309173,1.76,,
2004-09-27,111.13,189.8,2.67723669309173,1.76,,
2004-09-28,111.48,189.8,2.67723669309173,1.72,,
2004-09-29,110.9,189.8,2.67723669309173,1.76,,
2004-09-30,110.2,189.8,2.67723669309173,1.94,,
2004-10-01,110.45,190.8,2.67723669309173,1.86,49623.0,60.63713
2004-10-04,111.13,190.8,2.67723669309173,1.77,49623.0,60.63713
2004-10-05,111.21,190.8,2.67723669309173,1.73,49623.0,60.63713
2004-10-06,111.34,190.8,2.67723669309173,1.74,49623.0,60.63713
2004-10-07,111.15,190.8,2.67723669309173,1.76,49623.0,60.63713
2004-10-08,109.44,190.8,2.67723669309173,1.71,49623.0,60.63713
2004-10-11,,190.8,2.67723669309173,1.71,49623.0,60.63713
2004-10-12,109.79,190.8,2.67723669309173,1.78,49623.0,60.63713
2004-10-13,109.78,190.8,2.67723669309173,1.73,49623.0,60.63713
2004-10-14,109.6,190.8,2.67723669309173,1.77,49623.0,60.63713
2004-10-15,109.14,190.8,2.67723669309173,1.79,49623.0,60.63713
2004-10-18,109.23,190.8,2.67723669309173,1.73,49623.0,60.63713
2004-10-19,108.36,190.8,2.67723669309173,1.72,49623.0,60.63713
2004-10-20,108.16,190.8,2.67723669309173,1.74,49623.0,60.63713
2004-10-21,107.43,190.8,2.67723669309173,1.76,49623.0,60.63713
2004-10-22,107.42,190.8,2.67723669309173,1.72,49623.0,60.63713
2004-10-25,106.61,190.8,2.67723669309173,1.76,49623.0,60.63713
2004-10-26,106.63,190.8,2.67723669309173,1.72,49623.0,60.63713
2004-10-27,106.67,190.8,2.67723669309173,1.77,49623.0,60.63713
2004-10-28,106.09,190.8,2.67723669309173,1.79,49623.0,60.63713
2004-10-29,106.04,190.8,2.67723669309173,1.79,49623.0,60.63713
2004-11-01,106.41,191.7,2.67723669309173,1.83,,
2004-11-02,106.29,191.7,2.67723669309173,1.74,,
2004-11-03,106.2,191.7,2.67723669309173,1.73,,
2004-11-04,106.02,191.7,2.67723669309173,1.77,,
2004-11-05,105.6,191.7,2.67723669309173,1.76,,
2004-11-08,105.57,191.7,2.67723669309173,1.8,,
2004-11-09,105.57,191.7,2.67723669309173,1.79,,
2004-11-10,106.91,191.7,2.67723669309173,1.92,,
2004-11-11,,191.7,2.67723669309173,1.92,,
2004-11-12,105.53,191.7,2.67723669309173,2.02,,
2004-11-15,105.53,191.7,2.67723669309173,2.06,,
2004-11-16,105.35,191.7,2.67723669309173,1.98,,
2004-11-17,104.18,191.7,2.67723669309173,1.99,,
2004-11-18,104.23,191.7,2.67723669309173,1.99,,
2004-11-19,102.8,191.7,2.67723669309173,1.99,,
2004-11-22,103.2,191.7,2.67723669309173,2.01,,
2004-11-23,103.42,191.7,2.67723669309173,2.0,,
2004-11-24,102.94,191.7,2.67723669309173,2.02,,
2004-11-25,,191.7,2.67723669309173,2.02,,
2004-11-26,102.58,191.7,2.67723669309173,2.01,,
2004-11-29,102.61,191.7,2.67723669309173,2.03,,
2004-11-30,103.04,191.7,2.67723669309173,2.02,,
2004-12-01,102.78,191.7,2.67723669309173,2.04,,
2004-12-02,103.11,191.7,2.67723669309173,2.0,,
2004-12-03,102.56,191.7,2.67723669309173,1.98,,
2004-12-06,102.68,191.7,2.67723669309173,2.04,,
2004-12-07,102.74,191.7,2.67723669309173,1.99,,
2004-12-08,104.74,191.7,2.67723669309173,2.01,,
2004-12-09,104.93,191.7,2.67723669309173,2.05,,
2004-12-10,105.45,191.7,2.67723669309173,2.09,,
2004-12-13,104.67,191.7,2.67723669309173,2.18,,
2004-12-14,105.59,191.7,2.67723669309173,2.24,,
2004-12-15,104.02,191.7,2.67723669309173,2.31,,
2004-12-16,104.36,191.7,2.67723669309173,2.26,,
2004-12-17,104.28,191.7,2.67723669309173,2.23,,
2004-12-20,104.01,191.7,2.67723669309173,2.26,,
2004-12-21,104.33,191.7,2.67723669309173,2.24,,
2004-12-22,103.95,191.7,2.67723669309173,2.25,,
2004-12-23,103.71,191.7,2.67723669309173,2.34,,
2004-12-24,103.65,191.7,2.67723669309173,2.27,,
2004-12-27,102.97,191.7,2.67723669309173,2.24,,
2004-12-28,103.13,191.7,2.67723669309173,2.24,,
2004-12-29,104.19,191.7,2.67723669309173,2.23,,
2004-12-30,103.11,191.7,2.67723669309173,2.24,,
2004-12-31,102.68,191.7,2.67723669309173,1.97,,
2005-01-03,102.83,191.6,3.39274684549547,2.31,50068.0,60.91302
2005-01-04,104.27,191.6,3.39274684549547,2.25,50068.0,60.91302
2005-01-05,103.95,191.6,3.39274684549547,2.25,50068.0,60.91302
2005-01-06,104.87,191.6,3.39274684549547,2.25,50068.0,60.91302
2005-01-07,104.93,191.6,3.39274684549547,2.24,50068.0,60.91302
2005-01-10,104.32,191.6,3.39274684549547,2.26,50068.0,60.91302
2005-01-11,103.42,191.6,3.39274684549547,2.24,50068.0,60.91302
2005-01-12,102.26,191.6,3.39274684549547,2.25,50068.0,60.91302
2005-01-13,102.55,191.6,3.39274684549547,2.29,50068.0,60.91302
2005-01-14,102.5,191.6,3.39274684549547,2.29,50068.0,60.91302
2005-01-17,,191.6,3.39274684549547,2.29,50068.0,60.91302
2005-01-18,102.36,191.6,3.39274684549547,2.31,50068.0,60.91302
2005-01-19,102.52,191.6,3.39274684549547,2.19,50068.0,60.91302
2005-01-20,103.31,191.6,3.39274684549547,2.25,50068.0,60.91302
2005-01-21,102.85,191.6,3.39274684549547,2.26,50068.0,60.91302
2005-01-24,102.67,191.6,3.39274684549547,2.26,50068.0,60.91302
2005-01-25,104.16,191.6,3.39274684549547,2.29,50068.0,60.91302
2005-01-26,102.9,191.6,3.39274684549547,2.33,50068.0,60.91302
2005-01-27,103.15,191.6,3.39274684549547,2.39,50068.0,60.91302
2005-01-28,103.45,191.6,3.39274684549547,2.48,50068.0,60.91302
2005-01-31,103.55,191.6,3.39274684549547,2.5,50068.0,60.91302
2005-02-01,103.93,192.4,3.39274684549547,2.4,,
2005-02-02,104.05,192.4,3.39274684549547,2.29,,
2005-02-03,104.55,192.4,3.39274684549547,2.49,,
2005-02-04,103.7,192.4,3.39274684549547,2.51,,
2005-02-07,104.68,192.4,3.39274684549547,2.5,,
2005-02-08,105.65,192.4,3.39274684549547,2.48,,
2005-02-09,105.84,192.4,3.39274684549547,2.5,,
2005-02-10,105.69,192.4,3.39274684549547,2.51,,
2005-02-11,105.75,192.4,3.39274684549547,2.5,,
2005-02-14,104.94,192.4,3.39274684549547,2.51,,
2005-02-15,104.47,192.4,3.39274684549547,2.53,,
2005-02-16,105.62,192.4,3.39274684549547,2.48,,
2005-02-17,105.4,192.4,3.39274684549547,2.5,,
2005-02-18,105.69,192.4,3.39274684549547,2.51,,
2005-02-21,,192.4,3.39274684549547,2.51,,
2005-02-22,104.15,192.4,3.39274684549547,2.57,,
2005-02-23,104.96,192.4,3.39274684549547,2.53,,
2005-02-24,105.41,192.4,3.39274684549547,2.55,,
2005-02-25,105.21,192.4,3.39274684549547,2.54,,
2005-02-28,104.25,192.4,3.39274684549547,2.52,,
2005-03-01,104.37,193.1,3.39274684549547,2.39,,
2005-03-02,104.71,193.1,3.39274684549547,2.48,,
2005-03-03,105.02,193.1,3.39274684549547,2.51,,
2005-03-04,104.46,193.1,3.39274684549547,2.5,,
2005-03-07,105.22,193.1,3.39274684549547,2.51,,
2005-03-08,104.51,193.1,3.39274684549547,2.49,,
2005-03-09,103.87,193.1,3.39274684549547,2.5,,
2005-03-10,104.15,193.1,3.39274684549547,2.52,,
2005-03-11,103.93,193.1,3.39274684549547,2.51,,
2005-03-14,105.01,193.1,3.39274684549547,2.59,,
2005-03-15,104.54,193.1,3.39274684549547,2.61,,
2005-03-16,104.1,193.1,3.39274684549547,2.57,,
2005-03-17,104.57,193.1,3.39274684549547,2.68,,
2005-03-18,104.7,193.1,3.39274684549547,2.7,,
2005-03-21,105.1,193.1,3.39274684549547,2.71,,
2005-03-22,104.99,193.1,3.39274684549547,2.72,,
2005-03-23,105.76,193.1,3.39274684549547,2.73,,
2005-03-24,106.26,193.1,3.39274684549547,2.75,,
2005-03-25,106.32,193.1,3.39274684549547,2.8,,
2005-03-28,107.22,193.1,3.39274684549547,2.79,,
2005-03-29,107.49,193.1,3.39274684549547,2.72,,
2005-03-30,107.33,193.1,3.39274684549547,2.74,,
2005-03-31,107.22,193.1,3.39274684549547,2.96,,
2005-04-01,107.57,193.7,3.39274684549547,2.83,50204.0,60.64153
2005-04-04,108.28,193.7,3.39274684549547,2.78,50204.0,60.64153
2005-04-05,108.43,193.7,3.39274684549547,2.72,50204.0,60.64153
2005-04-06,108.67,193.7,3.39274684549547,2.73,50204.0,60.64153
2005-04-07,108.44,193.7,3.39274684549547,2.76,50204.0,60.64153
2005-04-08,108.26,193.7,3.39274684549547,2.75,50204.0,60.64153
2005-04-11,107.79,193.7,3.39274684549547,2.78,50204.0,60.64153
2005-04-12,108.26,193.7,3.39274684549547,2.77,50204.0,60.64153
2005-04-13,107.32,193.7,3.39274684549547,2.76,50204.0,60.64153
2005-04-14,108.18,193.7,3.39274684549547,2.79,50204.0,60.64153
2005-04-15,107.65,193.7,3.39274684549547,2.82,50204.0,60.64153
2005-04-18,107.39,193.7,3.39274684549547,2.75,50204.0,60.64153
2005-04-19,107.02,193.7,3.39274684549547,2.74,50204.0,60.64153
2005-04-20,106.82,193.7,3.39274684549547,2.74,50204.0,60.64153
2005-04-21,106.85,193.7,3.39274684549547,2.75,50204.0,60.64153
2005-04-22,105.85,193.7,3.39274684549547,2.74,50204.0,60.64153
2005-04-25,105.67,193.7,3.39274684549547,2.82,50204.0,60.64153
2005-04-26,106.03,193.7,3.39274684549547,2.78,50204.0,60.64153
2005-04-27,105.98,193.7,3.39274684549547,2.63,50204.0,60.64153
2005-04-28,105.97,193.7,3.39274684549547,2.89,50204.0,60.64153
2005-04-29,104.64,193.7,3.39274684549547,2.97,50204.0,60.64153
2005-05-02,105.07,193.6,3.39274684549547,2.98,,
2005-05-03,105.16,193.6,3.39274684549547,2.95,,
2005-05-04,104.77,193.6,3.39274684549547,2.99,,
2005-05-05,104.41,193.6,3.39274684549547,2.99,,
2005-05-06,104.93,193.6,3.39274684549547,2.98,,
2005-05-09,105.54,193.6,3.39274684549547,2.99,,
2005-05-10,105.53,193.6,3.39274684549547,2.99,,
2005-05-11,105.74,193.6,3.39274684549547,2.99,,
2005-05-12,106.68,193.6,3.39274684549547,3.01,,
2005-05-13,107.14,193.6,3.39274684549547,3.01,,
2005-05-16,107.02,193.6,3.39274684549547,3.06,,
2005-05-17,107.15,193.6,3.39274684549547,2.99,,
2005-05-18,107.05,193.6,3.39274684549547,3.0,,
2005-05-19,107.43,193.6,3.39274684549547,3.02,,
2005-05-20,108.17,193.6,3.39274684549547,3.01,,
2005-05-23,107.72,193.6,3.39274684549547,3.01,,
2005-05-24,107.46,193.6,3.39274684549547,2.99,,
2005-05-25,107.73,193.6,3.39274684549547,3.01,,
2005-05-26,107.95,193.6,3.39274684549547,3.01,,
2005-05-27,107.88,193.6,3.39274684549547,3.01,,
2005-05-30,,193.6,3.39274684549547,3.01,,
2005-05-31,107.97,193.6,3.39274684549547,3.09,,
2005-06-01,108.42,193.7,3.39274684549547,3.02,,
2005-06-02,108.31,193.7,3.39274684549547,3.0,,
2005-06-03,107.84,193.7,3.39274684549547,2.99,,
2005-06-06,106.86,193.7,3.39274684549547,3.0,,
2005-06-07,106.64,193.7,3.39274684549547,2.96,,
2005-06-08,106.89,193.7,3.39274684549547,2.96,,
2005-06-09,107.52,193.7,3.39274684549547,3.01,,
2005-06-10,108.45,193.7,3.39274684549547,3.01,,
2005-06-13,109.58,193.7,3.39274684549547,3.04,,
2005-06-14,109.38,193.7,3.39274684549547,3.01,,
2005-06-15,109.34,193.7,3.39274684549547,3.05,,
2005-06-16,109.08,193.7,3.39274684549547,3.0,,
2005-06-17,108.83,193.7,3.39274684549547,2.99,,
2005-06-20,109.42,193.7,3.39274684549547,3.01,,
2005-06-21,108.52,193.7,3.39274684549547,2.96,,
2005-06-22,108.89,193.7,3.39274684549547,2.93,,
2005-06-23,108.79,193.7,3.39274684549547,3.05,,
2005-06-24,109.22,193.7,3.39274684549547,3.07,,
2005-06-27,109.39,193.7,3.39274684549547,3.17,,
2005-06-28,109.89,193.7,3.39274684549547,3.17,,
2005-06-29,110.27,193.7,3.39274684549547,3.2,,
2005-06-30,110.91,193.7,3.39274684549547,3.35,,
2005-07-01,111.68,194.9,3.39274684549547,3.36,50470.0,60.35856
2005-07-04,,194.9,3.39274684549547,3.36,50470.0,60.35856
2005-07-05,111.61,194.9,3.39274684549547,3.27,50470.0,60.35856
2005-07-06,112.07,194.9,3.39274684549547,2.99,50470.0,60.35856
2005-07-07,112.08,194.9,3.39274684549547,3.18,50470.0,60.35856
2005-07-08,112.17,194.9,3.39274684549547,3.22,50470.0,60.35856
2005-07-11,111.76,194.9,3.39274684549547,3.23,50470.0,60.35856
2005-07-12,110.94,194.9,3.39274684549547,3.23,50470.0,60.35856
2005-07-13,112.08,194.9,3.39274684549547,3.27,50470.0,60.35856
2005-07-14,112.14,194.9,3.39274684549547,3.32,50470.0,60.35856
2005-07-15,112.32,194.9,3.39274684549547,3.32,50470.0,60.35856
2005-07-18,111.62,194.9,3.39274684549547,3.19,50470.0,60.35856
2005-07-19,112.95,194.9,3.39274684549547,3.13,50470.0,60.35856
2005-07-20,113.42,194.9,3.39274684549547,3.25,50470.0,60.35856
2005-07-21,110.47,194.9,3.39274684549547,3.27,50470.0,60.35856
2005-07-22,110.98,194.9,3.39274684549547,3.25,50470.0,60.35856
2005-07-25,111.59,194.9,3.39274684549547,3.28,50470.0,60.35856
2005-07-26,112.3,194.9,3.39274684549547,3.25,50470.0,60.35856
2005-07-27,112.3,194.9,3.39274684549547,3.27,50470.0,60.35856
2005-07-28,112.34,194.9,3.39274684549547,3.27,50470.0,60.35856
2005-07-29,112.25,194.9,3.39274684549547,3.31,50470.0,60.35856
2005-08-01,112.12,196.1,3.39274684549547,3.3,,
2005-08-02,111.28,196.1,3.39274684549547,3.2,,
2005-08-03,111.05,196.1,3.39274684549547,3.35,,
2005-08-04,111.17,196.1,3.39274684549547,3.44,,
2005-08-05,112.09,196.1,3.39274684549547,3.49,,
2005-08-08,111.87,196.1,3.39274684549547,3.5,,
2005-08-09,112.07,196.1,3.39274684549547,3.47,,
2005-08-10,110.67,196.1,3.39274684549547,3.48,,
2005-08-11,109.92,196.1,3.39274684549547,3.51,,
2005-08-12,109.55,196.1,3.39274684549547,3.55,,
2005-08-15,109.4,196.1,3.39274684549547,3.61,,
2005-08-16,109.37,196.1,3.39274684549547,3.46,,
2005-08-17,109.63,196.1,3.39274684549547,3.57,,
2005-08-18,110.54,196.1,3.39274684549547,3.5,,
2005-08-19,110.68,196.1,3.39274684549547,3.54,,
2005-08-22,109.75,196.1,3.39274684549547,3.51,,
2005-08-23,109.83,196.1,3.39274684549547,3.49,,
2005-08-24,110.35,196.1,3.39274684549547,3.5,,
2005-08-25,109.9,196.1,3.39274684549547,3.55,,
2005-08-26,109.85,196.1,3.39274684549547,3.54,,
2005-08-29,110.53,196.1,3.39274684549547,3.54,,
2005-08-30,111.49,196.1,3.39274684549547,3.52,,
2005-08-31,110.84,196.1,3.39274684549547,3.63,,
2005-09-01,110.16,198.8,3.39274684549547,3.57,,
2005-09-02,109.66,198.8,3.39274684549547,3.49,,
2005-09-05,,198.8,3.39274684549547,3.49,,
2005-09-06,109.67,198.8,3.39274684549547,3.57,,
2005-09-07,110.06,198.8,3.39274684549547,3.48,,
2005-09-08,110.49,198.8,3.39274684549547,3.49,,
2005-09-09,109.69,198.8,3.39274684549547,3.49,,
2005-09-12,109.91,198.8,3.39274684549547,3.5,,
2005-09-13,110.85,198.8,3.39274684549547,3.45,,
2005-09-14,110.27,198.8,3.39274684549547,3.54,,
2005-09-15,110.48,198.8,3.39274684549547,3.67,,
2005-09-16,111.38,198.8,3.39274684549547,3.62,,
2005-09-19,111.3,198.8,3.39274684549547,3.62,,
2005-09-20,111.54,198.8,3.39274684549547,3.67,,
2005-09-21,111.33,198.8,3.39274684549547,3.72,,
2005-09-22,111.63,198.8,3.39274684549547,3.77,,
2005-09-23,112.17,198.8,3.39274684549547,3.76,,
2005-09-26,112.41,198.8,3.39274684549547,3.83,,
2005-09-27,113.32,198.8,3.39274684549547,3.73,,
2005-09-28,113.27,198.8,3.39274684549547,3.76,,
2005-09-29,113.14,198.8,3.39274684549547,3.82,,
2005-09-30,113.29,198.8,3.39274684549547,3.93,,
2005-10-03,114.17,199.1,3.39274684549547,3.87,50629.0,61.32008
2005-10-04,114.33,199.1,3.39274684549547,3.75,50629.0,61.32008
2005-10-05,113.72,199.1,3.39274684549547,3.75,50629.0,61.32008
2005-10-06,113.54,199.1,3.39274684549547,3.76,50629.0,61.32008
2005-10-07,113.82,199.1,3.39274684549547,3.73,50629.0,61.32008
2005-10-10,,199.1,3.39274684549547,3.73,50629.0,61.32008
2005-10-11,114.21,199.1,3.39274684549547,3.72,50629.0,61.32008
2005-10-12,114.36,199.1,3.39274684549547,3.36,50629.0,61.32008
2005-10-13,114.97,199.1,3.39274684549547,3.75,50629.0,61.32008
2005-10-14,114.03,199.1,3.39274684549547,3.77,50629.0,61.32008
2005-10-17,114.86,199.1,3.39274684549547,3.82,50629.0,61.32008
2005-10-18,115.71,199.1,3.39274684549547,3.71,50629.0,61.32008
2005-10-19,115.47,199.1,3.39274684549547,3.71,50629.0,61.32008
2005-10-20,115.48,199.1,3.39274684549547,3.77,50629.0,61.32008
2005-10-21,115.93,199.1,3.39274684549547,3.76,50629.0,61.32008
2005-10-24,115.18,199.1,3.39274684549547,3.76,50629.0,61.32008
2005-10-25,114.78,199.1,3.39274684549547,3.74,50629.0,61.32008
2005-10-26,115.81,199.1,3.39274684549547,3.75,50629.0,61.32008
2005-10-27,115.14,199.1,3.39274684549547,3.85,50629.0,61.32008
2005-10-28,115.52,199.1,3.39274684549547,3.9,50629.0,61.32008
2005-10-31,116.36,199.1,3.39274684549547,4.02,50629.0,61.32008
2005-11-01,116.63,198.1,3.39274684549547,3.99,,
2005-11-02,116.76,198.1,3.39274684549547,3.99,,
2005-11-03,117.21,198.1,3.39274684549547,4.01,,
2005-11-04,118.2,198.1,3.39274684549547,4.0,,
2005-11-07,117.57,198.1,3.39274684549547,3.99,,
2005-11-08,117.1,198.1,3.39274684549547,3.95,,
2005-11-09,117.51,198.1,3.39274684549547,4.02,,
2005-11-10,118.05,198.1,3.39274684549547,3.98,,
2005-11-11,,198.1,3.39274684549547,3.98,,
2005-11-14,118.88,198.1,3.39274684549547,4.03,,
2005-11-15,118.93,198.1,3.39274684549547,3.97,,
2005-11-16,119.17,198.1,3.39274684549547,3.96,,
2005-11-17,118.81,198.1,3.39274684549547,3.98,,
2005-11-18,119.21,198.1,3.39274684549547,4.0,,
2005-11-21,119.03,198.1,3.39274684549547,4.03,,
2005-11-22,119.22,198.1,3.39274684549547,3.99,,
2005-11-23,118.76,198.1,3.39274684549547,4.01,,
2005-11-24,,198.1,3.39274684549547,4.01,,
2005-11-25,119.65,198.1,3.39274684549547,4.03,,
2005-11-28,119.25,198.1,3.39274684549547,4.01,,
2005-11-29,119.48,198.1,3.39274684549547,3.99,,
2005-11-30,119.66,198.1,3.39274684549547,4.03,,
2005-12-01,120.62,198.1,3.39274684549547,4.03,,
2005-12-02,120.77,198.1,3.39274684549547,4.0,,
2005-12-05,120.83,198.1,3.39274684549547,4.02,,
2005-12-06,120.82,198.1,3.39274684549547,3.97,,
2005-12-07,120.93,198.1,3.39274684549547,3.98,,
2005-12-08,120.27,198.1,3.39274684549547,4.09,,
2005-12-09,120.54,198.1,3.39274684549547,4.16,,
2005-12-12,119.9,198.1,3.39274684549547,4.24,,
2005-12-13,120.11,198.1,3.39274684549547,4.23,,
2005-12-14,116.81,198.1,3.39274684549547,4.26,,
2005-12-15,116.55,198.1,3.39274684549547,4.29,,
2005-12-16,115.78,198.1,3.39274684549547,4.25,,
2005-12-19,116.01,198.1,3.39274684549547,4.25,,
2005-12-20,117.01,198.1,3.39274684549547,4.3,,
2005-12-21,117.4,198.1,3.39274684549547,4.08,,
2005-12-22,116.55,198.1,3.39274684549547,4.25,,
2005-12-23,116.38,198.1,3.39274684549547,4.21,,
2005-12-26,,198.1,3.39274684549547,4.21,,
2005-12-27,117.07,198.1,3.39274684549547,4.26,,
2005-12-28,117.62,198.1,3.39274684549547,4.19,,
2005-12-29,117.86,198.1,3.39274684549547,4.18,,
2005-12-30,117.88,198.1,3.39274684549547,4.09,,
2006-01-02,,199.3,3.22594410070407,4.09,51200.0,61.55642
2006-01-03,116.34,199.3,3.22594410070407,4.34,51200.0,61.55642
2006-01-04,116.31,199.3,3.22594410070407,4.22,51200.0,61.55642
2006-01-05,115.96,199.3,3.22594410070407,4.24,51200.0,61.55642
2006-01-06,114.45,199.3,3.22594410070407,4.22,51200.0,61.55642
2006-01-09,114.66,199.3,3.22594410070407,4.25,51200.0,61.55642
2006-01-10,114.64,199.3,3.22594410070407,4.24,51200.0,61.55642
2006-01-11,113.96,199.3,3.22594410070407,4.24,51200.0,61.55642
2006-01-12,114.31,199.3,3.22594410070407,4.28,51200.0,61.55642
2006-01-13,114.43,199.3,3.22594410070407,4.3,51200.0,61.55642
2006-01-16,,199.3,3.22594410070407,4.3,51200.0,61.55642
2006-01-17,115.83,199.3,3.22594410070407,4.32,51200.0,61.55642
2006-01-18,115.35,199.3,3.22594410070407,4.24,51200.0,61.55642
2006-01-19,115.07,199.3,3.22594410070407,4.23,51200.0,61.55642
2006-01-20,115.42,199.3,3.22594410070407,4.24,51200.0,61.55642
2006-01-23,114.67,199.3,3.22594410070407,4.26,51200.0,61.55642
2006-01-24,114.54,199.3,3.22594410070407,4.28,51200.0,61.55642
2006-01-25,115.73,199.3,3.22594410070407,4.36,51200.0,61.55642
2006-01-26,116.27,199.3,3.22594410070407,4.37,51200.0,61.55642
2006-01-27,117.16,199.3,3.22594410070407,4.42,51200.0,61.55642
2006-01-30,117.55,199.3,3.22594410070407,4.48,51200.0,61.55642
2006-01-31,116.88,199.3,3.22594410070407,4.47,51200.0,61.55642
2006-02-01,117.85,199.4,3.22594410070407,4.47,,
2006-02-02,118.26,199.4,3.22594410070407,4.48,,
2006-02-03,118.95,199.4,3.22594410070407,4.51,,
2006-02-06,118.94,199.4,3.22594410070407,4.51,,
2006-02-07,118.01,199.4,3.22594410070407,4.47,,
2006-02-08,118.69,199.4,3.22594410070407,4.48,,
2006-02-09,118.66,199.4,3.22594410070407,4.52,,
2006-02-10,117.64,199.4,3.22594410070407,4.51,,
2006-02-13,117.63,199.4,3.22594410070407,4.44,,
2006-02-14,117.43,199.4,3.22594410070407,4.45,,
2006-02-15,117.93,199.4,3.22594410070407,4.5,,
2006-02-16,117.91,199.4,3.22594410070407,4.48,,
2006-02-17,118.43,199.4,3.22594410070407,4.48,,
2006-02-20,,199.4,3.22594410070407,4.48,,
2006-02-21,118.85,199.4,3.22594410070407,4.54,,
2006-02-22,118.51,199.4,3.22594410070407,4.49,,
2006-02-23,117.0,199.4,3.22594410070407,4.47,,
2006-02-24,116.87,199.4,3.22594410070407,4.48,,
2006-02-27,115.97,199.4,3.22594410070407,4.52,,
2006-02-28,115.82,199.4,3.22594410070407,4.52,,
2006-03-01,116.18,199.7,3.22594410070407,4.52,,
2006-03-02,116.07,199.7,3.22594410070407,4.5,,
2006-03-03,116.46,199.7,3.22594410070407,4.51,,
2006-03-06,117.46,199.7,3.22594410070407,4.51,,
2006-03-07,117.76,199.7,3.22594410070407,4.51,,
2006-03-08,117.9,199.7,3.22594410070407,4.51,,
2006-03-09,117.96,199.7,3.22594410070407,4.51,,
2006-03-10,119.07,199.7,3.22594410070407,4.51,,
2006-03-13,119.01,199.7,3.22594410070407,4.52,,
2006-03-14,117.36,199.7,3.22594410070407,4.51,,
2006-03-15,117.3,199.7,3.22594410070407,4.47,,
2006-03-16,117.13,199.7,3.22594410070407,4.55,,
2006-03-17,115.89,199.7,3.22594410070407,4.6,,
2006-03-20,116.25,199.7,3.22594410070407,4.55,,
2006-03-21,117.23,199.7,3.22594410070407,4.54,,
2006-03-22,116.72,199.7,3.22594410070407,4.58,,
2006-03-23,117.6,199.7,3.22594410070407,4.64,,
2006-03-24,117.5,199.7,3.22594410070407,4.69,,
2006-03-27,116.62,199.7,3.22594410070407,4.77,,
2006-03-28,117.23,199.7,3.22594410070407,4.7,,
2006-03-29,117.8,199.7,3.22594410070407,4.69,,
2006-03-30,117.41,199.7,3.22594410070407,4.76,,
2006-03-31,117.48,199.7,3.22594410070407,5.0,,
2006-04-03,117.82,200.7,3.22594410070407,4.87,51210.0,61.22142
2006-04-04,117.44,200.7,3.22594410070407,4.76,51210.0,61.22142
2006-04-05,117.59,200.7,3.22594410070407,4.76,51210.0,61.22142
2006-04-06,117.72,200.7,3.22594410070407,4.76,51210.0,61.22142
2006-04-07,118.31,200.7,3.22594410070407,4.76,51210.0,61.22142
2006-04-10,118.66,200.7,3.22594410070407,4.78,51210.0,61.22142
2006-04-11,118.61,200.7,3.22594410070407,4.74,51210.0,61.22142
2006-04-12,118.47,200.7,3.22594410070407,4.78,51210.0,61.22142
2006-04-13,118.42,200.7,3.22594410070407,4.82,51210.0,61.22142
2006-04-14,118.65,200.7,3.22594410070407,4.8,51210.0,61.22142
2006-04-17,117.68,200.7,3.22594410070407,4.78,51210.0,61.22142
2006-04-18,117.75,200.7,3.22594410070407,4.72,51210.0,61.22142
2006-04-19,117.58,200.7,3.22594410070407,4.7,51210.0,61.22142
2006-04-20,117.49,200.7,3.22594410070407,4.73,51210.0,61.22142
2006-04-21,116.91,200.7,3.22594410070407,4.74,51210.0,61.22142
2006-04-24,114.93,200.7,3.22594410070407,4.77,51210.0,61.22142
2006-04-25,114.83,200.7,3.22594410070407,4.74,51210.0,61.22142
2006-04-26,114.72,200.7,3.22594410070407,4.73,51210.0,61.22142
2006-04-27,114.02,200.7,3.22594410070407,4.79,51210.0,61.22142
2006-04-28,113.79,200.7,3.22594410070407,4.86,51210.0,61.22142
2006-05-01,113.06,201.3,3.22594410070407,4.84,,
2006-05-02,113.26,201.3,3.22594410070407,4.79,,
2006-05-03,113.44,201.3,3.22594410070407,4.81,,
2006-05-04,113.46,201.3,3.22594410070407,4.83,,
2006-05-05,112.45,201.3,3.22594410070407,4.83,,
2006-05-08,111.55,201.3,3.22594410070407,4.88,,
2006-05-09,111.31,201.3,3.22594410070407,4.78,,
2006-05-10,110.55,201.3,3.22594410070407,4.88,,
2006-05-11,110.26,201.3,3.22594410070407,4.99,,
2006-05-12,110.49,201.3,3.22594410070407,5.01,,
2006-05-15,110.21,201.3,3.22594410070407,5.01,,
2006-05-16,110.07,201.3,3.22594410070407,4.98,,
2006-05-17,110.6,201.3,3.22594410070407,4.96,,
2006-05-18,110.89,201.3,3.22594410070407,5.0,,
2006-05-19,111.76,201.3,3.22594410070407,5.0,,
2006-05-22,111.62,201.3,3.22594410070407,5.0,,
2006-05-23,111.35,201.3,3.22594410070407,4.94,,
2006-05-24,112.8,201.3,3.22594410070407,4.9,,
2006-05-25,111.92,201.3,3.22594410070407,5.01,,
2006-05-26,112.58,201.3,3.22594410070407,4.99,,
2006-05-29,,201.3,3.22594410070407,4.99,,
2006-05-30,112.18,201.3,3.22594410070407,5.02,,
2006-05-31,112.26,201.3,3.22594410070407,5.05,,
2006-06-01,112.43,201.8,3.22594410070407,5.02,,
2006-06-02,111.66,201.8,3.22594410070407,4.97,,
2006-06-05,111.7,201.8,3.22594410070407,5.01,,
2006-06-06,113.26,201.8,3.22594410070407,4.99,,
2006-06-07,113.35,201.8,3.22594410070407,4.99,,
2006-06-08,114.22,201.8,3.22594410070407,5.02,,
2006-06-09,113.89,201.8,3.22594410070407,5.0,,
2006-06-12,114.17,201.8,3.22594410070407,5.01,,
2006-06-13,115.06,201.8,3.22594410070407,5.0,,
2006-06-14,114.85,201.8,3.22594410070407,5.0,,
2006-06-15,115.06,201.8,3.22594410070407,5.02,,
2006-06-16,115.12,201.8,3.22594410070407,4.94,,
2006-06-19,115.26,201.8,3.22594410070407,4.95,,
2006-06-20,115.02,201.8,3.22594410070407,4.92,,
2006-06-21,114.76,201.8,3.22594410070407,4.91,,
2006-06-22,115.94,201.8,3.22594410070407,4.98,,
2006-06-23,116.26,201.8,3.22594410070407,4.98,,
2006-06-26,116.38,201.8,3.22594410070407,5.03,,
2006-06-27,116.26,201.8,3.22594410070407,5.02,,
2006-06-28,116.42,201.8,3.22594410070407,5.06,,
2006-06-29,116.17,201.8,3.22594410070407,5.08,,
2006-06-30,114.51,201.8,3.22594410070407,5.05,,
2006-07-03,114.92,202.9,3.22594410070407,5.25,51155.0,61.3328
2006-07-04,,202.9,3.22594410070407,5.25,51155.0,61.3328
2006-07-05,115.65,202.9,3.22594410070407,5.25,51155.0,61.3328
2006-07-06,115.18,202.9,3.22594410070407,5.24,51155.0,61.3328
2006-07-07,113.98,202.9,3.22594410070407,5.22,51155.0,61.3328
2006-07-10,113.97,202.9,3.22594410070407,5.24,51155.0,61.3328
2006-07-11,114.15,202.9,3.22594410070407,5.25,51155.0,61.3328
2006-07-12,115.41,202.9,3.22594410070407,5.27,51155.0,61.3328
2006-07-13,115.45,202.9,3.22594410070407,5.26,51155.0,61.3328
2006-07-14,116.33,202.9,3.22594410070407,5.26,51155.0,61.3328
2006-07-17,117.08,202.9,3.22594410070407,5.28,51155.0,61.3328
2006-07-18,117.44,202.9,3.22594410070407,5.22,51155.0,61.3328
2006-07-19,117.08,202.9,3.22594410070407,5.23,51155.0,61.3328
2006-07-20,116.83,202.9,3.22594410070407,5.24,51155.0,61.3328
2006-07-21,116.34,202.9,3.22594410070407,5.23,51155.0,61.3328
2006-07-24,116.65,202.9,3.22594410070407,5.24,51155.0,61.3328
2006-07-25,117.3,202.9,3.22594410070407,5.24,51155.0,61.3328
2006-07-26,116.85,202.9,3.22594410070407,5.24,51155.0,61.3328
2006-07-27,115.55,202.9,3.22594410070407,5.27,51155.0,61.3328
2006-07-28,114.74,202.9,3.22594410070407,5.26,51155.0,61.3328
2006-07-31,114.44,202.9,3.22594410070407,5.31,51155.0,61.3328
2006-08-01,114.96,203.8,3.22594410070407,5.27,,
2006-08-02,114.54,203.8,3.22594410070407,5.25,,
2006-08-03,115.27,203.8,3.22594410070407,5.27,,
2006-08-04,114.21,203.8,3.22594410070407,5.25,,
2006-08-07,114.85,203.8,3.22594410070407,5.24,,
2006-08-08,115.01,203.8,3.22594410070407,5.26,,
2006-08-09,115.14,203.8,3.22594410070407,5.25,,
2006-08-10,115.59,203.8,3.22594410070407,5.24,,
2006-08-11,116.18,203.8,3.22594410070407,5.24,,
2006-08-14,116.53,203.8,3.22594410070407,5.26,,
2006-08-15,115.96,203.8,3.22594410070407,5.24,,
2006-08-16,115.71,203.8,3.22594410070407,5.17,,
2006-08-17,115.44,203.8,3.22594410070407,5.2,,
2006-08-18,115.79,203.8,3.22594410070407,5.25,,
2006-08-21,115.86,203.8,3.22594410070407,5.24,,
2006-08-22,116.61,203.8,3.22594410070407,5.24,,
2006-08-23,116.43,203.8,3.22594410070407,5.25,,
2006-08-24,116.38,203.8,3.22594410070407,5.25,,
2006-08-25,117.31,203.8,3.22594410070407,5.25,,
2006-08-28,117.15,203.8,3.22594410070407,5.25,,
2006-08-29,116.92,203.8,3.22594410070407,5.23,,
2006-08-30,117.07,203.8,3.22594410070407,5.25,,
2006-08-31,117.35,203.8,3.22594410070407,5.31,,
2006-09-01,117.21,202.8,3.22594410070407,5.25,,
2006-09-04,,202.8,3.22594410070407,5.25,,
2006-09-05,116.04,202.8,3.22594410070407,5.26,,
2006-09-06,116.73,202.8,3.22594410070407,5.21,,
2006-09-07,116.3,202.8,3.22594410070407,5.23,,
2006-09-08,116.89,202.8,3.22594410070407,5.23,,
2006-09-11,117.57,202.8,3.22594410070407,5.24,,
2006-09-12,117.82,202.8,3.22594410070407,5.21,,
2006-09-13,117.47,202.8,3.22594410070407,5.26,,
2006-09-14,117.47,202.8,3.22594410070407,5.26,,
2006-09-15,117.72,202.8,3.22594410070407,5.25,,
2006-09-18,118.02,202.8,3.22594410070407,5.23,,
2006-09-19,117.6,202.8,3.22594410070407,5.21,,
2006-09-20,117.29,202.8,3.22594410070407,5.23,,
2006-09-21,116.76,202.8,3.22594410070407,5.24,,
2006-09-22,116.45,202.8,3.22594410070407,5.27,,
2006-09-25,116.43,202.8,3.22594410070407,5.3,,
2006-09-26,117.16,202.8,3.22594410070407,5.25,,
2006-09-27,117.53,202.8,3.22594410070407,5.3,,
2006-09-28,117.84,202.8,3.22594410070407,5.28,,
2006-09-29,117.99,202.8,3.22594410070407,5.34,,
2006-10-02,117.66,201.9,3.22594410070407,5.33,51455.0,61.82689
2006-10-03,117.84,201.9,3.22594410070407,5.25,51455.0,61.82689
2006-10-04,118.02,201.9,3.22594410070407,5.23,51455.0,61.82689
2006-10-05,117.69,201.9,3.22594410070407,5.23,51455.0,61.82689
2006-10-06,118.89,201.9,3.22594410070407,5.22,51455.0,61.82689
2006-10-09,,201.9,3.22594410070407,5.22,51455.0,61.82689
2006-10-10,119.68,201.9,3.22594410070407,5.28,51455.0,61.82689
2006-10-11,119.49,201.9,3.22594410070407,5.25,51455.0,61.82689
2006-10-12,119.53,201.9,3.22594410070407,5.25,51455.0,61.82689
2006-10-13,119.81,201.9,3.22594410070407,5.21,51455.0,61.82689
2006-10-16,119.25,201.9,3.22594410070407,5.28,51455.0,61.82689
2006-10-17,118.63,201.9,3.22594410070407,5.21,51455.0,61.82689
2006-10-18,119.09,201.9,3.22594410070407,5.23,51455.0,61.82689
2006-10-19,118.35,201.9,3.22594410070407,5.22,51455.0,61.82689
2006-10-20,118.73,201.9,3.22594410070407,5.25,51455.0,61.82689
2006-10-23,119.32,201.9,3.22594410070407,5.24,51455.0,61.82689
2006-10-24,119.25,201.9,3.22594410070407,5.24,51455.0,61.82689
2006-10-25,119.13,201.9,3.22594410070407,5.26,51455.0,61.82689
2006-10-26,118.62,201.9,3.22594410070407,5.23,51455.0,61.82689
2006-10-27,117.61,201.9,3.22594410070407,5.23,51455.0,61.82689
2006-10-30,117.38,201.9,3.22594410070407,5.27,51455.0,61.82689
2006-10-31,116.82,201.9,3.22594410070407,5.31,51455.0,61.82689
2006-11-01,117.01,202.0,3.22594410070407,5.23,,
2006-11-02,117.12,202.0,3.22594410070407,5.22,,
2006-11-03,118.06,202.0,3.22594410070407,5.25,,
2006-11-06,118.4,202.0,3.22594410070407,5.24,,
2006-11-07,117.44,202.0,3.22594410070407,5.22,,
2006-11-08,117.74,202.0,3.22594410070407,5.22,,
2006-11-09,117.92,202.0,3.22594410070407,5.23,,
2006-11-10,117.47,202.0,3.22594410070407,5.23,,
2006-11-13,118.14,202.0,3.22594410070407,5.27,,
2006-11-14,117.72,202.0,3.22594410070407,5.25,,
2006-11-15,118.06,202.0,3.22594410070407,5.29,,
2006-11-16,118.12,202.0,3.22594410070407,5.25,,
2006-11-17,117.73,202.0,3.22594410070407,5.2,,
2006-11-20,118.16,202.0,3.22594410070407,5.25,,
2006-11-21,118.0,202.0,3.22594410070407,5.29,,
2006-11-22,116.61,202.0,3.22594410070407,5.26,,
2006-11-23,,202.0,3.22594410070407,5.26,,
2006-11-24,115.93,202.0,3.22594410070407,5.24,,
2006-11-27,116.12,202.0,3.22594410070407,5.32,,
2006-11-28,116.14,202.0,3.22594410070407,5.24,,
2006-11-29,116.29,202.0,3.22594410070407,5.26,,
2006-11-30,115.55,202.0,3.22594410070407,5.31,,
2006-12-01,115.33,203.1,3.22594410070407,5.27,,
2006-12-04,115.37,203.1,3.22594410070407,5.22,,
2006-12-05,114.98,203.1,3.22594410070407,5.21,,
2006-12-06,115.07,203.1,3.22594410070407,5.22,,
2006-12-07,115.13,203.1,3.22594410070407,5.25,,
2006-12-08,116.23,203.1,3.22594410070407,5.25,,
2006-12-11,117.02,203.1,3.22594410070407,5.25,,
2006-12-12,117.15,203.1,3.22594410070407,5.23,,
2006-12-13,117.43,203.1,3.22594410070407,5.23,,
2006-12-14,117.61,203.1,3.22594410070407,5.29,,
2006-12-15,117.84,203.1,3.22594410070407,5.27,,
2006-12-18,118.14,203.1,3.22594410070407,5.21,,
2006-12-19,117.93,203.1,3.22594410070407,5.21,,
2006-12-20,118.39,203.1,3.22594410070407,5.26,,
2006-12-21,118.26,203.1,3.22594410070407,5.25,,
2006-12-22,118.9,203.1,3.22594410070407,5.24,,
2006-12-25,,203.1,3.22594410070407,5.24,,
2006-12-26,118.93,203.1,3.22594410070407,5.29,,
2006-12-27,118.76,203.1,3.22594410070407,5.17,,
2006-12-28,118.95,203.1,3.22594410070407,5.25,,
2006-12-29,119.02,203.1,3.22594410070407,5.17,,
2007-01-01,,203.437,2.85267248150136,5.17,51492.0,62.25297
2007-01-02,118.83,203.437,2.85267248150136,5.3,51492.0,62.25297
2007-01-03,119.58,203.437,2.85267248150136,5.28,51492.0,62.25297
2007-01-04,119.28,203.437,2.85267248150136,5.24,51492.0,62.25297
2007-01-05,118.77,203.437,2.85267248150136,5.21,51492.0,62.25297
2007-01-08,118.49,203.437,2.85267248150136,5.23,51492.0,62.25297
2007-01-09,119.45,203.437,2.85267248150136,5.25,51492.0,62.25297
2007-01-10,119.52,203.437,2.85267248150136,5.26,51492.0,62.25297
2007-01-11,120.49,203.437,2.85267248150136,5.27,51492.0,62.25297
2007-01-12,120.36,203.437,2.85267248150136,5.22,51492.0,62.25297
2007-01-15,,203.437,2.85267248150136,5.22,51492.0,62.25297
2007-01-16,120.64,203.437,2.85267248150136,5.28,51492.0,62.25297
2007-01-17,120.54,203.437,2.85267248150136,5.25,51492.0,62.25297
2007-01-18,121.32,203.437,2.85267248150136,5.23,51492.0,62.25297
2007-01-19,121.22,203.437,2.85267248150136,5.25,51492.0,62.25297
2007-01-22,121.56,203.437,2.85267248150136,5.24,51492.0,62.25297
2007-01-23,121.54,203.437,2.85267248150136,5.26,51492.0,62.25297
2007-01-24,120.77,203.437,2.85267248150136,5.27,51492.0,62.25297
2007-01-25,120.97,203.437,2.85267248150136,5.31,51492.0,62.25297
2007-01-26,121.53,203.437,2.85267248150136,5.26,51492.0,62.25297
2007-01-29,121.81,203.437,2.85267248150136,5.26,51492.0,62.25297
2007-01-30,121.7,203.437,2.85267248150136,5.23,51492.0,62.25297
2007-01-31,121.02,203.437,2.85267248150136,5.33,51492.0,62.25297
2007-02-01,120.67,204.226,2.85267248150136,5.29,,
2007-02-02,121.02,204.226,2.85267248150136,5.24,,
2007-02-05,120.34,204.226,2.85267248150136,5.25,,
2007-02-06,120.35,204.226,2.85267248150136,5.24,,
2007-02-07,120.65,204.226,2.85267248150136,5.23,,
2007-02-08,121.19,204.226,2.85267248150136,5.25,,
2007-02-09,121.59,204.226,2.85267248150136,5.25,,
2007-02-12,121.77,204.226,2.85267248150136,5.28,,
2007-02-13,121.24,204.226,2.85267248150136,5.26,,
2007-02-14,120.8,204.226,2.85267248150136,5.27,,
2007-02-15,119.49,204.226,2.85267248150136,5.29,,
2007-02-16,119.23,204.226,2.85267248150136,5.24,,
2007-02-19,,204.226,2.85267248150136,5.24,,
2007-02-20,120.1,204.226,2.85267248150136,5.27,,
2007-02-21,120.99,204.226,2.85267248150136,5.23,,
2007-02-22,121.3,204.226,2.85267248150136,5.26,,
2007-02-23,121.1,204.226,2.85267248150136,5.24,,
2007-02-26,120.76,204.226,2.85267248150136,5.3,,
2007-02-27,118.67,204.226,2.85267248150136,5.27,,
2007-02-28,118.33,204.226,2.85267248150136,5.41,,
2007-03-01,117.53,205.288,2.85267248150136,5.31,,
2007-03-02,116.82,205.288,2.85267248150136,5.23,,
2007-03-05,116.01,205.288,2.85267248150136,5.27,,
2007-03-06,116.5,205.288,2.85267248150136,5.22,,
2007-03-07,116.41,205.288,2.85267248150136,5.24,,
2007-03-08,117.35,205.288,2.85267248150136,5.24,,
2007-03-09,118.15,205.288,2.85267248150136,5.24,,
2007-03-12,117.51,205.288,2.85267248150136,5.25,,
2007-03-13,116.96,205.288,2.85267248150136,5.25,,
2007-03-14,116.33,205.288,2.85267248150136,5.27,,
2007-03-15,117.26,205.288,2.85267248150136,5.29,,
2007-03-16,116.77,205.288,2.85267248150136,5.25,,
2007-03-19,117.58,205.288,2.85267248150136,5.26,,
2007-03-20,117.32,205.288,2.85267248150136,5.26,,
2007-03-21,117.83,205.288,2.85267248150136,5.26,,
2007-03-22,117.79,205.288,2.85267248150136,5.27,,
2007-03-23,117.82,205.288,2.85267248150136,5.24,,
2007-03-26,117.84,205.288,2.85267248150136,5.28,,
2007-03-27,117.8,205.288,2.85267248150136,5.25,,
2007-03-28,116.83,205.288,2.85267248150136,5.27,,
2007-03-29,117.75,205.288,2.85267248150136,5.29,,
2007-03-30,117.56,205.288,2.85267248150136,5.3,,
2007-04-02,117.69,205.904,2.85267248150136,5.25,51705.0,61.57219
2007-04-03,118.83,205.904,2.85267248150136,5.2,51705.0,61.57219
2007-04-04,118.72,205.904,2.85267248150136,5.21,51705.0,61.57219
2007-04-05,118.66,205.904,2.85267248150136,5.3,51705.0,61.57219
2007-04-06,119.33,205.904,2.85267248150136,5.3,51705.0,61.57219
2007-04-09,119.28,205.904,2.85267248150136,5.28,51705.0,61.57219
2007-04-10,119.07,205.904,2.85267248150136,5.26,51705.0,61.57219
2007-04-11,119.36,205.904,2.85267248150136,5.24,51705.0,61.57219
2007-04-12,118.99,205.904,2.85267248150136,5.27,51705.0,61.57219
2007-04-13,119.27,205.904,2.85267248150136,5.25,51705.0,61.57219
2007-04-16,119.84,205.904,2.85267248150136,5.29,51705.0,61.57219
2007-04-17,118.96,205.904,2.85267248150136,5.2,51705.0,61.57219
2007-04-18,118.27,205.904,2.85267248150136,5.19,51705.0,61.57219
2007-04-19,118.36,205.904,2.85267248150136,5.23,51705.0,61.57219
2007-04-20,118.81,205.904,2.85267248150136,5.25,51705.0,61.57219
2007-04-23,118.47,205.904,2.85267248150136,5.23,51705.0,61.57219
2007-04-24,118.52,205.904,2.85267248150136,5.2,51705.0,61.57219
2007-04-25,118.62,205.904,2.85267248150136,5.19,51705.0,61.57219
2007-04-26,119.5,205.904,2.85267248150136,5.24,51705.0,61.57219
2007-04-27,119.59,205.904,2.85267248150136,5.24,51705.0,61.57219
2007-04-30,119.44,205.904,2.85267248150136,5.29,51705.0,61.57219
2007-05-01,119.77,206.755,2.85267248150136,5.26,,
2007-05-02,120.05,206.755,2.85267248150136,5.21,,
2007-05-03,120.33,206.755,2.85267248150136,5.24,,
2007-05-04,120.16,206.755,2.85267248150136,5.24,,
2007-05-07,119.96,206.755,2.85267248150136,5.24,,
2007-05-08,119.89,206.755,2.85267248150136,5.21,,
2007-05-09,119.8,206.755,2.85267248150136,5.21,,
2007-05-10,120.37,206.755,2.85267248150136,5.25,,
2007-05-11,120.19,206.755,2.85267248150136,5.27,,
2007-05-14,120.37,206.755,2.85267248150136,5.26,,
2007-05-15,120.22,206.755,2.85267248150136,5.29,,
2007-05-16,120.74,206.755,2.85267248150136,5.25,,
2007-05-17,121.3,206.755,2.85267248150136,5.25,,
2007-05-18,121.09,206.755,2.85267248150136,5.24,,
2007-05-21,121.57,206.755,2.85267248150136,5.24,,
2007-05-22,121.47,206.755,2.85267248150136,5.23,,
2007-05-23,121.52,206.755,2.85267248150136,5.25,,
2007-05-24,121.46,206.755,2.85267248150136,5.24,,
2007-05-25,121.72,206.755,2.85267248150136,5.29,,
2007-05-28,,206.755,2.85267248150136,5.29,,
2007-05-29,121.79,206.755,2.85267248150136,5.29,,
2007-05-30,121.48,206.755,2.85267248150136,5.25,,
2007-05-31,121.76,206.755,2.85267248150136,5.28,,
2007-06-01,122.1,207.234,2.85267248150136,5.23,,
2007-06-04,121.72,207.234,2.85267248150136,5.24,,
2007-06-05,121.49,207.234,2.85267248150136,5.19,,
2007-06-06,121.08,207.234,2.85267248150136,5.25,,
2007-06-07,121.34,207.234,2.85267248150136,5.25,,
2007-06-08,121.62,207.234,2.85267248150136,5.26,,
2007-06-11,121.78,207.234,2.85267248150136,5.27,,
2007-06-12,121.76,207.234,2.85267248150136,5.26,,
2007-06-13,122.37,207.234,2.85267248150136,5.26,,
2007-06-14,122.97,207.234,2.85267248150136,5.28,,
2007-06-15,123.55,207.234,2.85267248150136,5.26,,
2007-06-18,123.67,207.234,2.85267248150136,5.23,,
2007-06-19,123.39,207.234,2.85267248150136,5.21,,
2007-06-20,123.6,207.234,2.85267248150136,5.27,,
2007-06-21,123.68,207.234,2.85267248150136,5.26,,
2007-06-22,124.09,207.234,2.85267248150136,5.24,,
2007-06-25,123.84,207.234,2.85267248150136,5.29,,
2007-06-26,123.49,207.234,2.85267248150136,5.25,,
2007-06-27,122.52,207.234,2.85267248150136,5.26,,
2007-06-28,123.01,207.234,2.85267248150136,5.26,,
2007-06-29,123.39,207.234,2.85267248150136,5.31,,
2007-07-02,122.32,207.603,2.85267248150136,5.31,51882.0,61.84826
2007-07-03,122.4,207.603,2.85267248150136,5.24,51882.0,61.84826
2007-07-04,,207.603,2.85267248150136,5.24,51882.0,61.84826
2007-07-05,122.82,207.603,2.85267248150136,5.25,51882.0,61.84826
2007-07-06,123.27,207.603,2.85267248150136,5.22,51882.0,61.84826
2007-07-09,123.34,207.603,2.85267248150136,5.22,51882.0,61.84826
2007-07-10,122.19,207.603,2.85267248150136,5.24,51882.0,61.84826
2007-07-11,122.13,207.603,2.85267248150136,5.24,51882.0,61.84826
2007-07-12,122.5,207.603,2.85267248150136,5.26,51882.0,61.84826
2007-07-13,121.99,207.603,2.85267248150136,5.25,51882.0,61.84826
2007-07-16,121.9,207.603,2.85267248150136,5.32,51882.0,61.84826
2007-07-17,122.36,207.603,2.85267248150136,5.28,51882.0,61.84826
2007-07-18,121.83,207.603,2.85267248150136,5.26,51882.0,61.84826
2007-07-19,122.06,207.603,2.85267248150136,5.25,51882.0,61.84826
2007-07-20,121.15,207.603,2.85267248150136,5.25,51882.0,61.84826
2007-07-23,121.31,207.603,2.85267248150136,5.26,51882.0,61.84826
2007-07-24,120.57,207.603,2.85267248150136,5.25,51882.0,61.84826
2007-07-25,120.33,207.603,2.85267248150136,5.32,51882.0,61.84826
2007-07-26,119.14,207.603,2.85267248150136,5.28,51882.0,61.84826
2007-07-27,118.56,207.603,2.85267248150136,5.25,51882.0,61.84826
2007-07-30,118.41,207.603,2.85267248150136,5.29,51882.0,61.84826
2007-07-31,119.13,207.603,2.85267248150136,5.28,51882.0,61.84826
2007-08-01,118.71,207.667,2.85267248150136,5.3,,
2007-08-02,119.35,207.667,2.85267248150136,5.24,,
2007-08-03,118.43,207.667,2.85267248150136,5.24,,
2007-08-06,118.04,207.667,2.85267248150136,5.26,,
2007-08-07,118.48,207.667,2.85267248150136,5.26,,
2007-08-08,119.76,207.667,2.85267248150136,5.27,,
2007-08-09,118.69,207.667,2.85267248150136,5.41,,
2007-08-10,118.0,207.667,2.85267248150136,4.68,,
2007-08-13,118.47,207.667,2.85267248150136,4.81,,
2007-08-14,118.21,207.667,2.85267248150136,4.54,,
2007-08-15,117.19,207.667,2.85267248150136,4.71,,
2007-08-16,114.03,207.667,2.85267248150136,4.97,,
2007-08-17,113.81,207.667,2.85267248150136,4.91,,
2007-08-20,114.49,207.667,2.85267248150136,5.03,,
2007-08-21,114.42,207.667,2.85267248150136,4.89,,
2007-08-22,114.95,207.667,2.85267248150136,4.77,,
2007-08-23,115.81,207.667,2.85267248150136,4.88,,
2007-08-24,116.12,207.667,2.85267248150136,5.11,,
2007-08-27,116.05,207.667,2.85267248150136,5.27,,
2007-08-28,114.7,207.667,2.85267248150136,5.3,,
2007-08-29,115.52,207.667,2.85267248150136,5.0,,
2007-08-30,115.81,207.667,2.85267248150136,5.0,,
2007-08-31,115.83,207.667,2.85267248150136,4.96,,
2007-09-03,115.83,208.547,2.85267248150136,4.96,,
2007-09-04,116.21,208.547,2.85267248150136,5.22,,
2007-09-05,115.15,208.547,2.85267248150136,5.18,,
2007-09-06,115.33,208.547,2.85267248150136,4.98,,
2007-09-07,113.57,208.547,2.85267248150136,4.86,,
2007-09-10,113.43,208.547,2.85267248150136,5.07,,
2007-09-11,113.97,208.547,2.85267248150136,5.06,,
2007-09-12,114.24,208.547,2.85267248150136,5.18,,
2007-09-13,115.37,208.547,2.85267248150136,5.09,,
2007-09-14,115.31,208.547,2.85267248150136,5.25,,
2007-09-17,114.93,208.547,2.85267248150136,5.33,,
2007-09-18,115.75,208.547,2.85267248150136,4.92,,
2007-09-19,116.21,208.547,2.85267248150136,4.74,,
2007-09-20,114.18,208.547,2.85267248150136,4.77,,
2007-09-21,115.6,208.547,2.85267248150136,4.76,,
2007-09-24,114.92,208.547,2.85267248150136,4.74,,
2007-09-25,114.48,208.547,2.85267248150136,4.82,,
2007-09-26,115.66,208.547,2.85267248150136,4.88,,
2007-09-27,115.76,208.547,2.85267248150136,4.93,,
2007-09-28,114.97,208.547,2.85267248150136,4.58,,
2007-10-01,115.91,209.19,2.85267248150136,4.92,52066.0,62.71924
2007-10-02,115.83,209.19,2.85267248150136,4.78,52066.0,62.71924
2007-10-03,116.74,209.19,2.85267248150136,4.68,52066.0,62.71924
2007-10-04,116.59,209.19,2.85267248150136,4.74,52066.0,62.71924
2007-10-05,116.83,209.19,2.85267248150136,4.77,52066.0,62.71924
2007-10-08,116.83,209.19,2.85267248150136,4.77,52066.0,62.71924
2007-10-09,116.98,209.19,2.85267248150136,4.91,52066.0,62.71924
2007-10-10,117.17,209.19,2.85267248150136,4.52,52066.0,62.71924
2007-10-11,117.71,209.19,2.85267248150136,4.75,52066.0,62.71924
2007-10-12,117.5,209.19,2.85267248150136,4.75,52066.0,62.71924
2007-10-15,117.37,209.19,2.85267248150136,4.81,52066.0,62.71924
2007-10-16,116.61,209.19,2.85267248150136,4.68,52066.0,62.71924
2007-10-17,116.62,209.19,2.85267248150136,4.7,52066.0,62.71924
2007-10-18,115.64,209.19,2.85267248150136,4.69,52066.0,62.71924
2007-10-19,115.15,209.19,2.85267248150136,4.77,52066.0,62.71924
2007-10-22,114.07,209.19,2.85267248150136,4.71,52066.0,62.71924
2007-10-23,114.65,209.19,2.85267248150136,4.67,52066.0,62.71924
2007-10-24,113.94,209.19,2.85267248150136,4.74,52066.0,62.71924
2007-10-25,114.09,209.19,2.85267248150136,4.86,52066.0,62.71924
2007-10-26,114.01,209.19,2.85267248150136,4.8,52066.0,62.71924
2007-10-29,114.69,209.19,2.85267248150136,4.84,52066.0,62.71924
2007-10-30,114.72,209.19,2.85267248150136,4.78,52066.0,62.71924
2007-10-31,115.27,209.19,2.85267248150136,4.6,52066.0,62.71924
2007-11-01,114.87,210.834,2.85267248150136,4.59,,
2007-11-02,114.74,210.834,2.85267248150136,4.28,,
2007-11-05,114.54,210.834,2.85267248150136,4.29,,
2007-11-06,114.51,210.834,2.85267248150136,4.22,,
2007-11-07,113.29,210.834,2.85267248150136,4.39,,
2007-11-08,112.66,210.834,2.85267248150136,4.58,,
2007-11-09,110.9,210.834,2.85267248150136,4.49,,
2007-11-12,,210.834,2.85267248150136,4.49,,
2007-11-13,110.31,210.834,2.85267248150136,4.61,,
2007-11-14,111.38,210.834,2.85267248150136,4.6,,
2007-11-15,110.78,210.834,2.85267248150136,4.54,,
2007-11-16,111.05,210.834,2.85267248150136,4.51,,
2007-11-19,110.05,210.834,2.85267248150136,4.51,,
2007-11-20,110.05,210.834,2.85267248150136,4.51,,
2007-11-21,108.54,210.834,2.85267248150136,4.5,,
2007-11-22,108.54,210.834,2.85267248150136,4.5,,
2007-11-23,108.17,210.834,2.85267248150136,4.56,,
2007-11-26,108.17,210.834,2.85267248150136,4.62,,
2007-11-27,108.64,210.834,2.85267248150136,4.39,,
2007-11-28,110.38,210.834,2.85267248150136,4.53,,
2007-11-29,109.94,210.834,2.85267248150136,4.55,,
2007-11-30,111.02,210.834,2.85267248150136,4.66,,
2007-12-03,110.44,211.445,2.85267248150136,4.52,,
2007-12-04,109.68,211.445,2.85267248150136,4.5,,
2007-12-05,110.85,211.445,2.85267248150136,4.31,,
2007-12-06,111.05,211.445,2.85267248150136,4.49,,
2007-12-07,111.72,211.445,2.85267248150136,4.41,,
2007-12-10,111.6,211.445,2.85267248150136,4.46,,
2007-12-11,111.77,211.445,2.85267248150136,4.29,,
2007-12-12,112.36,211.445,2.85267248150136,4.28,,
2007-12-13,112.26,211.445,2.85267248150136,4.3,,
2007-12-14,113.35,211.445,2.85267248150136,4.24,,
2007-12-17,113.2,211.445,2.85267248150136,4.31,,
2007-12-18,113.17,211.445,2.85267248150136,4.16,,
2007-12-19,113.44,211.445,2.85267248150136,3.98,,
2007-12-20,112.97,211.445,2.85267248150136,4.37,,
2007-12-21,113.95,211.445,2.85267248150136,4.28,,
2007-12-24,114.45,211.445,2.85267248150136,4.0,,
2007-12-25,,211.445,2.85267248150136,4.0,,
2007-12-26,114.08,211.445,2.85267248150136,4.26,,
2007-12-27,114.0,211.445,2.85267248150136,4.15,,
2007-12-28,112.93,211.445,2.85267248150136,4.01,,
2007-12-31,111.71,211.445,2.85267248150136,3.06,,
2008-01-01,,212.174,3.83910029665101,3.06,51740.0,64.17278
2008-01-02,109.7,212.174,3.83910029665101,4.11,51740.0,64.17278
2008-01-03,109.58,212.174,3.83910029665101,4.25,51740.0,64.17278
2008-01-04,108.38,212.174,3.83910029665101,4.18,51740.0,64.17278
2008-01-07,109.1,212.174,3.83910029665101,4.27,51740.0,64.17278
2008-01-08,109.29,212.174,3.83910029665101,4.27,51740.0,64.17278
2008-01-09,109.4,212.174,3.83910029665101,4.26,51740.0,64.17278
2008-01-10,109.38,212.174,3.83910029665101,4.26,51740.0,64.17278
2008-01-11,109.11,212.174,3.83910029665101,4.23,51740.0,64.17278
2008-01-14,108.18,212.174,3.83910029665101,4.24,51740.0,64.17278
2008-01-15,107.07,212.174,3.83910029665101,4.24,51740.0,64.17278
2008-01-16,107.27,212.174,3.83910029665101,4.22,51740.0,64.17278
2008-01-17,107.01,212.174,3.83910029665101,4.23,51740.0,64.17278
2008-01-18,106.82,212.174,3.83910029665101,4.17,51740.0,64.17278
2008-01-21,,212.174,3.83910029665101,4.17,51740.0,64.17278
2008-01-22,106.76,212.174,3.83910029665101,3.68,51740.0,64.17278
2008-01-23,105.42,212.174,3.83910029665101,3.43,51740.0,64.17278
2008-01-24,106.68,212.174,3.83910029665101,3.47,51740.0,64.17278
2008-01-25,107.31,212.174,3.83910029665101,3.6,51740.0,64.17278
2008-01-28,106.65,212.174,3.83910029665101,3.5,51740.0,64.17278
2008-01-29,107.08,212.174,3.83910029665101,3.47,51740.0,64.17278
2008-01-30,107.25,212.174,3.83910029665101,3.26,51740.0,64.17278
2008-01-31,106.74,212.174,3.83910029665101,3.22,51740.0,64.17278
2008-02-01,106.3,212.687,3.83910029665101,3.12,,
2008-02-04,106.73,212.687,3.83910029665101,2.82,,
2008-02-05,106.94,212.687,3.83910029665101,2.71,,
2008-02-06,106.75,212.687,3.83910029665101,2.94,,
2008-02-07,106.82,212.687,3.83910029665101,3.03,,
2008-02-08,107.34,212.687,3.83910029665101,3.05,,
2008-02-11,106.64,212.687,3.83910029665101,2.88,,
2008-02-12,107.42,212.687,3.83910029665101,2.91,,
2008-02-13,108.15,212.687,3.83910029665101,3.02,,
2008-02-14,107.97,212.687,3.83910029665101,3.03,,
2008-02-15,107.67,212.687,3.83910029665101,2.97,,
2008-02-18,,212.687,3.83910029665101,2.97,,
2008-02-19,107.5,212.687,3.83910029665101,2.94,,
2008-02-20,107.97,212.687,3.83910029665101,3.0,,
2008-02-21,107.6,212.687,3.83910029665101,3.01,,
2008-02-22,106.98,212.687,3.83910029665101,2.97,,
2008-02-25,107.88,212.687,3.83910029665101,3.0,,
2008-02-26,107.73,212.687,3.83910029665101,2.85,,
2008-02-27,106.38,212.687,3.83910029665101,2.93,,
2008-02-28,105.64,212.687,3.83910029665101,3.06,,
2008-02-29,104.19,212.687,3.83910029665101,3.01,,
2008-03-03,103.57,213.448,3.83910029665101,3.1,,
2008-03-04,102.67,213.448,3.83910029665101,2.9,,
2008-03-05,103.99,213.448,3.83910029665101,2.93,,
2008-03-06,103.1,213.448,3.83910029665101,2.99,,
2008-03-07,102.69,213.448,3.83910029665101,2.96,,
2008-03-10,101.8,213.448,3.83910029665101,2.99,,
2008-03-11,102.87,213.448,3.83910029665101,2.95,,
2008-03-12,102.38,213.448,3.83910029665101,2.97,,
2008-03-13,100.58,213.448,3.83910029665101,2.98,,
2008-03-14,100.2,213.448,3.83910029665101,2.99,,
2008-03-17,96.88,213.448,3.83910029665101,2.69,,
2008-03-18,98.23,213.448,3.83910029665101,2.16,,
2008-03-19,99.34,213.448,3.83910029665101,2.08,,
2008-03-20,98.79,213.448,3.83910029665101,2.22,,
2008-03-21,99.4,213.448,3.83910029665101,2.08,,
2008-03-24,100.77,213.448,3.83910029665101,2.08,,
2008-03-25,100.07,213.448,3.83910029665101,2.42,,
2008-03-26,99.12,213.448,3.83910029665101,2.3,,
2008-03-27,99.87,213.448,3.83910029665101,2.27,,
2008-03-28,99.71,213.448,3.83910029665101,2.09,,
2008-03-31,99.85,213.448,3.83910029665101,2.51,,
2008-04-01,101.77,213.942,3.83910029665101,2.38,51923.0,63.85172
2008-04-02,102.77,213.942,3.83910029665101,2.18,51923.0,63.85172
2008-04-03,102.21,213.942,3.83910029665101,2.19,51923.0,63.85172
2008-04-04,101.75,213.942,3.83910029665101,2.26,51923.0,63.85172
2008-04-07,102.62,213.942,3.83910029665101,2.24,51923.0,63.85172
2008-04-08,102.55,213.942,3.83910029665101,2.23,51923.0,63.85172
2008-04-09,101.83,213.942,3.83910029665101,2.2,51923.0,63.85172
2008-04-10,101.71,213.942,3.83910029665101,2.3,51923.0,63.85172
2008-04-11,101.09,213.942,3.83910029665101,2.37,51923.0,63.85172
2008-04-14,100.87,213.942,3.83910029665101,2.32,51923.0,63.85172
2008-04-15,101.33,213.942,3.83910029665101,2.32,51923.0,63.85172
2008-04-16,101.4,213.942,3.83910029665101,2.35,51923.0,63.85172
2008-04-17,102.22,213.942,3.83910029665101,2.37,51923.0,63.85172
2008-04-18,104.56,213.942,3.83910029665101,2.32,51923.0,63.85172
2008-04-21,103.38,213.942,3.83910029665101,2.28,51923.0,63.85172
2008-04-22,102.7,213.942,3.83910029665101,1.99,51923.0,63.85172
2008-04-23,103.55,213.942,3.83910029665101,2.18,51923.0,63.85172
2008-04-24,104.2,213.942,3.83910029665101,2.26,51923.0,63.85172
2008-04-25,104.17,213.942,3.83910029665101,2.28,51923.0,63.85172
2008-04-28,104.3,213.942,3.83910029665101,2.29,51923.0,63.85172
2008-04-29,103.4,213.942,3.83910029665101,2.21,51923.0,63.85172
2008-04-30,104.53,213.942,3.83910029665101,2.37,51923.0,63.85172
2008-05-01,104.04,215.208,3.83910029665101,2.16,,
2008-05-02,105.33,215.208,3.83910029665101,1.88,,
2008-05-05,105.12,215.208,3.83910029665101,1.85,,
2008-05-06,104.54,215.208,3.83910029665101,1.91,,
2008-05-07,105.28,215.208,3.83910029665101,2.01,,
2008-05-08,103.87,215.208,3.83910029665101,1.99,,
2008-05-09,103.01,215.208,3.83910029665101,1.97,,
2008-05-12,103.83,215.208,3.83910029665101,1.88,,
2008-05-13,104.41,215.208,3.83910029665101,1.93,,
2008-05-14,105.2,215.208,3.83910029665101,2.03,,
2008-05-15,104.61,215.208,3.83910029665101,2.03,,
2008-05-16,103.86,215.208,3.83910029665101,1.91,,
2008-05-19,104.55,215.208,3.83910029665101,1.95,,
2008-05-20,103.66,215.208,3.83910029665101,1.99,,
2008-05-21,103.34,215.208,3.83910029665101,2.03,,
2008-05-22,104.03,215.208,3.83910029665101,2.05,,
2008-05-23,103.22,215.208,3.83910029665101,1.99,,
2008-05-26,,215.208,3.83910029665101,1.99,,
2008-05-27,103.98,215.208,3.83910029665101,2.23,,
2008-05-28,104.69,215.208,3.83910029665101,2.08,,
2008-05-29,105.52,215.208,3.83910029665101,2.01,,
2008-05-30,105.46,215.208,3.83910029665101,1.98,,
2008-06-02,104.41,217.463,3.83910029665101,2.06,,
2008-06-03,105.29,217.463,3.83910029665101,1.95,,
2008-06-04,104.99,217.463,3.83910029665101,1.98,,
2008-06-05,106.0,217.463,3.83910029665101,1.98,,
2008-06-06,105.33,217.463,3.83910029665101,2.01,,
2008-06-09,106.06,217.463,3.83910029665101,2.02,,
2008-06-10,107.19,217.463,3.83910029665101,1.96,,
2008-06-11,106.77,217.463,3.83910029665101,1.95,,
2008-06-12,107.94,217.463,3.83910029665101,2.01,,
2008-06-13,107.92,217.463,3.83910029665101,2.02,,
2008-06-16,108.19,217.463,3.83910029665101,2.06,,
2008-06-17,108.03,217.463,3.83910029665101,1.87,,
2008-06-18,108.05,217.463,3.83910029665101,1.84,,
2008-06-19,107.95,217.463,3.83910029665101,1.94,,
2008-06-20,107.42,217.463,3.83910029665101,1.99,,
2008-06-23,107.89,217.463,3.83910029665101,1.98,,
2008-06-24,107.76,217.463,3.83910029665101,1.93,,
2008-06-25,108.29,217.463,3.83910029665101,1.97,,
2008-06-26,107.29,217.463,3.83910029665101,2.05,,
2008-06-27,106.28,217.463,3.83910029665101,1.99,,
2008-06-30,106.17,217.463,3.83910029665101,2.47,,
2008-07-01,105.73,219.016,3.83910029665101,2.11,51523.0,67.28455
2008-07-02,105.87,219.016,3.83910029665101,1.95,51523.0,67.28455
2008-07-03,106.79,219.016,3.83910029665101,1.92,51523.0,67.28455
2008-07-04,,219.016,3.83910029665101,1.92,51523.0,67.28455
2008-07-07,107.55,219.016,3.83910029665101,1.99,51523.0,67.28455
2008-07-08,107.35,219.016,3.83910029665101,1.97,51523.0,67.28455
2008-07-09,107.12,219.016,3.83910029665101,1.99,51523.0,67.28455
2008-07-10,107.03,219.016,3.83910029665101,2.01,51523.0,67.28455
2008-07-11,106.14,219.016,3.83910029665101,1.97,51523.0,67.28455
2008-07-14,106.18,219.016,3.83910029665101,2.06,51523.0,67.28455
2008-07-15,104.78,219.016,3.83910029665101,2.16,51523.0,67.28455
2008-07-16,104.64,219.016,3.83910029665101,1.95,51523.0,67.28455
2008-07-17,105.82,219.016,3.83910029665101,2.03,51523.0,67.28455
2008-07-18,106.75,219.016,3.83910029665101,1.96,51523.0,67.28455
2008-07-21,106.74,219.016,3.83910029665101,1.98,51523.0,67.28455
2008-07-22,107.11,219.016,3.83910029665101,1.97,51523.0,67.28455
2008-07-23,107.68,219.016,3.83910029665101,2.04,51523.0,67.28455
2008-07-24,107.62,219.016,3.83910029665101,2.06,51523.0,67.28455
2008-07-25,107.89,219.016,3.83910029665101,2.13,51523.0,67.28455
2008-07-28,107.49,219.016,3.83910029665101,2.0,51523.0,67.28455
2008-07-29,108.19,219.016,3.83910029665101,2.05,51523.0,67.28455
2008-07-30,108.17,219.016,3.83910029665101,2.03,51523.0,67.28455
2008-07-31,108.1,219.016,3.83910029665101,2.09,51523.0,67.28455
2008-08-01,107.59,218.69,3.83910029665101,2.04,,
2008-08-04,108.23,218.69,3.83910029665101,1.97,,
2008-08-05,108.2,218.69,3.83910029665101,1.97,,
2008-08-06,109.39,218.69,3.83910029665101,2.01,,
2008-08-07,109.44,218.69,3.83910029665101,1.96,,
2008-08-08,110.09,218.69,3.83910029665101,2.01,,
2008-08-11,110.08,218.69,3.83910029665101,1.99,,
2008-08-12,109.78,218.69,3.83910029665101,1.95,,
2008-08-13,108.71,218.69,3.83910029665101,1.98,,
2008-08-14,109.75,218.69,3.83910029665101,2.09,,
2008-08-15,110.48,218.69,3.83910029665101,2.08,,
2008-08-18,110.07,218.69,3.83910029665101,1.91,,
2008-08-19,109.68,218.69,3.83910029665101,1.94,,
2008-08-20,109.98,218.69,3.83910029665101,1.98,,
2008-08-21,108.35,218.69,3.83910029665101,2.01,,
2008-08-22,109.88,218.69,3.83910029665101,2.02,,
2008-08-25,109.11,218.69,3.83910029665101,2.01,,
2008-08-26,109.83,218.69,3.83910029665101,1.88,,
2008-08-27,109.72,218.69,3.83910029665101,1.98,,
2008-08-28,109.56,218.69,3.83910029665101,1.99,,
2008-08-29,108.69,218.69,3.83910029665101,1.94,,
2008-09-01,,218.877,3.83910029665101,1.94,,
2008-09-02,108.85,218.877,3.83910029665101,1.96,,
2008-09-03,108.18,218.877,3.83910029665101,2.01,,
2008-09-04,107.76,218.877,3.83910029665101,1.99,,
2008-09-05,106.96,218.877,3.83910029665101,1.97,,
2008-09-08,107.91,218.877,3.83910029665101,1.92,,
2008-09-09,107.1,218.877,3.83910029665101,1.96,,
2008-09-10,107.86,218.877,3.83910029665101,2.12,,
2008-09-11,106.66,218.877,3.83910029665101,2.0,,
2008-09-12,107.51,218.877,3.83910029665101,2.1,,
2008-09-15,105.67,218.877,3.83910029665101,2.64,,
2008-09-16,105.11,218.877,3.83910029665101,1.98,,
2008-09-17,104.71,218.877,3.83910029665101,2.8,,
2008-09-18,104.85,218.877,3.83910029665101,2.16,,
2008-09-19,107.18,218.877,3.83910029665101,1.48,,
2008-09-22,106.35,218.877,3.83910029665101,1.51,,
2008-09-23,105.8,218.877,3.83910029665101,1.46,,
2008-09-24,106.03,218.877,3.83910029665101,1.19,,
2008-09-25,106.48,218.877,3.83910029665101,1.23,,
2008-09-26,106.06,218.877,3.83910029665101,1.08,,
2008-09-29,105.1,218.877,3.83910029665101,1.56,,
2008-09-30,105.94,218.877,3.83910029665101,2.03,,
2008-10-01,106.06,216.995,3.83910029665101,1.15,50281.0,73.24516
2008-10-02,105.3,216.995,3.83910029665101,0.67,50281.0,73.24516
2008-10-03,105.76,216.995,3.83910029665101,1.1,50281.0,73.24516
2008-10-06,101.26,216.995,3.83910029665101,1.96,50281.0,73.24516
2008-10-07,102.3,216.995,3.83910029665101,2.97,50281.0,73.24516
2008-10-08,99.73,216.995,3.83910029665101,2.24,50281.0,73.24516
2008-10-09,100.67,216.995,3.83910029665101,1.4,50281.0,73.24516
2008-10-10,99.44,216.995,3.83910029665101,0.79,50281.0,73.24516
2008-10-13,,216.995,3.83910029665101,0.79,50281.0,73.24516
2008-10-14,102.17,216.995,3.83910029665101,1.1,50281.0,73.24516
2008-10-15,101.47,216.995,3.83910029665101,1.04,50281.0,73.24516
2008-10-16,100.46,216.995,3.83910029665101,0.83,50281.0,73.24516
2008-10-17,101.4,216.995,3.83910029665101,0.6,50281.0,73.24516
2008-10-20,101.74,216.995,3.83910029665101,0.7,50281.0,73.24516
2008-10-21,100.43,216.995,3.83910029665101,0.67,50281.0,73.24516
2008-10-22,98.63,216.995,3.83910029665101,0.81,50281.0,73.24516
2008-10-23,97.6,216.995,3.83910029665101,0.93,50281.0,73.24516
2008-10-24,92.64,216.995,3.83910029665101,0.95,50281.0,73.24516
2008-10-27,93.28,216.995,3.83910029665101,0.92,50281.0,73.24516
2008-10-28,95.68,216.995,3.83910029665101,0.67,50281.0,73.24516
2008-10-29,97.48,216.995,3.83910029665101,0.36,50281.0,73.24516
2008-10-30,97.47,216.995,3.83910029665101,0.3,50281.0,73.24516
2008-10-31,98.28,216.995,3.83910029665101,0.22,50281.0,73.24516
2008-11-03,98.95,213.153,3.83910029665101,0.23,,
2008-11-04,100.48,213.153,3.83910029665101,0.23,,
2008-11-05,98.95,213.153,3.83910029665101,0.23,,
2008-11-06,98.04,213.153,3.83910029665101,0.23,,
2008-11-07,98.15,213.153,3.83910029665101,0.27,,
2008-11-10,97.96,213.153,3.83910029665101,0.29,,
2008-11-11,,213.153,3.83910029665101,0.29,,
2008-11-12,95.54,213.153,3.83910029665101,0.35,,
2008-11-13,95.95,213.153,3.83910029665101,0.35,,
2008-11-14,96.66,213.153,3.83910029665101,0.34,,
2008-11-17,97.03,213.153,3.83910029665101,0.37,,
2008-11-18,97.38,213.153,3.83910029665101,0.38,,
2008-11-19,96.75,213.153,3.83910029665101,0.38,,
2008-11-20,94.98,213.153,3.83910029665101,0.49,,
2008-11-21,95.42,213.153,3.83910029665101,0.57,,
2008-11-24,96.69,213.153,3.83910029665101,0.62,,
2008-11-25,95.53,213.153,3.83910029665101,0.59,,
2008-11-26,95.46,213.153,3.83910029665101,0.53,,
2008-11-27,,213.153,3.83910029665101,0.53,,
2008-11-28,95.46,213.153,3.83910029665101,0.52,,
2008-12-01,93.71,211.398,3.83910029665101,0.52,,
2008-12-02,93.64,211.398,3.83910029665101,0.47,,
2008-12-03,93.25,211.398,3.83910029665101,0.36,,
2008-12-04,92.78,211.398,3.83910029665101,0.2,,
2008-12-05,92.18,211.398,3.83910029665101,0.12,,
2008-12-08,92.77,211.398,3.83910029665101,0.12,,
2008-12-09,92.44,211.398,3.83910029665101,0.13,,
2008-12-10,92.94,211.398,3.83910029665101,0.11,,
2008-12-11,91.96,211.398,3.83910029665101,0.14,,
2008-12-12,91.26,211.398,3.83910029665101,0.15,,
2008-12-15,90.68,211.398,3.83910029665101,0.18,,
2008-12-16,89.98,211.398,3.83910029665101,0.17,,
2008-12-17,87.84,211.398,3.83910029665101,0.12,,
2008-12-18,89.81,211.398,3.83910029665101,0.11,,
2008-12-19,89.48,211.398,3.83910029665101,0.11,,
2008-12-22,90.07,211.398,3.83910029665101,0.11,,
2008-12-23,90.57,211.398,3.83910029665101,0.11,,
2008-12-24,90.68,211.398,3.83910029665101,0.11,,
2008-12-25,,211.398,3.83910029665101,0.11,,
2008-12-26,90.65,211.398,3.83910029665101,0.09,,
2008-12-29,90.2,211.398,3.83910029665101,0.1,,
2008-12-30,90.37,211.398,3.83910029665101,0.09,,
2008-12-31,90.79,211.398,3.83910029665101,0.14,,
2009-01-01,,211.933,-0.35554626629975,0.14,49594.0,77.10496
2009-01-02,91.12,211.933,-0.35554626629975,0.08,49594.0,77.10496
2009-01-05,93.2,211.933,-0.35554626629975,0.11,49594.0,77.10496
2009-01-06,94.2,211.933,-0.35554626629975,0.09,49594.0,77.10496
2009-01-07,92.7,211.933,-0.35554626629975,0.11,49594.0,77.10496
2009-01-08,91.15,211.933,-0.35554626629975,0.1,49594.0,77.10496
2009-01-09,90.25,211.933,-0.35554626629975,0.09,49594.0,77.10496
2009-01-12,88.92,211.933,-0.35554626629975,0.1,49594.0,77.10496
2009-01-13,89.65,211.933,-0.35554626629975,0.1,49594.0,77.10496
2009-01-14,89.28,211.933,-0.35554626629975,0.15,49594.0,77.10496
2009-01-15,89.59,211.933,-0.35554626629975,0.18,49594.0,77.10496
2009-01-16,90.29,211.933,-0.35554626629975,0.19,49594.0,77.10496
2009-01-19,,211.933,-0.35554626629975,0.19,49594.0,77.10496
2009-01-20,90.19,211.933,-0.35554626629975,0.2,49594.0,77.10496
2009-01-21,87.8,211.933,-0.35554626629975,0.23,49594.0,77.10496
2009-01-22,88.64,211.933,-0.35554626629975,0.21,49594.0,77.10496
2009-01-23,88.72,211.933,-0.35554626629975,0.18,49594.0,77.10496
2009-01-26,89.25,211.933,-0.35554626629975,0.19,49594.0,77.10496
2009-01-27,88.99,211.933,-0.35554626629975,0.18,49594.0,77.10496
2009-01-28,88.87,211.933,-0.35554626629975,0.19,49594.0,77.10496
2009-01-29,89.77,211.933,-0.35554626629975,0.23,49594.0,77.10496
2009-01-30,89.83,211.933,-0.35554626629975,0.23,49594.0,77.10496
2009-02-02,89.86,212.705,-0.35554626629975,0.24,,
2009-02-03,89.09,212.705,-0.35554626629975,0.24,,
2009-02-04,89.53,212.705,-0.35554626629975,0.24,,
2009-02-05,91.01,212.705,-0.35554626629975,0.23,,
2009-02-06,91.95,212.705,-0.35554626629975,0.23,,
2009-02-09,91.47,212.705,-0.35554626629975,0.22,,
2009-02-10,90.65,212.705,-0.35554626629975,0.24,,
2009-02-11,90.66,212.705,-0.35554626629975,0.22,,
2009-02-12,90.55,212.705,-0.35554626629975,0.23,,
2009-02-13,91.84,212.705,-0.35554626629975,0.22,,
2009-02-16,,212.705,-0.35554626629975,0.22,,
2009-02-17,92.17,212.705,-0.35554626629975,0.25,,
2009-02-18,93.81,212.705,-0.35554626629975,0.23,,
2009-02-19,94.09,212.705,-0.35554626629975,0.21,,
2009-02-20,93.87,212.705,-0.35554626629975,0.2,,
2009-02-23,94.63,212.705,-0.35554626629975,0.19,,
2009-02-24,96.6,212.705,-0.35554626629975,0.21,,
2009-02-25,97.33,212.705,-0.35554626629975,0.21,,
2009-02-26,98.55,212.705,-0.35554626629975,0.22,,
2009-02-27,97.74,212.705,-0.35554626629975,0.22,,
2009-03-02,97.17,212.495,-0.35554626629975,0.22,,
2009-03-03,98.16,212.495,-0.35554626629975,0.2,,
2009-03-04,99.34,212.495,-0.35554626629975,0.21,,
2009-03-05,98.32,212.495,-0.35554626629975,0.2,,
2009-03-06,97.88,212.495,-0.35554626629975,0.2,,
2009-03-09,98.87,212.495,-0.35554626629975,0.2,,
2009-03-10,98.39,212.495,-0.35554626629975,0.2,,
2009-03-11,97.74,212.495,-0.35554626629975,0.19,,
2009-03-12,97.86,212.495,-0.35554626629975,0.18,,
2009-03-13,98.04,212.495,-0.35554626629975,0.15,,
2009-03-16,98.17,212.495,-0.35554626629975,0.2,,
2009-03-17,98.85,212.495,-0.35554626629975,0.2,,
2009-03-18,98.08,212.495,-0.35554626629975,0.18,,
2009-03-19,93.85,212.495,-0.35554626629975,0.17,,
2009-03-20,96.18,212.495,-0.35554626629975,0.18,,
2009-03-23,97.3,212.495,-0.35554626629975,0.17,,
2009-03-24,97.86,212.495,-0.35554626629975,0.17,,
2009-03-25,97.7,212.495,-0.35554626629975,0.17,,
2009-03-26,98.47,212.495,-0.35554626629975,0.16,,
2009-03-27,97.99,212.495,-0.35554626629975,0.15,,
2009-03-30,97.44,212.495,-0.35554626629975,0.16,,
2009-03-31,99.15,212.495,-0.35554626629975,0.16,,
2009-04-01,98.93,212.709,-0.35554626629975,0.16,49408.0,80.28013
2009-04-02,99.48,212.709,-0.35554626629975,0.16,49408.0,80.28013
2009-04-03,99.94,212.709,-0.35554626629975,0.13,49408.0,80.28013
2009-04-06,100.65,212.709,-0.35554626629975,0.14,49408.0,80.28013
2009-04-07,100.71,212.709,-0.35554626629975,0.14,49408.0,80.28013
2009-04-08,99.95,212.709,-0.35554626629975,0.14,49408.0,80.28013
2009-04-09,100.43,212.709,-0.35554626629975,0.14,49408.0,80.28013
2009-04-10,100.3,212.709,-0.35554626629975,0.15,49408.0,80.28013
2009-04-13,100.12,212.709,-0.35554626629975,0.13,49408.0,80.28013
2009-04-14,99.08,212.709,-0.35554626629975,0.16,49408.0,80.28013
2009-04-15,99.37,212.709,-0.35554626629975,0.16,49408.0,80.28013
2009-04-16,99.29,212.709,-0.35554626629975,0.15,49408.0,80.28013
2009-04-17,99.21,212.709,-0.35554626629975,0.13,49408.0,80.28013
2009-04-20,98.29,212.709,-0.35554626629975,0.14,49408.0,80.28013
2009-04-21,98.6,212.709,-0.35554626629975,0.15,49408.0,80.28013
2009-04-22,98.14,212.709,-0.35554626629975,0.15,49408.0,80.28013
2009-04-23,97.88,212.709,-0.35554626629975,0.17,49408.0,80.28013
2009-04-24,97.08,212.709,-0.35554626629975,0.16,49408.0,80.28013
2009-04-27,96.57,212.709,-0.35554626629975,0.17,49408.0,80.28013
2009-04-28,96.49,212.709,-0.35554626629975,0.16,49408.0,80.28013
2009-04-29,96.97,212.709,-0.35554626629975,0.18,49408.0,80.28013
2009-04-30,98.76,212.709,-0.35554626629975,0.2,49408.0,80.28013
2009-05-01,99.24,213.022,-0.35554626629975,0.22,,
2009-05-04,99.12,213.022,-0.35554626629975,0.22,,
2009-05-05,98.76,213.022,-0.35554626629975,0.2,,
2009-05-06,98.6,213.022,-0.35554626629975,0.18,,
2009-05-07,99.0,213.022,-0.35554626629975,0.18,,
2009-05-08,99.01,213.022,-0.35554626629975,0.17,,
2009-05-11,97.45,213.022,-0.35554626629975,0.17,,
2009-05-12,96.59,213.022,-0.35554626629975,0.16,,
2009-05-13,95.75,213.022,-0.35554626629975,0.16,,
2009-05-14,95.62,213.022,-0.35554626629975,0.16,,
2009-05-15,94.89,213.022,-0.35554626629975,0.17,,
2009-05-18,96.05,213.022,-0.35554626629975,0.16,,
2009-05-19,96.1,213.022,-0.35554626629975,0.15,,
2009-05-20,95.16,213.022,-0.35554626629975,0.14,,
2009-05-21,94.97,213.022,-0.35554626629975,0.17,,
2009-05-22,94.45,213.022,-0.35554626629975,0.17,,
2009-05-25,,213.022,-0.35554626629975,0.17,,
2009-05-26,94.81,213.022,-0.35554626629975,0.18,,
2009-05-27,95.01,213.022,-0.35554626629975,0.17,,
2009-05-28,96.76,213.022,-0.35554626629975,0.17,,
2009-05-29,95.55,213.022,-0.35554626629975,0.19,,
2009-06-01,96.53,214.79,-0.35554626629975,0.21,,
2009-06-02,95.72,214.79,-0.35554626629975,0.2,,
2009-06-03,95.72,214.79,-0.35554626629975,0.21,,
2009-06-04,96.37,214.79,-0.35554626629975,0.2,,
2009-06-05,98.18,214.79,-0.35554626629975,0.21,,
2009-06-08,98.56,214.79,-0.35554626629975,0.21,,
2009-06-09,97.6,214.79,-0.35554626629975,0.18,,
2009-06-10,98.13,214.79,-0.35554626629975,0.18,,
2009-06-11,97.83,214.79,-0.35554626629975,0.17,,
2009-06-12,98.17,214.79,-0.35554626629975,0.17,,
2009-06-15,98.03,214.79,-0.35554626629975,0.22,,
2009-06-16,96.26,214.79,-0.35554626629975,0.22,,
2009-06-17,95.65,214.79,-0.35554626629975,0.24,,
2009-06-18,96.36,214.79,-0.35554626629975,0.25,,
2009-06-19,96.15,214.79,-0.35554626629975,0.25,,
2009-06-22,95.9,214.79,-0.35554626629975,0.24,,
2009-06-23,95.32,214.79,-0.35554626629975,0.24,,
2009-06-24,95.38,214.79,-0.35554626629975,0.21,,
2009-06-25,96.21,214.79,-0.35554626629975,0.19,,
2009-06-26,95.19,214.79,-0.35554626629975,0.18,,
2009-06-29,95.84,214.79,-0.35554626629975,0.17,,
2009-06-30,96.42,214.79,-0.35554626629975,0.22,,
2009-07-01,96.41,214.726,-0.35554626629975,0.2,49473.0,82.42733
2009-07-02,95.9,214.726,-0.35554626629975,0.17,49473.0,82.42733
2009-07-03,95.95,214.726,-0.35554626629975,0.16,49473.0,82.42733
2009-07-06,95.0,214.726,-0.35554626629975,0.18,49473.0,82.42733
2009-07-07,95.11,214.726,-0.35554626629975,0.18,49473.0,82.42733
2009-07-08,92.9,214.726,-0.35554626629975,0.16,49473.0,82.42733
2009-07-09,92.79,214.726,-0.35554626629975,0.15,49473.0,82.42733
2009-07-10,92.33,214.726,-0.35554626629975,0.15,49473.0,82.42733
2009-07-13,92.74,214.726,-0.35554626629975,0.13,49473.0,82.42733
2009-07-14,93.03,214.726,-0.35554626629975,0.13,49473.0,82.42733
2009-07-15,94.09,214.726,-0.35554626629975,0.14,49473.0,82.42733
2009-07-16,93.59,214.726,-0.35554626629975,0.15,49473.0,82.42733
2009-07-17,94.08,214.726,-0.35554626629975,0.15,49473.0,82.42733
2009-07-20,94.52,214.726,-0.35554626629975,0.15,49473.0,82.42733
2009-07-21,93.36,214.726,-0.35554626629975,0.14,49473.0,82.42733
2009-07-22,93.77,214.726,-0.35554626629975,0.14,49473.0,82.42733
2009-07-23,94.75,214.726,-0.35554626629975,0.15,49473.0,82.42733
2009-07-24,94.86,214.726,-0.35554626629975,0.15,49473.0,82.42733
2009-07-27,95.32,214.726,-0.35554626629975,0.16,49473.0,82.42733
2009-07-28,94.6,214.726,-0.35554626629975,0.15,49473.0,82.42733
2009-07-29,95.13,214.726,-0.35554626629975,0.17,49473.0,82.42733
2009-07-30,95.67,214.726,-0.35554626629975,0.17,49473.0,82.42733
2009-07-31,94.54,214.726,-0.35554626629975,0.18,49473.0,82.42733
2009-08-03,95.23,215.445,-0.35554626629975,0.18,,
2009-08-04,95.41,215.445,-0.35554626629975,0.17,,
2009-08-05,94.98,215.445,-0.35554626629975,0.17,,
2009-08-06,95.56,215.445,-0.35554626629975,0.17,,
2009-08-07,97.65,215.445,-0.35554626629975,0.17,,
2009-08-10,97.23,215.445,-0.35554626629975,0.17,,
2009-08-11,95.94,215.445,-0.35554626629975,0.16,,
2009-08-12,96.16,215.445,-0.35554626629975,0.15,,
2009-08-13,95.46,215.445,-0.35554626629975,0.15,,
2009-08-14,94.64,215.445,-0.35554626629975,0.15,,
2009-08-17,94.33,215.445,-0.35554626629975,0.17,,
2009-08-18,94.72,215.445,-0.35554626629975,0.17,,
2009-08-19,93.87,215.445,-0.35554626629975,0.17,,
2009-08-20,94.12,215.445,-0.35554626629975,0.17,,
2009-08-21,94.6,215.445,-0.35554626629975,0.16,,
2009-08-24,94.47,215.445,-0.35554626629975,0.16,,
2009-08-25,94.28,215.445,-0.35554626629975,0.15,,
2009-08-26,94.25,215.445,-0.35554626629975,0.15,,
2009-08-27,93.57,215.445,-0.35554626629975,0.14,,
2009-08-28,93.55,215.445,-0.35554626629975,0.14,,
2009-08-31,92.82,215.445,-0.35554626629975,0.15,,
2009-09-01,93.09,215.861,-0.35554626629975,0.15,,
2009-09-02,92.43,215.861,-0.35554626629975,0.16,,
2009-09-03,92.54,215.861,-0.35554626629975,0.15,,
2009-09-04,92.75,215.861,-0.35554626629975,0.15,,
2009-09-07,,215.861,-0.35554626629975,0.15,,
2009-09-08,92.21,215.861,-0.35554626629975,0.15,,
2009-09-09,91.85,215.861,-0.35554626629975,0.15,,
2009-09-10,91.86,215.861,-0.35554626629975,0.16,,
2009-09-11,90.3,215.861,-0.35554626629975,0.15,,
2009-09-14,90.85,215.861,-0.35554626629975,0.16,,
2009-09-15,90.95,215.861,-0.35554626629975,0.17,,
2009-09-16,91.0,215.861,-0.35554626629975,0.17,,
2009-09-17,91.15,215.861,-0.35554626629975,0.16,,
2009-09-18,91.31,215.861,-0.35554626629975,0.16,,
2009-09-21,91.87,215.861,-0.35554626629975,0.15,,
2009-09-22,91.08,215.861,-0.35554626629975,0.15,,
2009-09-23,91.45,215.861,-0.35554626629975,0.15,,
2009-09-24,91.16,215.861,-0.35554626629975,0.14,,
2009-09-25,89.83,215.861,-0.35554626629975,0.13,,
2009-09-28,89.34,215.861,-0.35554626629975,0.13,,
2009-09-29,90.26,215.861,-0.35554626629975,0.11,,
2009-09-30,89.49,215.861,-0.35554626629975,0.07,,
2009-10-01,89.73,216.509,-0.35554626629975,0.11,49886.0,84.02935
2009-10-02,89.62,216.509,-0.35554626629975,0.13,49886.0,84.02935
2009-10-05,89.56,216.509,-0.35554626629975,0.13,49886.0,84.02935
2009-10-06,88.77,216.509,-0.35554626629975,0.12,49886.0,84.02935
2009-10-07,88.76,216.509,-0.35554626629975,0.13,49886.0,84.02935
2009-10-08,88.44,216.509,-0.35554626629975,0.12,49886.0,84.02935
2009-10-09,89.69,216.509,-0.35554626629975,0.12,49886.0,84.02935
2009-10-12,,216.509,-0.35554626629975,0.12,49886.0,84.02935
2009-10-13,89.71,216.509,-0.35554626629975,0.12,49886.0,84.02935
2009-10-14,89.44,216.509,-0.35554626629975,0.12,49886.0,84.02935
2009-10-15,90.39,216.509,-0.35554626629975,0.13,49886.0,84.02935
2009-10-16,90.73,216.509,-0.35554626629975,0.12,49886.0,84.02935
2009-10-19,90.72,216.509,-0.35554626629975,0.12,49886.0,84.02935
2009-10-20,90.83,216.509,-0.35554626629975,0.12,49886.0,84.02935
2009-10-21,91.04,216.509,-0.35554626629975,0.11,49886.0,84.02935
2009-10-22,91.42,216.509,-0.35554626629975,0.11,49886.0,84.02935
2009-10-23,91.88,216.509,-0.35554626629975,0.11,49886.0,84.02935
2009-10-26,91.96,216.509,-0.35554626629975,0.11,49886.0,84.02935
2009-10-27,92.04,216.509,-0.35554626629975,0.11,49886.0,84.02935
2009-10-28,91.07,216.509,-0.35554626629975,0.11,49886.0,84.02935
2009-10-29,91.41,216.509,-0.35554626629975,0.11,49886.0,84.02935
2009-10-30,90.5,216.509,-0.35554626629975,0.11,49886.0,84.02935
2009-11-02,90.56,217.234,-0.35554626629975,0.12,,
2009-11-03,90.3,217.234,-0.35554626629975,0.12,,
2009-11-04,90.96,217.234,-0.35554626629975,0.13,,
2009-11-05,90.45,217.234,-0.35554626629975,0.13,,
2009-11-06,89.86,217.234,-0.35554626629975,0.12,,
2009-11-09,89.92,217.234,-0.35554626629975,0.12,,
2009-11-10,89.82,217.234,-0.35554626629975,0.13,,
2009-11-11,,217.234,-0.35554626629975,0.13,,
2009-11-12,90.4,217.234,-0.35554626629975,0.12,,
2009-11-13,89.55,217.234,-0.35554626629975,0.12,,
2009-11-16,89.28,217.234,-0.35554626629975,0.12,,
2009-11-17,89.41,217.234,-0.35554626629975,0.12,,
2009-11-18,89.36,217.234,-0.35554626629975,0.11,,
2009-11-19,88.95,217.234,-0.35554626629975,0.11,,
2009-11-20,88.9,217.234,-0.35554626629975,0.11,,
2009-11-23,89.14,217.234,-0.35554626629975,0.12,,
2009-11-24,88.58,217.234,-0.35554626629975,0.12,,
2009-11-25,87.65,217.234,-0.35554626629975,0.11,,
2009-11-26,,217.234,-0.35554626629975,0.11,,
2009-11-27,86.87,217.234,-0.35554626629975,0.12,,
2009-11-30,86.12,217.234,-0.35554626629975,0.13,,
2009-12-01,86.62,217.347,-0.35554626629975,0.13,,
2009-12-02,87.13,217.347,-0.35554626629975,0.13,,
2009-12-03,88.2,217.347,-0.35554626629975,0.13,,
2009-12-04,89.87,217.347,-0.35554626629975,0.12,,
2009-12-07,89.44,217.347,-0.35554626629975,0.12,,
2009-12-08,88.41,217.347,-0.35554626629975,0.12,,
2009-12-09,87.83,217.347,-0.35554626629975,0.12,,
2009-12-10,88.2,217.347,-0.35554626629975,0.12,,
2009-12-11,89.23,217.347,-0.35554626629975,0.12,,
2009-12-14,88.65,217.347,-0.35554626629975,0.12,,
2009-12-15,89.91,217.347,-0.35554626629975,0.13,,
2009-12-16,89.52,217.347,-0.35554626629975,0.14,,
2009-12-17,90.35,217.347,-0.35554626629975,0.13,,
2009-12-18,90.47,217.347,-0.35554626629975,0.12,,
2009-12-21,90.95,217.347,-0.35554626629975,0.12,,
2009-12-22,91.67,217.347,-0.35554626629975,0.12,,
2009-12-23,91.52,217.347,-0.35554626629975,0.11,,
2009-12-24,91.69,217.347,-0.35554626629975,0.11,,
2009-12-25,,217.347,-0.35554626629975,0.11,,
2009-12-28,91.57,217.347,-0.35554626629975,0.12,,
2009-12-29,91.95,217.347,-0.35554626629975,0.12,,
2009-12-30,92.66,217.347,-0.35554626629975,0.11,,
2009-12-31,93.08,217.347,-0.35554626629975,0.05,,
2010-01-01,,217.488,1.64004344238989,0.05,50036.0,86.51175
2010-01-04,92.55,217.488,1.64004344238989,0.12,50036.0,86.51175
2010-01-05,91.48,217.488,1.64004344238989,0.12,50036.0,86.51175
2010-01-06,92.53,217.488,1.64004344238989,0.12,50036.0,86.51175
2010-01-07,93.31,217.488,1.64004344238989,0.1,50036.0,86.51175
2010-01-08,92.7,217.488,1.64004344238989,0.11,50036.0,86.51175
2010-01-11,91.9,217.488,1.64004344238989,0.11,50036.0,86.51175
2010-01-12,90.95,217.488,1.64004344238989,0.11,50036.0,86.51175
2010-01-13,91.38,217.488,1.64004344238989,0.11,50036.0,86.51175
2010-01-14,91.03,217.488,1.64004344238989,0.11,50036.0,86.51175
2010-01-15,90.79,217.488,1.64004344238989,0.12,50036.0,86.51175
2010-01-18,,217.488,1.64004344238989,0.12,50036.0,86.51175
2010-01-19,91.13,217.488,1.64004344238989,0.13,50036.0,86.51175
2010-01-20,91.23,217.488,1.64004344238989,0.13,50036.0,86.51175
2010-01-21,90.25,217.488,1.64004344238989,0.12,50036.0,86.51175
2010-01-22,90.07,217.488,1.64004344238989,0.11,50036.0,86.51175
2010-01-25,90.12,217.488,1.64004344238989,0.12,50036.0,86.51175
2010-01-26,89.63,217.488,1.64004344238989,0.12,50036.0,86.51175
2010-01-27,89.41,217.488,1.64004344238989,0.12,50036.0,86.51175
2010-01-28,90.08,217.488,1.64004344238989,0.12,50036.0,86.51175
2010-01-29,90.38,217.488,1.64004344238989,0.12,50036.0,86.51175
2010-02-01,90.8,217.281,1.64004344238989,0.14,,
2010-02-02,90.39,217.281,1.64004344238989,0.14,,
2010-02-03,91.11,217.281,1.64004344238989,0.13,,
2010-02-04,89.11,217.281,1.64004344238989,0.14,,
2010-02-05,89.25,217.281,1.64004344238989,0.13,,
2010-02-08,89.32,217.281,1.64004344238989,0.13,,
2010-02-09,89.45,217.281,1.64004344238989,0.13,,
2010-02-10,89.88,217.281,1.64004344238989,0.12,,
2010-02-11,89.82,217.281,1.64004344238989,0.12,,
2010-02-12,90.0,217.281,1.64004344238989,0.12,,
2010-02-15,,217.281,1.64004344238989,0.12,,
2010-02-16,90.46,217.281,1.64004344238989,0.13,,
2010-02-17,90.79,217.281,1.64004344238989,0.12,,
2010-02-18,91.43,217.281,1.64004344238989,0.12,,
2010-02-19,91.94,217.281,1.64004344238989,0.13,,
2010-02-22,91.11,217.281,1.64004344238989,0.12,,
2010-02-23,90.04,217.281,1.64004344238989,0.12,,
2010-02-24,90.06,217.281,1.64004344238989,0.11,,
2010-02-25,88.85,217.281,1.64004344238989,0.12,,
2010-02-26,88.84,217.281,1.64004344238989,0.13,,
2010-03-01,89.28,217.353,1.64004344238989,0.14,,
2010-03-02,88.95,217.353,1.64004344238989,0.14,,
2010-03-03,88.43,217.353,1.64004344238989,0.15,,
2010-03-04,89.02,217.353,1.64004344238989,0.16,,
2010-03-05,90.32,217.353,1.64004344238989,0.17,,
2010-03-08,90.3,217.353,1.64004344238989,0.15,,
2010-03-09,89.89,217.353,1.64004344238989,0.14,,
2010-03-10,90.62,217.353,1.64004344238989,0.14,,
2010-03-11,90.6,217.353,1.64004344238989,0.15,,
2010-03-12,90.46,217.353,1.64004344238989,0.17,,
2010-03-15,90.45,217.353,1.64004344238989,0.2,,
2010-03-16,90.43,217.353,1.64004344238989,0.2,,
2010-03-17,90.42,217.353,1.64004344238989,0.18,,
2010-03-18,90.46,217.353,1.64004344238989,0.18,,
2010-03-19,90.5,217.353,1.64004344238989,0.18,,
2010-03-22,90.02,217.353,1.64004344238989,0.18,,
2010-03-23,90.24,217.353,1.64004344238989,0.17,,
2010-03-24,91.89,217.353,1.64004344238989,0.17,,
2010-03-25,92.69,217.353,1.64004344238989,0.17,,
2010-03-26,92.56,217.353,1.64004344238989,0.17,,
2010-03-29,92.65,217.353,1.64004344238989,0.16,,
2010-03-30,92.89,217.353,1.64004344238989,0.16,,
2010-03-31,93.4,217.353,1.64004344238989,0.09,,
2010-04-01,93.83,217.403,1.64004344238989,0.17,50424.0,88.12832
2010-04-02,94.51,217.403,1.64004344238989,0.2,50424.0,88.12832
2010-04-05,94.28,217.403,1.64004344238989,0.2,50424.0,88.12832
2010-04-06,93.81,217.403,1.64004344238989,0.2,50424.0,88.12832
2010-04-07,93.59,217.403,1.64004344238989,0.19,50424.0,88.12832
2010-04-08,93.16,217.403,1.64004344238989,0.19,50424.0,88.12832
2010-04-09,93.28,217.403,1.64004344238989,0.19,50424.0,88.12832
2010-04-12,93.21,217.403,1.64004344238989,0.19,50424.0,88.12832
2010-04-13,92.78,217.403,1.64004344238989,0.2,50424.0,88.12832
2010-04-14,93.01,217.403,1.64004344238989,0.2,50424.0,88.12832
2010-04-15,93.04,217.403,1.64004344238989,0.22,50424.0,88.12832
2010-04-16,92.03,217.403,1.64004344238989,0.21,50424.0,88.12832
2010-04-19,92.18,217.403,1.64004344238989,0.2,50424.0,88.12832
2010-04-20,93.28,217.403,1.64004344238989,0.2,50424.0,88.12832
2010-04-21,93.24,217.403,1.64004344238989,0.2,50424.0,88.12832
2010-04-22,93.01,217.403,1.64004344238989,0.2,50424.0,88.12832
2010-04-23,94.18,217.403,1.64004344238989,0.2,50424.0,88.12832
2010-04-26,94.06,217.403,1.64004344238989,0.2,50424.0,88.12832
2010-04-27,93.01,217.403,1.64004344238989,0.2,50424.0,88.12832
2010-04-28,94.07,217.403,1.64004344238989,0.2,50424.0,88.12832
2010-04-29,94.16,217.403,1.64004344238989,0.19,50424.0,88.12832
2010-04-30,94.24,217.403,1.64004344238989,0.2,50424.0,88.12832
2010-05-03,94.68,217.29,1.64004344238989,0.2,,
2010-05-04,94.58,217.29,1.64004344238989,0.21,,
2010-05-05,94.3,217.29,1.64004344238989,0.21,,
2010-05-06,92.22,217.29,1.64004344238989,0.2,,
2010-05-07,91.67,217.29,1.64004344238989,0.2,,
2010-05-10,93.39,217.29,1.64004344238989,0.2,,
2010-05-11,92.83,217.29,1.64004344238989,0.2,,
2010-05-12,92.93,217.29,1.64004344238989,0.2,,
2010-05-13,92.7,217.29,1.64004344238989,0.2,,
2010-05-14,91.94,217.29,1.64004344238989,0.2,,
2010-05-17,92.08,217.29,1.64004344238989,0.21,,
2010-05-18,92.52,217.29,1.64004344238989,0.21,,
2010-05-19,91.16,217.29,1.64004344238989,0.2,,
2010-05-20,90.07,217.29,1.64004344238989,0.2,,
2010-05-21,90.21,217.29,1.64004344238989,0.2,,
2010-05-24,90.49,217.29,1.64004344238989,0.21,,
2010-05-25,89.89,217.29,1.64004344238989,0.21,,
2010-05-26,90.28,217.29,1.64004344238989,0.2,,
2010-05-27,90.71,217.29,1.64004344238989,0.2,,
2010-05-28,90.81,217.29,1.64004344238989,0.19,,
2010-05-31,,217.29,1.64004344238989,0.19,,
2010-06-01,91.16,217.199,1.64004344238989,0.2,,
2010-06-02,92.21,217.199,1.64004344238989,0.2,,
2010-06-03,92.33,217.199,1.64004344238989,0.19,,
2010-06-04,91.83,217.199,1.64004344238989,0.19,,
2010-06-07,92.0,217.199,1.64004344238989,0.19,,
2010-06-08,91.3,217.199,1.64004344238989,0.19,,
2010-06-09,91.54,217.199,1.64004344238989,0.18,,
2010-06-10,91.04,217.199,1.64004344238989,0.18,,
2010-06-11,91.72,217.199,1.64004344238989,0.18,,
2010-06-14,91.8,217.199,1.64004344238989,0.18,,
2010-06-15,91.25,217.199,1.64004344238989,0.19,,
2010-06-16,91.39,217.199,1.64004344238989,0.19,,
2010-06-17,90.92,217.199,1.64004344238989,0.19,,
2010-06-18,90.79,217.199,1.64004344238989,0.18,,
2010-06-21,91.18,217.199,1.64004344238989,0.17,,
2010-06-22,90.59,217.199,1.64004344238989,0.18,,
2010-06-23,89.82,217.199,1.64004344238989,0.17,,
2010-06-24,89.4,217.199,1.64004344238989,0.16,,
2010-06-25,89.35,217.199,1.64004344238989,0.16,,
2010-06-28,89.23,217.199,1.64004344238989,0.17,,
2010-06-29,88.39,217.199,1.64004344238989,0.15,,
2010-06-30,88.49,217.199,1.64004344238989,0.09,,
2010-07-01,87.42,217.605,1.64004344238989,0.17,50706.0,89.56529
2010-07-02,87.69,217.605,1.64004344238989,0.18,50706.0,89.56529
2010-07-05,,217.605,1.64004344238989,0.18,50706.0,89.56529
2010-07-06,87.55,217.605,1.64004344238989,0.18,50706.0,89.56529
2010-07-07,87.16,217.605,1.64004344238989,0.18,50706.0,89.56529
2010-07-08,88.44,217.605,1.64004344238989,0.17,50706.0,89.56529
2010-07-09,88.48,217.605,1.64004344238989,0.18,50706.0,89.56529
2010-07-12,88.53,217.605,1.64004344238989,0.17,50706.0,89.56529
2010-07-13,88.24,217.605,1.64004344238989,0.17,50706.0,89.56529
2010-07-14,88.59,217.605,1.64004344238989,0.17,50706.0,89.56529
2010-07-15,87.41,217.605,1.64004344238989,0.19,50706.0,89.56529
2010-07-16,86.4,217.605,1.64004344238989,0.19,50706.0,89.56529
2010-07-19,86.77,217.605,1.64004344238989,0.19,50706.0,89.56529
2010-07-20,87.22,217.605,1.64004344238989,0.18,50706.0,89.56529
2010-07-21,87.3,217.605,1.64004344238989,0.18,50706.0,89.56529
2010-07-22,87.0,217.605,1.64004344238989,0.18,50706.0,89.56529
2010-07-23,87.31,217.605,1.64004344238989,0.19,50706.0,89.56529
2010-07-26,87.2,217.605,1.64004344238989,0.19,50706.0,89.56529
2010-07-27,87.88,217.605,1.64004344238989,0.19,50706.0,89.56529
2010-07-28,87.62,217.605,1.64004344238989,0.2,50706.0,89.56529
2010-07-29,86.87,217.605,1.64004344238989,0.19,50706.0,89.56529
2010-07-30,86.43,217.605,1.64004344238989,0.18,50706.0,89.56529
2010-08-02,86.42,217.923,1.64004344238989,0.19,,
2010-08-03,85.88,217.923,1.64004344238989,0.19,,
2010-08-04,86.26,217.923,1.64004344238989,0.19,,
2010-08-05,85.83,217.923,1.64004344238989,0.19,,
2010-08-06,85.25,217.923,1.64004344238989,0.18,,
2010-08-09,85.88,217.923,1.64004344238989,0.18,,
2010-08-10,85.88,217.923,1.64004344238989,0.18,,
2010-08-11,85.36,217.923,1.64004344238989,0.17,,
2010-08-12,85.83,217.923,1.64004344238989,0.18,,
2010-08-13,86.2,217.923,1.64004344238989,0.19,,
2010-08-16,85.33,217.923,1.64004344238989,0.2,,
2010-08-17,85.51,217.923,1.64004344238989,0.2,,
2010-08-18,85.31,217.923,1.64004344238989,0.19,,
2010-08-19,85.27,217.923,1.64004344238989,0.19,,
2010-08-20,85.63,217.923,1.64004344238989,0.2,,
2010-08-23,85.16,217.923,1.64004344238989,0.19,,
2010-08-24,84.16,217.923,1.64004344238989,0.19,,
2010-08-25,84.56,217.923,1.64004344238989,0.19,,
2010-08-26,84.61,217.923,1.64004344238989,0.19,,
2010-08-27,85.1,217.923,1.64004344238989,0.19,,
2010-08-30,84.67,217.923,1.64004344238989,0.19,,
2010-08-31,84.1,217.923,1.64004344238989,0.21,,
2010-09-01,84.48,218.275,1.64004344238989,0.19,,
2010-09-02,84.15,218.275,1.64004344238989,0.19,,
2010-09-03,84.45,218.275,1.64004344238989,0.19,,
2010-09-06,,218.275,1.64004344238989,0.19,,
2010-09-07,83.75,218.275,1.64004344238989,0.2,,
2010-09-08,83.85,218.275,1.64004344238989,0.19,,
2010-09-09,83.83,218.275,1.64004344238989,0.18,,
2010-09-10,84.13,218.275,1.64004344238989,0.18,,
2010-09-13,83.53,218.275,1.64004344238989,0.18,,
2010-09-14,83.05,218.275,1.64004344238989,0.19,,
2010-09-15,85.63,218.275,1.64004344238989,0.21,,
2010-09-16,85.72,218.275,1.64004344238989,0.21,,
2010-09-17,85.77,218.275,1.64004344238989,0.21,,
2010-09-20,85.74,218.275,1.64004344238989,0.21,,
2010-09-21,85.36,218.275,1.64004344238989,0.2,,
2010-09-22,84.37,218.275,1.64004344238989,0.21,,
2010-09-23,84.32,218.275,1.64004344238989,0.2,,
2010-09-24,84.24,218.275,1.64004344238989,0.21,,
2010-09-27,84.17,218.275,1.64004344238989,0.19,,
2010-09-28,83.82,218.275,1.64004344238989,0.19,,
2010-09-29,83.61,218.275,1.64004344238989,0.19,,
2010-09-30,83.53,218.275,1.64004344238989,0.15,,
2010-10-01,83.3,219.035,1.64004344238989,0.2,50859.0,91.61136
2010-10-04,83.33,219.035,1.64004344238989,0.2,50859.0,91.61136
2010-10-05,83.17,219.035,1.64004344238989,0.2,50859.0,91.61136
2010-10-06,82.8,219.035,1.64004344238989,0.19,50859.0,91.61136
2010-10-07,82.35,219.035,1.64004344238989,0.18,50859.0,91.61136
2010-10-08,81.86,219.035,1.64004344238989,0.18,50859.0,91.61136
2010-10-11,,219.035,1.64004344238989,0.18,50859.0,91.61136
2010-10-12,81.74,219.035,1.64004344238989,0.18,50859.0,91.61136
2010-10-13,81.81,219.035,1.64004344238989,0.18,50859.0,91.61136
2010-10-14,81.44,219.035,1.64004344238989,0.19,50859.0,91.61136
2010-10-15,81.32,219.035,1.64004344238989,0.2,50859.0,91.61136
2010-10-18,81.16,219.035,1.64004344238989,0.19,50859.0,91.61136
2010-10-19,81.6,219.035,1.64004344238989,0.19,50859.0,91.61136
2010-10-20,81.14,219.035,1.64004344238989,0.19,50859.0,91.61136
2010-10-21,81.16,219.035,1.64004344238989,0.19,50859.0,91.61136
2010-10-22,81.48,219.035,1.64004344238989,0.19,50859.0,91.61136
2010-10-25,80.61,219.035,1.64004344238989,0.19,50859.0,91.61136
2010-10-26,81.28,219.035,1.64004344238989,0.19,50859.0,91.61136
2010-10-27,81.55,219.035,1.64004344238989,0.19,50859.0,91.61136
2010-10-28,80.99,219.035,1.64004344238989,0.19,50859.0,91.61136
2010-10-29,80.48,219.035,1.64004344238989,0.2,50859.0,91.61136
2010-11-01,80.66,219.59,1.64004344238989,0.2,,
2010-11-02,80.8,219.59,1.64004344238989,0.2,,
2010-11-03,81.41,219.59,1.64004344238989,0.2,,
2010-11-04,80.61,219.59,1.64004344238989,0.19,,
2010-11-05,81.35,219.59,1.64004344238989,0.18,,
2010-11-08,81.14,219.59,1.64004344238989,0.18,,
2010-11-09,81.15,219.59,1.64004344238989,0.17,,
2010-11-10,82.53,219.59,1.64004344238989,0.17,,
2010-11-11,,219.59,1.64004344238989,0.17,,
2010-11-12,82.44,219.59,1.64004344238989,0.19,,
2010-11-15,82.9,219.59,1.64004344238989,0.21,,
2010-11-16,83.41,219.59,1.64004344238989,0.21,,
2010-11-17,83.15,219.59,1.64004344238989,0.2,,
2010-11-18,83.64,219.59,1.64004344238989,0.2,,
2010-11-19,83.49,219.59,1.64004344238989,0.21,,
2010-11-22,83.46,219.59,1.64004344238989,0.19,,
2010-11-23,82.86,219.59,1.64004344238989,0.2,,
2010-11-24,83.38,219.59,1.64004344238989,0.2,,
2010-11-25,,219.59,1.64004344238989,0.2,,
2010-11-26,84.08,219.59,1.64004344238989,0.2,,
2010-11-29,84.34,219.59,1.64004344238989,0.2,,
2010-11-30,83.56,219.59,1.64004344238989,0.2,,
2010-12-01,84.0,220.472,1.64004344238989,0.2,,
2010-12-02,83.53,220.472,1.64004344238989,0.19,,
2010-12-03,82.73,220.472,1.64004344238989,0.18,,
2010-12-06,82.7,220.472,1.64004344238989,0.18,,
2010-12-07,83.04,220.472,1.64004344238989,0.17,,
2010-12-08,84.16,220.472,1.64004344238989,0.17,,
2010-12-09,83.85,220.472,1.64004344238989,0.16,,
2010-12-10,83.87,220.472,1.64004344238989,0.16,,
2010-12-13,83.57,220.472,1.64004344238989,0.17,,
2010-12-14,83.52,220.472,1.64004344238989,0.19,,
2010-12-15,84.04,220.472,1.64004344238989,0.2,,
2010-12-16,84.23,220.472,1.64004344238989,0.2,,
2010-12-17,84.15,220.472,1.64004344238989,0.2,,
2010-12-20,83.72,220.472,1.64004344238989,0.21,,
2010-12-21,83.76,220.472,1.64004344238989,0.2,,
2010-12-22,83.56,220.472,1.64004344238989,0.19,,
2010-12-23,82.97,220.472,1.64004344238989,0.19,,
2010-12-24,,220.472,1.64004344238989,0.19,,
2010-12-27,82.91,220.472,1.64004344238989,0.19,,
2010-12-28,82.21,220.472,1.64004344238989,0.18,,
2010-12-29,81.9,220.472,1.64004344238989,0.18,,
2010-12-30,81.67,220.472,1.64004344238989,0.19,,
2010-12-31,,220.472,1.64004344238989,0.13,,
2011-01-03,81.56,221.187,3.15684156862206,0.19,50646.0,92.95617
2011-01-04,81.96,221.187,3.15684156862206,0.18,50646.0,92.95617
2011-01-05,83.22,221.187,3.15684156862206,0.18,50646.0,92.95617
2011-01-06,83.15,221.187,3.15684156862206,0.17,50646.0,92.95617
2011-01-07,83.04,221.187,3.15684156862206,0.17,50646.0,92.95617
2011-01-10,82.78,221.187,3.15684156862206,0.17,50646.0,92.95617
2011-01-11,83.36,221.187,3.15684156862206,0.17,50646.0,92.95617
2011-01-12,83.29,221.187,3.15684156862206,0.16,50646.0,92.95617
2011-01-13,82.72,221.187,3.15684156862206,0.16,50646.0,92.95617
2011-01-14,82.99,221.187,3.15684156862206,0.16,50646.0,92.95617
2011-01-17,,221.187,3.15684156862206,0.16,50646.0,92.95617
2011-01-18,82.66,221.187,3.15684156862206,0.19,50646.0,92.95617
2011-01-19,82.03,221.187,3.15684156862206,0.18,50646.0,92.95617
2011-01-20,83.02,221.187,3.15684156862206,0.18,50646.0,92.95617
2011-01-21,82.63,221.187,3.15684156862206,0.17,50646.0,92.95617
2011-01-24,82.44,221.187,3.15684156862206,0.18,50646.0,92.95617
2011-01-25,82.35,221.187,3.15684156862206,0.17,50646.0,92.95617
2011-01-26,82.27,221.187,3.15684156862206,0.17,50646.0,92.95617
2011-01-27,83.03,221.187,3.15684156862206,0.17,50646.0,92.95617
2011-01-28,82.03,221.187,3.15684156862206,0.17,50646.0,92.95617
2011-01-31,81.97,221.187,3.15684156862206,0.17,50646.0,92.95617
2011-02-01,81.48,221.898,3.15684156862206,0.18,,
2011-02-02,81.82,221.898,3.15684156862206,0.18,,
2011-02-03,81.48,221.898,3.15684156862206,0.17,,
2011-02-04,81.99,221.898,3.15684156862206,0.17,,
2011-02-07,82.4,221.898,3.15684156862206,0.17,,
2011-02-08,81.92,221.898,3.15684156862206,0.16,,
2011-02-09,82.47,221.898,3.15684156862206,0.15,,
2011-02-10,83.11,221.898,3.15684156862206,0.15,,
2011-02-11,83.52,221.898,3.15684156862206,0.15,,
2011-02-14,83.32,221.898,3.15684156862206,0.15,,
2011-02-15,83.79,221.898,3.15684156862206,0.16,,
2011-02-16,83.73,221.898,3.15684156862206,0.15,,
2011-02-17,83.25,221.898,3.15684156862206,0.15,,
2011-02-18,83.22,221.898,3.15684156862206,0.15,,
2011-02-21,,221.898,3.15684156862206,0.15,,
2011-02-22,82.94,221.898,3.15684156862206,0.15,,
2011-02-23,82.39,221.898,3.15684156862206,0.15,,
2011-02-24,81.67,221.898,3.15684156862206,0.15,,
2011-02-25,81.76,221.898,3.15684156862206,0.15,,
2011-02-28,81.94,221.898,3.15684156862206,0.16,,
2011-03-01,81.86,223.046,3.15684156862206,0.15,,
2011-03-02,81.62,223.046,3.15684156862206,0.16,,
2011-03-03,82.41,223.046,3.15684156862206,0.15,,
2011-03-04,82.35,223.046,3.15684156862206,0.15,,
2011-03-07,82.12,223.046,3.15684156862206,0.14,,
2011-03-08,82.69,223.046,3.15684156862206,0.14,,
2011-03-09,82.78,223.046,3.15684156862206,0.14,,
2011-03-10,82.98,223.046,3.15684156862206,0.14,,
2011-03-11,81.77,223.046,3.15684156862206,0.13,,
2011-03-14,81.65,223.046,3.15684156862206,0.14,,
2011-03-15,80.82,223.046,3.15684156862206,0.14,,
2011-03-16,80.17,223.046,3.15684156862206,0.14,,
2011-03-17,78.74,223.046,3.15684156862206,0.14,,
2011-03-18,81.14,223.046,3.15684156862206,0.15,,
2011-03-21,81.11,223.046,3.15684156862206,0.14,,
2011-03-22,81.0,223.046,3.15684156862206,0.14,,
2011-03-23,80.94,223.046,3.15684156862206,0.14,,
2011-03-24,80.82,223.046,3.15684156862206,0.13,,
2011-03-25,81.12,223.046,3.15684156862206,0.13,,
2011-03-28,81.67,223.046,3.15684156862206,0.13,,
2011-03-29,82.38,223.046,3.15684156862206,0.13,,
2011-03-30,82.98,223.046,3.15684156862206,0.13,,
2011-03-31,82.76,223.046,3.15684156862206,0.1,,
2011-04-01,84.05,224.093,3.15684156862206,0.11,50897.0,92.19383
2011-04-04,83.98,224.093,3.15684156862206,0.09,50897.0,92.19383
2011-04-05,84.65,224.093,3.15684156862206,0.09,50897.0,92.19383
2011-04-06,85.26,224.093,3.15684156862206,0.1,50897.0,92.19383
2011-04-07,84.98,224.093,3.15684156862206,0.1,50897.0,92.19383
2011-04-08,84.99,224.093,3.15684156862206,0.09,50897.0,92.19383
2011-04-11,84.58,224.093,3.15684156862206,0.09,50897.0,92.19383
2011-04-12,83.79,224.093,3.15684156862206,0.08,50897.0,92.19383
2011-04-13,83.59,224.093,3.15684156862206,0.08,50897.0,92.19383
2011-04-14,83.23,224.093,3.15684156862206,0.09,50897.0,92.19383
2011-04-15,83.13,224.093,3.15684156862206,0.12,50897.0,92.19383
2011-04-18,82.43,224.093,3.15684156862206,0.1,50897.0,92.19383
2011-04-19,82.41,224.093,3.15684156862206,0.11,50897.0,92.19383
2011-04-20,82.58,224.093,3.15684156862206,0.1,50897.0,92.19383
2011-04-21,81.81,224.093,3.15684156862206,0.1,50897.0,92.19383
2011-04-22,81.92,224.093,3.15684156862206,0.1,50897.0,92.19383
2011-04-25,81.93,224.093,3.15684156862206,0.1,50897.0,92.19383
2011-04-26,81.93,224.093,3.15684156862206,0.09,50897.0,92.19383
2011-04-27,82.6,224.093,3.15684156862206,0.09,50897.0,92.19383
2011-04-28,81.57,224.093,3.15684156862206,0.09,50897.0,92.19383
2011-04-29,81.31,224.093,3.15684156862206,0.09,50897.0,92.19383
2011-05-02,81.23,224.806,3.15684156862206,0.09,,
2011-05-03,81.02,224.806,3.15684156862206,0.09,,
2011-05-04,80.69,224.806,3.15684156862206,0.09,,
2011-05-05,80.12,224.806,3.15684156862206,0.09,,
2011-05-06,80.51,224.806,3.15684156862206,0.09,,
2011-05-09,80.66,224.806,3.15684156862206,0.09,,
2011-05-10,80.75,224.806,3.15684156862206,0.09,,
2011-05-11,80.78,224.806,3.15684156862206,0.09,,
2011-05-12,80.75,224.806,3.15684156862206,0.09,,
2011-05-13,80.76,224.806,3.15684156862206,0.09,,
2011-05-16,80.82,224.806,3.15684156862206,0.1,,
2011-05-17,81.39,224.806,3.15684156862206,0.09,,
2011-05-18,81.37,224.806,3.15684156862206,0.1,,
2011-05-19,81.78,224.806,3.15684156862206,0.09,,
2011-05-20,81.64,224.806,3.15684156862206,0.1,,
2011-05-23,81.81,224.806,3.15684156862206,0.1,,
2011-05-24,82.12,224.806,3.15684156862206,0.1,,
2011-05-25,81.96,224.806,3.15684156862206,0.09,,
2011-05-26,81.44,224.806,3.15684156862206,0.09,,
2011-05-27,80.75,224.806,3.15684156862206,0.1,,
2011-05-30,,224.806,3.15684156862206,0.1,,
2011-05-31,81.29,224.806,3.15684156862206,0.1,,
2011-06-01,80.82,224.806,3.15684156862206,0.1,,
2011-06-02,80.98,224.806,3.15684156862206,0.1,,
2011-06-03,80.38,224.806,3.15684156862206,0.11,,
2011-06-06,80.19,224.806,3.15684156862206,0.1,,
2011-06-07,80.21,224.806,3.15684156862206,0.09,,
2011-06-08,79.87,224.806,3.15684156862206,0.09,,
2011-06-09,80.07,224.806,3.15684156862206,0.09,,
2011-06-10,80.26,224.806,3.15684156862206,0.09,,
2011-06-13,80.16,224.806,3.15684156862206,0.1,,
2011-06-14,80.5,224.806,3.15684156862206,0.1,,
2011-06-15,80.71,224.806,3.15684156862206,0.1,,
2011-06-16,80.7,224.806,3.15684156862206,0.1,,
2011-06-17,80.1,224.806,3.15684156862206,0.1,,
2011-06-20,80.26,224.806,3.15684156862206,0.09,,
2011-06-21,80.15,224.806,3.15684156862206,0.09,,
2011-06-22,80.06,224.806,3.15684156862206,0.09,,
2011-06-23,80.45,224.806,3.15684156862206,0.08,,
2011-06-24,80.32,224.806,3.15684156862206,0.08,,
2011-06-27,80.89,224.806,3.15684156862206,0.08,,
2011-06-28,80.85,224.806,3.15684156862206,0.08,,
2011-06-29,80.8,224.806,3.15684156862206,0.07,,
2011-06-30,80.64,224.806,3.15684156862206,0.07,,
2011-07-01,80.81,225.395,3.15684156862206,0.08,50769.0,94.52097
2011-07-04,,225.395,3.15684156862206,0.08,50769.0,94.52097
2011-07-05,81.14,225.395,3.15684156862206,0.08,50769.0,94.52097
2011-07-06,80.9,225.395,3.15684156862206,0.07,50769.0,94.52097
2011-07-07,81.26,225.395,3.15684156862206,0.07,50769.0,94.52097
2011-07-08,80.64,225.395,3.15684156862206,0.07,50769.0,94.52097
2011-07-11,80.37,225.395,3.15684156862206,0.07,50769.0,94.52097
2011-07-12,79.53,225.395,3.15684156862206,0.06,50769.0,94.52097
2011-07-13,78.99,225.395,3.15684156862206,0.06,50769.0,94.52097
2011-07-14,79.11,225.395,3.15684156862206,0.06,50769.0,94.52097
2011-07-15,79.03,225.395,3.15684156862206,0.06,50769.0,94.52097
2011-07-18,79.1,225.395,3.15684156862206,0.06,50769.0,94.52097
2011-07-19,78.91,225.395,3.15684156862206,0.06,50769.0,94.52097
2011-07-20,78.76,225.395,3.15684156862206,0.06,50769.0,94.52097
2011-07-21,78.47,225.395,3.15684156862206,0.06,50769.0,94.52097
2011-07-22,78.44,225.395,3.15684156862206,0.06,50769.0,94.52097
2011-07-25,78.31,225.395,3.15684156862206,0.06,50769.0,94.52097
2011-07-26,78.04,225.395,3.15684156862206,0.06,50769.0,94.52097
2011-07-27,77.99,225.395,3.15684156862206,0.07,50769.0,94.52097
2011-07-28,77.87,225.395,3.15684156862206,0.08,50769.0,94.52097
2011-07-29,77.18,225.395,3.15684156862206,0.11,50769.0,94.52097
2011-08-01,76.87,226.106,3.15684156862206,0.17,,
2011-08-02,77.13,226.106,3.15684156862206,0.16,,
2011-08-03,76.87,226.106,3.15684156862206,0.12,,
2011-08-04,79.01,226.106,3.15684156862206,0.09,,
2011-08-05,78.48,226.106,3.15684156862206,0.08,,
2011-08-08,77.53,226.106,3.15684156862206,0.11,,
2011-08-09,77.16,226.106,3.15684156862206,0.1,,
2011-08-10,76.41,226.106,3.15684156862206,0.1,,
2011-08-11,76.68,226.106,3.15684156862206,0.09,,
2011-08-12,76.79,226.106,3.15684156862206,0.1,,
2011-08-15,76.73,226.106,3.15684156862206,0.1,,
2011-08-16,76.76,226.106,3.15684156862206,0.09,,
2011-08-17,76.46,226.106,3.15684156862206,0.09,,
2011-08-18,76.52,226.106,3.15684156862206,0.09,,
2011-08-19,76.46,226.106,3.15684156862206,0.09,,
2011-08-22,76.77,226.106,3.15684156862206,0.09,,
2011-08-23,76.59,226.106,3.15684156862206,0.08,,
2011-08-24,76.78,226.106,3.15684156862206,0.08,,
2011-08-25,77.38,226.106,3.15684156862206,0.08,,
2011-08-26,76.62,226.106,3.15684156862206,0.09,,
2011-08-29,76.96,226.106,3.15684156862206,0.09,,
2011-08-30,76.75,226.106,3.15684156862206,0.08,,
2011-08-31,76.5,226.106,3.15684156862206,0.08,,
2011-09-01,76.81,226.597,3.15684156862206,0.08,,
2011-09-02,76.79,226.597,3.15684156862206,0.08,,
2011-09-05,,226.597,3.15684156862206,0.08,,
2011-09-06,77.48,226.597,3.15684156862206,0.09,,
2011-09-07,77.39,226.597,3.15684156862206,0.09,,
2011-09-08,77.43,226.597,3.15684156862206,0.09,,
2011-09-09,77.31,226.597,3.15684156862206,0.09,,
2011-09-12,77.15,226.597,3.15684156862206,0.09,,
2011-09-13,76.88,226.597,3.15684156862206,0.09,,
2011-09-14,76.71,226.597,3.15684156862206,0.08,,
2011-09-15,76.7,226.597,3.15684156862206,0.09,,
2011-09-16,76.89,226.597,3.15684156862206,0.09,,
2011-09-19,76.48,226.597,3.15684156862206,0.09,,
2011-09-20,76.52,226.597,3.15684156862206,0.09,,
2011-09-21,76.38,226.597,3.15684156862206,0.08,,
2011-09-22,76.31,226.597,3.15684156862206,0.08,,
2011-09-23,76.3,226.597,3.15684156862206,0.08,,
2011-09-26,76.35,226.597,3.15684156862206,0.08,,
2011-09-27,76.6,226.597,3.15684156862206,0.08,,
2011-09-28,76.51,226.597,3.15684156862206,0.08,,
2011-09-29,76.68,226.597,3.15684156862206,0.08,,
2011-09-30,77.04,226.597,3.15684156862206,0.06,,
2011-10-03,76.66,226.75,3.15684156862206,0.08,51232.0,96.09067
2011-10-04,76.86,226.75,3.15684156862206,0.07,51232.0,96.09067
2011-10-05,76.86,226.75,3.15684156862206,0.07,51232.0,96.09067
2011-10-06,76.64,226.75,3.15684156862206,0.07,51232.0,96.09067
2011-10-07,76.77,226.75,3.15684156862206,0.07,51232.0,96.09067
2011-10-10,,226.75,3.15684156862206,0.07,51232.0,96.09067
2011-10-11,76.66,226.75,3.15684156862206,0.07,51232.0,96.09067
2011-10-12,77.3,226.75,3.15684156862206,0.07,51232.0,96.09067
2011-10-13,76.88,226.75,3.15684156862206,0.07,51232.0,96.09067
2011-10-14,77.36,226.75,3.15684156862206,0.07,51232.0,96.09067
2011-10-17,76.8,226.75,3.15684156862206,0.07,51232.0,96.09067
2011-10-18,76.75,226.75,3.15684156862206,0.07,51232.0,96.09067
2011-10-19,76.79,226.75,3.15684156862206,0.07,51232.0,96.09067
2011-10-20,76.91,226.75,3.15684156862206,0.07,51232.0,96.09067
2011-10-21,76.1,226.75,3.15684156862206,0.07,51232.0,96.09067
2011-10-24,76.1,226.75,3.15684156862206,0.07,51232.0,96.09067
2011-10-25,75.88,226.75,3.15684156862206,0.07,51232.0,96.09067
2011-10-26,76.05,226.75,3.15684156862206,0.08,51232.0,96.09067
2011-10-27,75.8,226.75,3.15684156862206,0.07,51232.0,96.09067
2011-10-28,75.72,226.75,3.15684156862206,0.07,51232.0,96.09067
2011-10-31,77.97,226.75,3.15684156862206,0.09,51232.0,96.09067
2011-11-01,78.28,227.169,3.15684156862206,0.08,,
2011-11-02,78.04,227.169,3.15684156862206,0.08,,
2011-11-03,77.96,227.169,3.15684156862206,0.09,,
2011-11-04,78.17,227.169,3.15684156862206,0.08,,
2011-11-07,78.06,227.169,3.15684156862206,0.08,,
2011-11-08,77.79,227.169,3.15684156862206,0.08,,
2011-11-09,77.77,227.169,3.15684156862206,0.08,,
2011-11-10,77.58,227.169,3.15684156862206,0.08,,
2011-11-11,,227.169,3.15684156862206,0.08,,
2011-11-14,77.02,227.169,3.15684156862206,0.08,,
2011-11-15,76.99,227.169,3.15684156862206,0.09,,
2011-11-16,77.02,227.169,3.15684156862206,0.08,,
2011-11-17,76.98,227.169,3.15684156862206,0.08,,
2011-11-18,76.93,227.169,3.15684156862206,0.08,,
2011-11-21,76.97,227.169,3.15684156862206,0.08,,
2011-11-22,77.07,227.169,3.15684156862206,0.08,,
2011-11-23,77.41,227.169,3.15684156862206,0.09,,
2011-11-24,,227.169,3.15684156862206,0.09,,
2011-11-25,77.66,227.169,3.15684156862206,0.07,,
2011-11-28,78.05,227.169,3.15684156862206,0.08,,
2011-11-29,77.86,227.169,3.15684156862206,0.08,,
2011-11-30,77.58,227.169,3.15684156862206,0.1,,
2011-12-01,77.6,227.223,3.15684156862206,0.08,,
2011-12-02,77.88,227.223,3.15684156862206,0.08,,
2011-12-05,77.77,227.223,3.15684156862206,0.08,,
2011-12-06,77.73,227.223,3.15684156862206,0.08,,
2011-12-07,77.69,227.223,3.15684156862206,0.08,,
2011-12-08,77.67,227.223,3.15684156862206,0.07,,
2011-12-09,77.58,227.223,3.15684156862206,0.07,,
2011-12-12,77.87,227.223,3.15684156862206,0.07,,
2011-12-13,77.86,227.223,3.15684156862206,0.07,,
2011-12-14,78.08,227.223,3.15684156862206,0.07,,
2011-12-15,77.87,227.223,3.15684156862206,0.07,,
2011-12-16,77.65,227.223,3.15684156862206,0.07,,
2011-12-19,77.96,227.223,3.15684156862206,0.07,,
2011-12-20,77.76,227.223,3.15684156862206,0.07,,
2011-12-21,78.0,227.223,3.15684156862206,0.07,,
2011-12-22,78.13,227.223,3.15684156862206,0.07,,
2011-12-23,78.13,227.223,3.15684156862206,0.08,,
2011-12-26,,227.223,3.15684156862206,0.08,,
2011-12-27,77.83,227.223,3.15684156862206,0.07,,
2011-12-28,77.98,227.223,3.15684156862206,0.07,,
2011-12-29,77.71,227.223,3.15684156862206,0.07,,
2011-12-30,76.98,227.223,3.15684156862206,0.04,,
2012-01-02,,227.842,2.06933726526059,0.04,51559.0,97.12296
2012-01-03,76.67,227.842,2.06933726526059,0.07,51559.0,97.12296
2012-01-04,76.68,227.842,2.06933726526059,0.07,51559.0,97.12296
2012-01-05,77.18,227.842,2.06933726526059,0.07,51559.0,97.12296
2012-01-06,77.06,227.842,2.06933726526059,0.07,51559.0,97.12296
2012-01-09,76.88,227.842,2.06933726526059,0.08,51559.0,97.12296
2012-01-10,76.84,227.842,2.06933726526059,0.08,51559.0,97.12296
2012-01-11,76.9,227.842,2.06933726526059,0.08,51559.0,97.12296
2012-01-12,76.76,227.842,2.06933726526059,0.08,51559.0,97.12296
2012-01-13,76.9,227.842,2.06933726526059,0.09,51559.0,97.12296
2012-01-16,,227.842,2.06933726526059,0.09,51559.0,97.12296
2012-01-17,76.8,227.842,2.06933726526059,0.09,51559.0,97.12296
2012-01-18,76.81,227.842,2.06933726526059,0.09,51559.0,97.12296
2012-01-19,77.23,227.842,2.06933726526059,0.1,51559.0,97.12296
2012-01-20,76.97,227.842,2.06933726526059,0.09,51559.0,97.12296
2012-01-23,76.92,227.842,2.06933726526059,0.09,51559.0,97.12296
2012-01-24,77.78,227.842,2.06933726526059,0.09,51559.0,97.12296
2012-01-25,78.13,227.842,2.06933726526059,0.08,51559.0,97.12296
2012-01-26,77.47,227.842,2.06933726526059,0.08,51559.0,97.12296
2012-01-27,76.68,227.842,2.06933726526059,0.09,51559.0,97.12296
2012-01-30,76.28,227.842,2.06933726526059,0.09,51559.0,97.12296
2012-01-31,76.34,227.842,2.06933726526059,0.11,51559.0,97.12296
2012-02-01,76.11,228.329,2.06933726526059,0.11,,
2012-02-02,76.13,228.329,2.06933726526059,0.11,,
2012-02-03,76.54,228.329,2.06933726526059,0.11,,
2012-02-06,76.54,228.329,2.06933726526059,0.11,,
2012-02-07,76.88,228.329,2.06933726526059,0.11,,
2012-02-08,76.9,228.329,2.06933726526059,0.11,,
2012-02-09,77.42,228.329,2.06933726526059,0.11,,
2012-02-10,77.57,228.329,2.06933726526059,0.12,,
2012-02-13,77.52,228.329,2.06933726526059,0.12,,
2012-02-14,78.39,228.329,2.06933726526059,0.12,,
2012-02-15,78.22,228.329,2.06933726526059,0.12,,
2012-02-16,78.77,228.329,2.06933726526059,0.11,,
2012-02-17,79.33,228.329,2.06933726526059,0.09,,
2012-02-20,,228.329,2.06933726526059,0.09,,
2012-02-21,79.73,228.329,2.06933726526059,0.1,,
2012-02-22,80.3,228.329,2.06933726526059,0.08,,
2012-02-23,80.21,228.329,2.06933726526059,0.08,,
2012-02-24,80.88,228.329,2.06933726526059,0.09,,
2012-02-27,80.42,228.329,2.06933726526059,0.1,,
2012-02-28,80.44,228.329,2.06933726526059,0.1,,
2012-02-29,81.1,228.329,2.06933726526059,0.1,,
2012-03-01,81.16,228.807,2.06933726526059,0.11,,
2012-03-02,81.56,228.807,2.06933726526059,0.11,,
2012-03-05,81.43,228.807,2.06933726526059,0.11,,
2012-03-06,80.86,228.807,2.06933726526059,0.11,,
2012-03-07,81.06,228.807,2.06933726526059,0.11,,
2012-03-08,81.5,228.807,2.06933726526059,0.11,,
2012-03-09,82.59,228.807,2.06933726526059,0.12,,
2012-03-12,82.21,228.807,2.06933726526059,0.12,,
2012-03-13,82.66,228.807,2.06933726526059,0.12,,
2012-03-14,83.78,228.807,2.06933726526059,0.13,,
2012-03-15,83.28,228.807,2.06933726526059,0.14,,
2012-03-16,83.34,228.807,2.06933726526059,0.15,,
2012-03-19,83.31,228.807,2.06933726526059,0.15,,
2012-03-20,83.62,228.807,2.06933726526059,0.15,,
2012-03-21,83.62,228.807,2.06933726526059,0.15,,
2012-03-22,82.5,228.807,2.06933726526059,0.14,,
2012-03-23,82.35,228.807,2.06933726526059,0.14,,
2012-03-26,82.84,228.807,2.06933726526059,0.14,,
2012-03-27,83.15,228.807,2.06933726526059,0.14,,
2012-03-28,82.74,228.807,2.06933726526059,0.13,,
2012-03-29,82.28,228.807,2.06933726526059,0.13,,
2012-03-30,82.41,228.807,2.06933726526059,0.09,,
2012-04-02,82.16,229.187,2.06933726526059,0.15,51702.0,97.82754
2012-04-03,82.18,229.187,2.06933726526059,0.15,51702.0,97.82754
2012-04-04,82.62,229.187,2.06933726526059,0.15,51702.0,97.82754
2012-04-05,82.33,229.187,2.06933726526059,0.15,51702.0,97.82754
2012-04-06,81.56,229.187,2.06933726526059,0.12,51702.0,97.82754
2012-04-09,81.36,229.187,2.06933726526059,0.16,51702.0,97.82754
2012-04-10,80.94,229.187,2.06933726526059,0.15,51702.0,97.82754
2012-04-11,80.88,229.187,2.06933726526059,0.16,51702.0,97.82754
2012-04-12,80.87,229.187,2.06933726526059,0.15,51702.0,97.82754
2012-04-13,80.99,229.187,2.06933726526059,0.15,51702.0,97.82754
2012-04-16,80.46,229.187,2.06933726526059,0.15,51702.0,97.82754
2012-04-17,80.72,229.187,2.06933726526059,0.16,51702.0,97.82754
2012-04-18,81.29,229.187,2.06933726526059,0.15,51702.0,97.82754
2012-04-19,81.57,229.187,2.06933726526059,0.13,51702.0,97.82754
2012-04-20,81.6,229.187,2.06933726526059,0.12,51702.0,97.82754
2012-04-23,81.16,229.187,2.06933726526059,0.13,51702.0,97.82754
2012-04-24,81.21,229.187,2.06933726526059,0.14,51702.0,97.82754
2012-04-25,81.33,229.187,2.06933726526059,0.15,51702.0,97.82754
2012-04-26,80.78,229.187,2.06933726526059,0.14,51702.0,97.82754
2012-04-27,80.48,229.187,2.06933726526059,0.13,51702.0,97.82754
2012-04-30,79.81,229.187,2.06933726526059,0.16,51702.0,97.82754
2012-05-01,80.17,228.713,2.06933726526059,0.16,,
2012-05-02,80.19,228.713,2.06933726526059,0.15,,
2012-05-03,80.36,228.713,2.06933726526059,0.15,,
2012-05-04,79.84,228.713,2.06933726526059,0.16,,
2012-05-07,79.88,228.713,2.06933726526059,0.16,,
2012-05-08,79.79,228.713,2.06933726526059,0.16,,
2012-05-09,79.64,228.713,2.06933726526059,0.15,,
2012-05-10,79.91,228.713,2.06933726526059,0.15,,
2012-05-11,79.86,228.713,2.06933726526059,0.15,,
2012-05-14,79.83,228.713,2.06933726526059,0.16,,
2012-05-15,80.09,228.713,2.06933726526059,0.16,,
2012-05-16,80.32,228.713,2.06933726526059,0.16,,
2012-05-17,79.26,228.713,2.06933726526059,0.16,,
2012-05-18,79.14,228.713,2.06933726526059,0.16,,
2012-05-21,79.31,228.713,2.06933726526059,0.16,,
2012-05-22,79.98,228.713,2.06933726526059,0.16,,
2012-05-23,79.33,228.713,2.06933726526059,0.15,,
2012-05-24,79.47,228.713,2.06933726526059,0.15,,
2012-05-25,79.64,228.713,2.06933726526059,0.15,,
2012-05-28,,228.713,2.06933726526059,0.15,,
2012-05-29,79.44,228.713,2.06933726526059,0.16,,
2012-05-30,78.93,228.713,2.06933726526059,0.16,,
2012-05-31,78.29,228.713,2.06933726526059,0.16,,
2012-06-01,78.21,228.524,2.06933726526059,0.16,,
2012-06-04,78.3,228.524,2.06933726526059,0.17,,
2012-06-05,78.57,228.524,2.06933726526059,0.17,,
2012-06-06,79.11,228.524,2.06933726526059,0.16,,
2012-06-07,79.67,228.524,2.06933726526059,0.16,,
2012-06-08,79.47,228.524,2.06933726526059,0.17,,
2012-06-11,79.5,228.524,2.06933726526059,0.17,,
2012-06-12,79.44,228.524,2.06933726526059,0.16,,
2012-06-13,79.35,228.524,2.06933726526059,0.17,,
2012-06-14,79.29,228.524,2.06933726526059,0.17,,
2012-06-15,78.65,228.524,2.06933726526059,0.18,,
2012-06-18,78.95,228.524,2.06933726526059,0.17,,
2012-06-19,78.92,228.524,2.06933726526059,0.17,,
2012-06-20,79.54,228.524,2.06933726526059,0.16,,
2012-06-21,80.18,228.524,2.06933726526059,0.17,,
2012-06-22,80.52,228.524,2.06933726526059,0.17,,
2012-06-25,79.5,228.524,2.06933726526059,0.17,,
2012-06-26,79.46,228.524,2.06933726526059,0.16,,
2012-06-27,79.83,228.524,2.06933726526059,0.15,,
2012-06-28,79.35,228.524,2.06933726526059,0.15,,
2012-06-29,79.81,228.524,2.06933726526059,0.09,,
2012-07-02,79.42,228.59,2.06933726526059,0.18,51684.0,98.44787
2012-07-03,79.77,228.59,2.06933726526059,0.17,51684.0,98.44787
2012-07-04,,228.59,2.06933726526059,0.17,51684.0,98.44787
2012-07-05,79.95,228.59,2.06933726526059,0.17,51684.0,98.44787
2012-07-06,79.61,228.59,2.06933726526059,0.17,51684.0,98.44787
2012-07-09,79.66,228.59,2.06933726526059,0.17,51684.0,98.44787
2012-07-10,79.44,228.59,2.06933726526059,0.17,51684.0,98.44787
2012-07-11,79.7,228.59,2.06933726526059,0.17,51684.0,98.44787
2012-07-12,79.29,228.59,2.06933726526059,0.18,51684.0,98.44787
2012-07-13,79.2,228.59,2.06933726526059,0.19,51684.0,98.44787
2012-07-16,78.8,228.59,2.06933726526059,0.18,51684.0,98.44787
2012-07-17,79.04,228.59,2.06933726526059,0.17,51684.0,98.44787
2012-07-18,78.79,228.59,2.06933726526059,0.16,51684.0,98.44787
2012-07-19,78.6,228.59,2.06933726526059,0.13,51684.0,98.44787
2012-07-20,78.49,228.59,2.06933726526059,0.13,51684.0,98.44787
2012-07-23,78.38,228.59,2.06933726526059,0.14,51684.0,98.44787
2012-07-24,78.19,228.59,2.06933726526059,0.15,51684.0,98.44787
2012-07-25,78.21,228.59,2.06933726526059,0.15,51684.0,98.44787
2012-07-26,78.24,228.59,2.06933726526059,0.14,51684.0,98.44787
2012-07-27,78.55,228.59,2.06933726526059,0.14,51684.0,98.44787
2012-07-30,78.2,228.59,2.06933726526059,0.14,51684.0,98.44787
2012-07-31,78.1,228.59,2.06933726526059,0.13,51684.0,98.44787
2012-08-01,78.19,229.918,2.06933726526059,0.14,,
2012-08-02,78.22,229.918,2.06933726526059,0.14,,
2012-08-03,78.6,229.918,2.06933726526059,0.14,,
2012-08-06,78.17,229.918,2.06933726526059,0.14,,
2012-08-07,78.71,229.918,2.06933726526059,0.13,,
2012-08-08,78.44,229.918,2.06933726526059,0.13,,
2012-08-09,78.64,229.918,2.06933726526059,0.13,,
2012-08-10,78.24,229.918,2.06933726526059,0.13,,
2012-08-13,78.34,229.918,2.06933726526059,0.13,,
2012-08-14,78.82,229.918,2.06933726526059,0.13,,
2012-08-15,78.89,229.918,2.06933726526059,0.13,,
2012-08-16,79.25,229.918,2.06933726526059,0.13,,
2012-08-17,79.5,229.918,2.06933726526059,0.13,,
2012-08-20,79.41,229.918,2.06933726526059,0.13,,
2012-08-21,79.43,229.918,2.06933726526059,0.13,,
2012-08-22,79.19,229.918,2.06933726526059,0.13,,
2012-08-23,78.46,229.918,2.06933726526059,0.13,,
2012-08-24,78.65,229.918,2.06933726526059,0.13,,
2012-08-27,78.67,229.918,2.06933726526059,0.13,,
2012-08-28,78.5,229.918,2.06933726526059,0.13,,
2012-08-29,78.72,229.918,2.06933726526059,0.13,,
2012-08-30,78.55,229.918,2.06933726526059,0.14,,
2012-08-31,78.3,229.918,2.06933726526059,0.13,,
2012-09-03,,231.015,2.06933726526059,0.13,,
2012-09-04,78.35,231.015,2.06933726526059,0.14,,
2012-09-05,78.34,231.015,2.06933726526059,0.16,,
2012-09-06,78.96,231.015,2.06933726526059,0.16,,
2012-09-07,78.14,231.015,2.06933726526059,0.15,,
2012-09-10,78.24,231.015,2.06933726526059,0.15,,
2012-09-11,77.78,231.015,2.06933726526059,0.15,,
2012-09-12,77.86,231.015,2.06933726526059,0.15,,
2012-09-13,77.41,231.015,2.06933726526059,0.15,,
2012-09-14,78.22,231.015,2.06933726526059,0.16,,
2012-09-17,78.68,231.015,2.06933726526059,0.16,,
2012-09-18,78.59,231.015,2.06933726526059,0.16,,
2012-09-19,78.4,231.015,2.06933726526059,0.15,,
2012-09-20,78.3,231.015,2.06933726526059,0.16,,
2012-09-21,78.17,231.015,2.06933726526059,0.15,,
2012-09-24,77.9,231.015,2.06933726526059,0.16,,
2012-09-25,77.91,231.015,2.06933726526059,0.15,,
2012-09-26,77.78,231.015,2.06933726526059,0.15,,
2012-09-27,77.62,231.015,2.06933726526059,0.14,,
2012-09-28,77.92,231.015,2.06933726526059,0.09,,
2012-10-01,78.0,231.638,2.06933726526059,0.15,51634.0,100.07517
2012-10-02,78.01,231.638,2.06933726526059,0.16,51634.0,100.07517
2012-10-03,78.57,231.638,2.06933726526059,0.16,51634.0,100.07517
2012-10-04,78.44,231.638,2.06933726526059,0.15,51634.0,100.07517
2012-10-05,78.66,231.638,2.06933726526059,0.15,51634.0,100.07517
2012-10-08,,231.638,2.06933726526059,0.15,51634.0,100.07517
2012-10-09,78.23,231.638,2.06933726526059,0.16,51634.0,100.07517
2012-10-10,78.26,231.638,2.06933726526059,0.16,51634.0,100.07517
2012-10-11,78.44,231.638,2.06933726526059,0.16,51634.0,100.07517
2012-10-12,78.31,231.638,2.06933726526059,0.16,51634.0,100.07517
2012-10-15,78.76,231.638,2.06933726526059,0.16,51634.0,100.07517
2012-10-16,78.92,231.638,2.06933726526059,0.16,51634.0,100.07517
2012-10-17,78.74,231.638,2.06933726526059,0.15,51634.0,100.07517
2012-10-18,79.24,231.638,2.06933726526059,0.15,51634.0,100.07517
2012-10-19,79.26,231.638,2.06933726526059,0.16,51634.0,100.07517
2012-10-22,79.84,231.638,2.06933726526059,0.15,51634.0,100.07517
2012-10-23,79.79,231.638,2.06933726526059,0.15,51634.0,100.07517
2012-10-24,79.82,231.638,2.06933726526059,0.17,51634.0,100.07517
2012-10-25,80.04,231.638,2.06933726526059,0.16,51634.0,100.07517
2012-10-26,79.63,231.638,2.06933726526059,0.16,51634.0,100.07517
2012-10-29,79.81,231.638,2.06933726526059,0.17,51634.0,100.07517
2012-10-30,79.58,231.638,2.06933726526059,0.17,51634.0,100.07517
2012-10-31,79.94,231.638,2.06933726526059,0.18,51634.0,100.07517
2012-11-01,80.14,231.249,2.06933726526059,0.17,,
2012-11-02,80.53,231.249,2.06933726526059,0.16,,
2012-11-05,80.17,231.249,2.06933726526059,0.17,,
2012-11-06,80.28,231.249,2.06933726526059,0.16,,
2012-11-07,79.85,231.249,2.06933726526059,0.16,,
2012-11-08,79.74,231.249,2.06933726526059,0.16,,
2012-11-09,79.46,231.249,2.06933726526059,0.16,,
2012-11-12,,231.249,2.06933726526059,0.16,,
2012-11-13,79.42,231.249,2.06933726526059,0.16,,
2012-11-14,80.2,231.249,2.06933726526059,0.16,,
2012-11-15,81.16,231.249,2.06933726526059,0.16,,
2012-11-16,81.28,231.249,2.06933726526059,0.16,,
2012-11-19,81.18,231.249,2.06933726526059,0.16,,
2012-11-20,81.72,231.249,2.06933726526059,0.16,,
2012-11-21,82.36,231.249,2.06933726526059,0.16,,
2012-11-22,,231.249,2.06933726526059,0.16,,
2012-11-23,82.34,231.249,2.06933726526059,0.16,,
2012-11-26,82.11,231.249,2.06933726526059,0.16,,
2012-11-27,82.23,231.249,2.06933726526059,0.16,,
2012-11-28,81.84,231.249,2.06933726526059,0.16,,
2012-11-29,82.06,231.249,2.06933726526059,0.16,,
2012-11-30,82.54,231.249,2.06933726526059,0.16,,
2012-12-03,82.24,231.221,2.06933726526059,0.16,,
2012-12-04,81.86,231.221,2.06933726526059,0.17,,
2012-12-05,82.4,231.221,2.06933726526059,0.16,,
2012-12-06,82.29,231.221,2.06933726526059,0.16,,
2012-12-07,82.37,231.221,2.06933726526059,0.16,,
2012-12-10,82.37,231.221,2.06933726526059,0.16,,
2012-12-11,82.42,231.221,2.06933726526059,0.17,,
2012-12-12,83.1,231.221,2.06933726526059,0.17,,
2012-12-13,83.54,231.221,2.06933726526059,0.16,,
2012-12-14,83.52,231.221,2.06933726526059,0.17,,
2012-12-17,83.7,231.221,2.06933726526059,0.16,,
2012-12-18,84.0,231.221,2.06933726526059,0.17,,
2012-12-19,84.32,231.221,2.06933726526059,0.17,,
2012-12-20,84.33,231.221,2.06933726526059,0.17,,
2012-12-21,84.1,231.221,2.06933726526059,0.17,,
2012-12-24,84.81,231.221,2.06933726526059,0.18,,
2012-12-25,,231.221,2.06933726526059,0.18,,
2012-12-26,85.62,231.221,2.06933726526059,0.17,,
2012-12-27,86.06,231.221,2.06933726526059,0.17,,
2012-12-28,86.12,231.221,2.06933726526059,0.17,,
2012-12-31,86.64,231.221,2.06933726526059,0.09,,
2013-01-01,,231.679,1.46483265562714,0.09,51998.0,100.85592
2013-01-02,87.1,231.679,1.46483265562714,0.17,51998.0,100.85592
2013-01-03,86.92,231.679,1.46483265562714,0.17,51998.0,100.85592
2013-01-04,88.14,231.679,1.46483265562714,0.16,51998.0,100.85592
2013-01-07,87.68,231.679,1.46483265562714,0.16,51998.0,100.85592
2013-01-08,87.31,231.679,1.46483265562714,0.15,51998.0,100.85592
2013-01-09,87.9,231.679,1.46483265562714,0.14,51998.0,100.85592
2013-01-10,88.16,231.679,1.46483265562714,0.14,51998.0,100.85592
2013-01-11,89.22,231.679,1.46483265562714,0.14,51998.0,100.85592
2013-01-14,89.34,231.679,1.46483265562714,0.14,51998.0,100.85592
2013-01-15,88.65,231.679,1.46483265562714,0.15,51998.0,100.85592
2013-01-16,88.64,231.679,1.46483265562714,0.14,51998.0,100.85592
2013-01-17,89.41,231.679,1.46483265562714,0.14,51998.0,100.85592
2013-01-18,89.9,231.679,1.46483265562714,0.14,51998.0,100.85592
2013-01-21,,231.679,1.46483265562714,0.14,51998.0,100.85592
2013-01-22,88.62,231.679,1.46483265562714,0.14,51998.0,100.85592
2013-01-23,88.44,231.679,1.46483265562714,0.13,51998.0,100.85592
2013-01-24,90.04,231.679,1.46483265562714,0.15,51998.0,100.85592
2013-01-25,91.04,231.679,1.46483265562714,0.14,51998.0,100.85592
2013-01-28,90.73,231.679,1.46483265562714,0.14,51998.0,100.85592
2013-01-29,90.65,231.679,1.46483265562714,0.12,51998.0,100.85592
2013-01-30,91.05,231.679,1.46483265562714,0.12,51998.0,100.85592
2013-01-31,91.28,231.679,1.46483265562714,0.15,51998.0,100.85592
2013-02-01,92.54,232.937,1.46483265562714,0.14,,
2013-02-04,92.57,232.937,1.46483265562714,0.13,,
2013-02-05,93.34,232.937,1.46483265562714,0.13,,
2013-02-06,93.56,232.937,1.46483265562714,0.13,,
2013-02-07,93.24,232.937,1.46483265562714,0.13,,
2013-02-08,92.72,232.937,1.46483265562714,0.14,,
2013-02-11,93.44,232.937,1.46483265562714,0.14,,
2013-02-12,93.14,232.937,1.46483265562714,0.13,,
2013-02-13,93.39,232.937,1.46483265562714,0.14,,
2013-02-14,93.1,232.937,1.46483265562714,0.14,,
2013-02-15,93.64,232.937,1.46483265562714,0.16,,
2013-02-18,,232.937,1.46483265562714,0.16,,
2013-02-19,93.54,232.937,1.46483265562714,0.15,,
2013-02-20,93.53,232.937,1.46483265562714,0.15,,
2013-02-21,92.96,232.937,1.46483265562714,0.16,,
2013-02-22,93.35,232.937,1.46483265562714,0.16,,
2013-02-25,93.35,232.937,1.46483265562714,0.15,,
2013-02-26,91.38,232.937,1.46483265562714,0.14,,
2013-02-27,91.88,232.937,1.46483265562714,0.14,,
2013-02-28,92.36,232.937,1.46483265562714,0.14,,
2013-03-01,93.38,232.282,1.46483265562714,0.14,,
2013-03-04,93.32,232.282,1.46483265562714,0.16,,
2013-03-05,93.39,232.282,1.46483265562714,0.15,,
2013-03-06,93.64,232.282,1.46483265562714,0.15,,
2013-03-07,95.0,232.282,1.46483265562714,0.16,,
2013-03-08,96.0,232.282,1.46483265562714,0.15,,
2013-03-11,96.12,232.282,1.46483265562714,0.16,,
2013-03-12,95.96,232.282,1.46483265562714,0.15,,
2013-03-13,96.0,232.282,1.46483265562714,0.14,,
2013-03-14,96.16,232.282,1.46483265562714,0.15,,
2013-03-15,95.26,232.282,1.46483265562714,0.16,,
2013-03-18,94.92,232.282,1.46483265562714,0.16,,
2013-03-19,94.85,232.282,1.46483265562714,0.15,,
2013-03-20,95.51,232.282,1.46483265562714,0.15,,
2013-03-21,95.06,232.282,1.46483265562714,0.16,,
2013-03-22,94.48,232.282,1.46483265562714,0.15,,
2013-03-25,94.34,232.282,1.46483265562714,0.15,,
2013-03-26,94.22,232.282,1.46483265562714,0.14,,
2013-03-27,94.38,232.282,1.46483265562714,0.12,,
2013-03-28,94.02,232.282,1.46483265562714,0.13,,
2013-03-29,94.16,232.282,1.46483265562714,0.09,,
2013-04-01,93.3,231.797,1.46483265562714,0.16,51982.0,100.23216
2013-04-02,93.43,231.797,1.46483265562714,0.15,51982.0,100.23216
2013-04-03,92.96,231.797,1.46483265562714,0.14,51982.0,100.23216
2013-04-04,96.12,231.797,1.46483265562714,0.14,51982.0,100.23216
2013-04-05,96.86,231.797,1.46483265562714,0.15,51982.0,100.23216
2013-04-08,98.9,231.797,1.46483265562714,0.15,51982.0,100.23216
2013-04-09,99.02,231.797,1.46483265562714,0.15,51982.0,100.23216
2013-04-10,99.61,231.797,1.46483265562714,0.15,51982.0,100.23216
2013-04-11,99.42,231.797,1.46483265562714,0.15,51982.0,100.23216
2013-04-12,98.98,231.797,1.46483265562714,0.15,51982.0,100.23216
2013-04-15,98.0,231.797,1.46483265562714,0.15,51982.0,100.23216
2013-04-16,97.86,231.797,1.46483265562714,0.15,51982.0,100.23216
2013-04-17,97.74,231.797,1.46483265562714,0.15,51982.0,100.23216
2013-04-18,98.22,231.797,1.46483265562714,0.15,51982.0,100.23216
2013-04-19,99.28,231.797,1.46483265562714,0.15,51982.0,100.23216
2013-04-22,99.29,231.797,1.46483265562714,0.15,51982.0,100.23216
2013-04-23,99.43,231.797,1.46483265562714,0.14,51982.0,100.23216
2013-04-24,99.39,231.797,1.46483265562714,0.13,51982.0,100.23216
2013-04-25,99.42,231.797,1.46483265562714,0.13,51982.0,100.23216
2013-04-26,97.84,231.797,1.46483265562714,0.13,51982.0,100.23216
2013-04-29,98.09,231.797,1.46483265562714,0.13,51982.0,100.23216
2013-04-30,97.52,231.797,1.46483265562714,0.14,51982.0,100.23216
2013-05-01,97.28,231.893,1.46483265562714,0.14,,
2013-05-02,97.96,231.893,1.46483265562714,0.15,,
2013-05-03,99.1,231.893,1.46483265562714,0.14,,
2013-05-06,99.35,231.893,1.46483265562714,0.14,,
2013-05-07,99.0,231.893,1.46483265562714,0.12,,
2013-05-08,98.9,231.893,1.46483265562714,0.12,,
2013-05-09,99.29,231.893,1.46483265562714,0.12,,
2013-05-10,101.74,231.893,1.46483265562714,0.12,,
2013-05-13,101.84,231.893,1.46483265562714,0.12,,
2013-05-14,102.18,231.893,1.46483265562714,0.11,,
2013-05-15,102.44,231.893,1.46483265562714,0.12,,
2013-05-16,102.22,231.893,1.46483265562714,0.11,,
2013-05-17,102.98,231.893,1.46483265562714,0.1,,
2013-05-20,102.54,231.893,1.46483265562714,0.1,,
2013-05-21,102.36,231.893,1.46483265562714,0.09,,
2013-05-22,103.52,231.893,1.46483265562714,0.08,,
2013-05-23,101.66,231.893,1.46483265562714,0.08,,
2013-05-24,100.98,231.893,1.46483265562714,0.09,,
2013-05-27,,231.893,1.46483265562714,0.09,,
2013-05-28,102.07,231.893,1.46483265562714,0.09,,
2013-05-29,100.91,231.893,1.46483265562714,0.08,,
2013-05-30,101.06,231.893,1.46483265562714,0.08,,
2013-05-31,100.83,231.893,1.46483265562714,0.09,,
2013-06-03,99.18,232.445,1.46483265562714,0.1,,
2013-06-04,100.15,232.445,1.46483265562714,0.11,,
2013-06-05,99.16,232.445,1.46483265562714,0.09,,
2013-06-06,97.76,232.445,1.46483265562714,0.1,,
2013-06-07,97.2,232.445,1.46483265562714,0.09,,
2013-06-10,98.88,232.445,1.46483265562714,0.09,,
2013-06-11,96.82,232.445,1.46483265562714,0.09,,
2013-06-12,95.36,232.445,1.46483265562714,0.08,,
2013-06-13,94.29,232.445,1.46483265562714,0.09,,
2013-06-14,94.34,232.445,1.46483265562714,0.1,,
2013-06-17,94.87,232.445,1.46483265562714,0.11,,
2013-06-18,95.2,232.445,1.46483265562714,0.12,,
2013-06-19,95.22,232.445,1.46483265562714,0.1,,
2013-06-20,98.18,232.445,1.46483265562714,0.1,,
2013-06-21,97.48,232.445,1.46483265562714,0.1,,
2013-06-24,97.7,232.445,1.46483265562714,0.1,,
2013-06-25,97.87,232.445,1.46483265562714,0.09,,
2013-06-26,97.43,232.445,1.46483265562714,0.09,,
2013-06-27,98.4,232.445,1.46483265562714,0.09,,
2013-06-28,99.21,232.445,1.46483265562714,0.07,,
2013-07-01,99.62,232.9,1.46483265562714,0.1,52284.0,98.97766
2013-07-02,100.43,232.9,1.46483265562714,0.1,52284.0,98.97766
2013-07-03,99.82,232.9,1.46483265562714,0.1,52284.0,98.97766
2013-07-04,,232.9,1.46483265562714,0.1,52284.0,98.97766
2013-07-05,100.94,232.9,1.46483265562714,0.1,52284.0,98.97766
2013-07-08,101.07,232.9,1.46483265562714,0.1,52284.0,98.97766
2013-07-09,101.08,232.9,1.46483265562714,0.1,52284.0,98.97766
2013-07-10,100.1,232.9,1.46483265562714,0.09,52284.0,98.97766
2013-07-11,98.8,232.9,1.46483265562714,0.09,52284.0,98.97766
2013-07-12,99.39,232.9,1.46483265562714,0.09,52284.0,98.97766
2013-07-15,100.04,232.9,1.46483265562714,0.09,52284.0,98.97766
2013-07-16,99.37,232.9,1.46483265562714,0.09,52284.0,98.97766
2013-07-17,99.7,232.9,1.46483265562714,0.09,52284.0,98.97766
2013-07-18,100.6,232.9,1.46483265562714,0.09,52284.0,98.97766
2013-07-19,100.3,232.9,1.46483265562714,0.09,52284.0,98.97766
2013-07-22,99.6,232.9,1.46483265562714,0.09,52284.0,98.97766
2013-07-23,99.76,232.9,1.46483265562714,0.09,52284.0,98.97766
2013-07-24,100.21,232.9,1.46483265562714,0.09,52284.0,98.97766
2013-07-25,99.56,232.9,1.46483265562714,0.09,52284.0,98.97766
2013-07-26,98.24,232.9,1.46483265562714,0.09,52284.0,98.97766
2013-07-29,97.8,232.9,1.46483265562714,0.08,52284.0,98.97766
2013-07-30,98.02,232.9,1.46483265562714,0.09,52284.0,98.97766
2013-07-31,98.35,232.9,1.46483265562714,0.09,52284.0,98.97766
2013-08-01,99.3,233.456,1.46483265562714,0.08,,
2013-08-02,99.04,233.456,1.46483265562714,0.09,,
2013-08-05,98.54,233.456,1.46483265562714,0.08,,
2013-08-06,97.85,233.456,1.46483265562714,0.09,,
2013-08-07,96.72,233.456,1.46483265562714,0.09,,
2013-08-08,96.03,233.456,1.46483265562714,0.09,,
2013-08-09,96.24,233.456,1.46483265562714,0.08,,
2013-08-12,96.44,233.456,1.46483265562714,0.08,,
2013-08-13,98.06,233.456,1.46483265562714,0.08,,
2013-08-14,98.15,233.456,1.46483265562714,0.09,,
2013-08-15,97.81,233.456,1.46483265562714,0.08,,
2013-08-16,97.6,233.456,1.46483265562714,0.09,,
2013-08-19,97.94,233.456,1.46483265562714,0.09,,
2013-08-20,97.12,233.456,1.46483265562714,0.09,,
2013-08-21,97.66,233.456,1.46483265562714,0.08,,
2013-08-22,98.53,233.456,1.46483265562714,0.09,,
2013-08-23,98.57,233.456,1.46483265562714,0.08,,
2013-08-26,98.64,233.456,1.46483265562714,0.08,,
2013-08-27,97.3,233.456,1.46483265562714,0.07,,
2013-08-28,97.65,233.456,1.46483265562714,0.07,,
2013-08-29,98.46,233.456,1.46483265562714,0.08,,
2013-08-30,98.22,233.456,1.46483265562714,0.07,,
2013-09-02,,233.544,1.46483265562714,0.07,,
2013-09-03,99.43,233.544,1.46483265562714,0.09,,
2013-09-04,99.61,233.544,1.46483265562714,0.08,,
2013-09-05,100.08,233.544,1.46483265562714,0.08,,
2013-09-06,99.04,233.544,1.46483265562714,0.08,,
2013-09-09,99.55,233.544,1.46483265562714,0.08,,
2013-09-10,100.22,233.544,1.46483265562714,0.08,,
2013-09-11,100.08,233.544,1.46483265562714,0.08,,
2013-09-12,99.24,233.544,1.46483265562714,0.08,,
2013-09-13,99.38,233.544,1.46483265562714,0.08,,
2013-09-16,98.98,233.544,1.46483265562714,0.08,,
2013-09-17,99.16,233.544,1.46483265562714,0.08,,
2013-09-18,99.04,233.544,1.46483265562714,0.08,,
2013-09-19,99.33,233.544,1.46483265562714,0.09,,
2013-09-20,99.38,233.544,1.46483265562714,0.08,,
2013-09-23,98.76,233.544,1.46483265562714,0.09,,
2013-09-24,98.76,233.544,1.46483265562714,0.09,,
2013-09-25,98.62,233.544,1.46483265562714,0.08,,
2013-09-26,98.95,233.544,1.46483265562714,0.08,,
2013-09-27,98.3,233.544,1.46483265562714,0.08,,
2013-09-30,98.29,233.544,1.46483265562714,0.06,,
2013-10-01,98.05,233.669,1.46483265562714,0.08,52544.0,100.13427
2013-10-02,97.36,233.669,1.46483265562714,0.07,52544.0,100.13427
2013-10-03,97.08,233.669,1.46483265562714,0.08,52544.0,100.13427
2013-10-04,97.2,233.669,1.46483265562714,0.08,52544.0,100.13427
2013-10-07,97.02,233.669,1.46483265562714,0.08,52544.0,100.13427
2013-10-08,96.94,233.669,1.46483265562714,0.08,52544.0,100.13427
2013-10-09,97.23,233.669,1.46483265562714,0.09,52544.0,100.13427
2013-10-10,98.09,233.669,1.46483265562714,0.09,52544.0,100.13427
2013-10-11,98.42,233.669,1.46483265562714,0.1,52544.0,100.13427
2013-10-14,,233.669,1.46483265562714,0.1,52544.0,100.13427
2013-10-15,98.58,233.669,1.46483265562714,0.1,52544.0,100.13427
2013-10-16,98.9,233.669,1.46483265562714,0.11,52544.0,100.13427
2013-10-17,97.85,233.669,1.46483265562714,0.1,52544.0,100.13427
2013-10-18,97.77,233.669,1.46483265562714,0.1,52544.0,100.13427
2013-10-21,98.14,233.669,1.46483265562714,0.09,52544.0,100.13427
2013-10-22,98.18,233.669,1.46483265562714,0.08,52544.0,100.13427
2013-10-23,97.28,233.669,1.46483265562714,0.08,52544.0,100.13427
2013-10-24,97.36,233.669,1.46483265562714,0.08,52544.0,100.13427
2013-10-25,97.46,233.669,1.46483265562714,0.08,52544.0,100.13427
2013-10-28,97.7,233.669,1.46483265562714,0.08,52544.0,100.13427
2013-10-29,98.09,233.669,1.46483265562714,0.08,52544.0,100.13427
2013-10-30,98.14,233.669,1.46483265562714,0.08,52544.0,100.13427
2013-10-31,98.1,233.669,1.46483265562714,0.07,52544.0,100.13427
2013-11-01,98.78,234.1,1.46483265562714,0.08,,
2013-11-04,98.62,234.1,1.46483265562714,0.08,,
2013-11-05,98.6,234.1,1.46483265562714,0.08,,
2013-11-06,98.6,234.1,1.46483265562714,0.08,,
2013-11-07,98.56,234.1,1.46483265562714,0.08,,
2013-11-08,99.03,234.1,1.46483265562714,0.08,,
2013-11-11,,234.1,1.46483265562714,0.08,,
2013-11-12,99.65,234.1,1.46483265562714,0.08,,
2013-11-13,99.31,234.1,1.46483265562714,0.08,,
2013-11-14,99.93,234.1,1.46483265562714,0.09,,
2013-11-15,100.17,234.1,1.46483265562714,0.09,,
2013-11-18,100.04,234.1,1.46483265562714,0.09,,
2013-11-19,100.14,234.1,1.46483265562714,0.09,,
2013-11-20,100.02,234.1,1.46483265562714,0.09,,
2013-11-21,100.95,234.1,1.46483265562714,0.09,,
2013-11-22,101.29,234.1,1.46483265562714,0.09,,
2013-11-25,101.7,234.1,1.46483265562714,0.09,,
2013-11-26,101.38,234.1,1.46483265562714,0.09,,
2013-11-27,102.18,234.1,1.46483265562714,0.09,,
2013-11-28,,234.1,1.46483265562714,0.09,,
2013-11-29,102.45,234.1,1.46483265562714,0.07,,
2013-12-02,103.04,234.719,1.46483265562714,0.09,,
2013-12-03,102.36,234.719,1.46483265562714,0.09,,
2013-12-04,102.48,234.719,1.46483265562714,0.09,,
2013-12-05,101.82,234.719,1.46483265562714,0.09,,
2013-12-06,102.88,234.719,1.46483265562714,0.09,,
2013-12-09,103.22,234.719,1.46483265562714,0.09,,
2013-12-10,102.8,234.719,1.46483265562714,0.09,,
2013-12-11,102.38,234.719,1.46483265562714,0.08,,
2013-12-12,103.11,234.719,1.46483265562714,0.09,,
2013-12-13,103.28,234.719,1.46483265562714,0.08,,
2013-12-16,102.91,234.719,1.46483265562714,0.09,,
2013-12-17,102.63,234.719,1.46483265562714,0.09,,
2013-12-18,103.18,234.719,1.46483265562714,0.09,,
2013-12-19,104.16,234.719,1.46483265562714,0.09,,
2013-12-20,104.07,234.719,1.46483265562714,0.09,,
2013-12-23,104.06,234.719,1.46483265562714,0.09,,
2013-12-24,104.26,234.719,1.46483265562714,0.08,,
2013-12-25,,234.719,1.46483265562714,0.08,,
2013-12-26,104.72,234.719,1.46483265562714,0.08,,
2013-12-27,105.05,234.719,1.46483265562714,0.08,,
2013-12-30,105.0,234.719,1.46483265562714,0.08,,
2013-12-31,105.25,234.719,1.46483265562714,0.07,,
2014-01-01,,235.288,1.62222297740821,0.07,52266.0,102.6653
2014-01-02,104.84,235.288,1.62222297740821,0.08,52266.0,102.6653
2014-01-03,104.46,235.288,1.62222297740821,0.08,52266.0,102.6653
2014-01-06,104.38,235.288,1.62222297740821,0.08,52266.0,102.6653
2014-01-07,104.54,235.288,1.62222297740821,0.07,52266.0,102.6653
2014-01-08,104.87,235.288,1.62222297740821,0.07,52266.0,102.6653
2014-01-09,104.74,235.288,1.62222297740821,0.07,52266.0,102.6653
2014-01-10,104.06,235.288,1.62222297740821,0.07,52266.0,102.6653
2014-01-13,103.31,235.288,1.62222297740821,0.07,52266.0,102.6653
2014-01-14,103.8,235.288,1.62222297740821,0.07,52266.0,102.6653
2014-01-15,104.42,235.288,1.62222297740821,0.07,52266.0,102.6653
2014-01-16,104.32,235.288,1.62222297740821,0.07,52266.0,102.6653
2014-01-17,104.32,235.288,1.62222297740821,0.07,52266.0,102.6653
2014-01-20,,235.288,1.62222297740821,0.07,52266.0,102.6653
2014-01-21,104.14,235.288,1.62222297740821,0.07,52266.0,102.6653
2014-01-22,104.36,235.288,1.62222297740821,0.07,52266.0,102.6653
2014-01-23,103.65,235.288,1.62222297740821,0.07,52266.0,102.6653
2014-01-24,102.41,235.288,1.62222297740821,0.07,52266.0,102.6653
2014-01-27,102.26,235.288,1.62222297740821,0.07,52266.0,102.6653
2014-01-28,102.8,235.288,1.62222297740821,0.07,52266.0,102.6653
2014-01-29,102.2,235.288,1.62222297740821,0.07,52266.0,102.6653
2014-01-30,102.83,235.288,1.62222297740821,0.07,52266.0,102.6653
2014-01-31,102.28,235.288,1.62222297740821,0.07,52266.0,102.6653
2014-02-03,101.11,235.547,1.62222297740821,0.07,,
2014-02-04,101.62,235.547,1.62222297740821,0.07,,
2014-02-05,101.38,235.547,1.62222297740821,0.07,,
2014-02-06,101.84,235.547,1.62222297740821,0.07,,
2014-02-07,102.32,235.547,1.62222297740821,0.06,,
2014-02-10,102.14,235.547,1.62222297740821,0.07,,
2014-02-11,102.63,235.547,1.62222297740821,0.06,,
2014-02-12,102.48,235.547,1.62222297740821,0.07,,
2014-02-13,102.2,235.547,1.62222297740821,0.06,,
2014-02-14,101.82,235.547,1.62222297740821,0.06,,
2014-02-17,,235.547,1.62222297740821,0.06,,
2014-02-18,102.31,235.547,1.62222297740821,0.07,,
2014-02-19,102.3,235.547,1.62222297740821,0.07,,
2014-02-20,102.32,235.547,1.62222297740821,0.07,,
2014-02-21,102.71,235.547,1.62222297740821,0.07,,
2014-02-24,102.44,235.547,1.62222297740821,0.07,,
2014-02-25,102.2,235.547,1.62222297740821,0.07,,
2014-02-26,102.36,235.547,1.62222297740821,0.07,,
2014-02-27,102.12,235.547,1.62222297740821,0.07,,
2014-02-28,102.08,235.547,1.62222297740821,0.06,,
2014-03-03,101.36,236.028,1.62222297740821,0.07,,
2014-03-04,102.18,236.028,1.62222297740821,0.07,,
2014-03-05,102.32,236.028,1.62222297740821,0.08,,
2014-03-06,103.03,236.028,1.62222297740821,0.08,,
2014-03-07,103.38,236.028,1.62222297740821,0.08,,
2014-03-10,103.23,236.028,1.62222297740821,0.08,,
2014-03-11,103.18,236.028,1.62222297740821,0.08,,
2014-03-12,102.74,236.028,1.62222297740821,0.08,,
2014-03-13,102.12,236.028,1.62222297740821,0.08,,
2014-03-14,101.46,236.028,1.62222297740821,0.08,,
2014-03-17,101.62,236.028,1.62222297740821,0.08,,
2014-03-18,101.37,236.028,1.62222297740821,0.08,,
2014-03-19,101.54,236.028,1.62222297740821,0.08,,
2014-03-20,102.39,236.028,1.62222297740821,0.08,,
2014-03-21,102.38,236.028,1.62222297740821,0.08,,
2014-03-24,102.21,236.028,1.62222297740821,0.09,,
2014-03-25,102.32,236.028,1.62222297740821,0.09,,
2014-03-26,102.3,236.028,1.62222297740821,0.08,,
2014-03-27,102.1,236.028,1.62222297740821,0.08,,
2014-03-28,102.92,236.028,1.62222297740821,0.08,,
2014-03-31,102.98,236.028,1.62222297740821,0.06,,
2014-04-01,103.52,236.468,1.62222297740821,0.08,52840.0,100.97295
2014-04-02,103.82,236.468,1.62222297740821,0.09,52840.0,100.97295
2014-04-03,103.94,236.468,1.62222297740821,0.08,52840.0,100.97295
2014-04-04,103.39,236.468,1.62222297740821,0.08,52840.0,100.97295
2014-04-07,103.04,236.468,1.62222297740821,0.09,52840.0,100.97295
2014-04-08,102.12,236.468,1.62222297740821,0.08,52840.0,100.97295
2014-04-09,101.85,236.468,1.62222297740821,0.08,52840.0,100.97295
2014-04-10,101.43,236.468,1.62222297740821,0.08,52840.0,100.97295
2014-04-11,101.56,236.468,1.62222297740821,0.09,52840.0,100.97295
2014-04-14,101.81,236.468,1.62222297740821,0.09,52840.0,100.97295
2014-04-15,101.6,236.468,1.62222297740821,0.1,52840.0,100.97295
2014-04-16,102.3,236.468,1.62222297740821,0.09,52840.0,100.97295
2014-04-17,102.22,236.468,1.62222297740821,0.09,52840.0,100.97295
2014-04-18,102.43,236.468,1.62222297740821,0.1,52840.0,100.97295
2014-04-21,102.56,236.468,1.62222297740821,0.1,52840.0,100.97295
2014-04-22,102.6,236.468,1.62222297740821,0.1,52840.0,100.97295
2014-04-23,102.26,236.468,1.62222297740821,0.1,52840.0,100.97295
2014-04-24,102.34,236.468,1.62222297740821,0.1,52840.0,100.97295
2014-04-25,102.12,236.468,1.62222297740821,0.09,52840.0,100.97295
2014-04-28,102.46,236.468,1.62222297740821,0.09,52840.0,100.97295
2014-04-29,102.57,236.468,1.62222297740821,0.1,52840.0,100.97295
2014-04-30,102.14,236.468,1.62222297740821,0.09,52840.0,100.97295
2014-05-01,102.3,236.918,1.62222297740821,0.09,,
2014-05-02,102.34,236.918,1.62222297740821,0.09,,
2014-05-05,102.06,236.918,1.62222297740821,0.09,,
2014-05-06,101.57,236.918,1.62222297740821,0.09,,
2014-05-07,101.72,236.918,1.62222297740821,0.08,,
2014-05-08,101.66,236.918,1.62222297740821,0.08,,
2014-05-09,101.74,236.918,1.62222297740821,0.08,,
2014-05-12,102.1,236.918,1.62222297740821,0.08,,
2014-05-13,102.2,236.918,1.62222297740821,0.09,,
2014-05-14,101.75,236.918,1.62222297740821,0.08,,
2014-05-15,101.44,236.918,1.62222297740821,0.09,,
2014-05-16,101.5,236.918,1.62222297740821,0.09,,
2014-05-19,101.26,236.918,1.62222297740821,0.09,,
2014-05-20,101.26,236.918,1.62222297740821,0.09,,
2014-05-21,101.44,236.918,1.62222297740821,0.09,,
2014-05-22,101.76,236.918,1.62222297740821,0.09,,
2014-05-23,101.88,236.918,1.62222297740821,0.09,,
2014-05-26,,236.918,1.62222297740821,0.09,,
2014-05-27,102.14,236.918,1.62222297740821,0.09,,
2014-05-28,101.78,236.918,1.62222297740821,0.09,,
2014-05-29,101.58,236.918,1.62222297740821,0.09,,
2014-05-30,101.77,236.918,1.62222297740821,0.08,,
2014-06-02,102.3,237.231,1.62222297740821,0.09,,
2014-06-03,102.42,237.231,1.62222297740821,0.1,,
2014-06-04,102.69,237.231,1.62222297740821,0.09,,
2014-06-05,102.44,237.231,1.62222297740821,0.09,,
2014-06-06,102.5,237.231,1.62222297740821,0.09,,
2014-06-09,102.52,237.231,1.62222297740821,0.09,,
2014-06-10,102.37,237.231,1.62222297740821,0.09,,
2014-06-11,101.94,237.231,1.62222297740821,0.09,,
2014-06-12,101.83,237.231,1.62222297740821,0.09,,
2014-06-13,102.06,237.231,1.62222297740821,0.1,,
2014-06-16,101.82,237.231,1.62222297740821,0.1,,
2014-06-17,102.18,237.231,1.62222297740821,0.1,,
2014-06-18,102.16,237.231,1.62222297740821,0.1,,
2014-06-19,101.84,237.231,1.62222297740821,0.1,,
2014-06-20,102.14,237.231,1.62222297740821,0.1,,
2014-06-23,101.9,237.231,1.62222297740821,0.1,,
2014-06-24,102.13,237.231,1.62222297740821,0.1,,
2014-06-25,101.75,237.231,1.62222297740821,0.1,,
2014-06-26,101.66,237.231,1.62222297740821,0.1,,
2014-06-27,101.39,237.231,1.62222297740821,0.1,,
2014-06-30,101.28,237.231,1.62222297740821,0.09,,
2014-07-01,101.51,237.498,1.62222297740821,0.1,53340.0,100.45563
2014-07-02,101.76,237.498,1.62222297740821,0.1,53340.0,100.45563
2014-07-03,102.19,237.498,1.62222297740821,0.09,53340.0,100.45563
2014-07-04,,237.498,1.62222297740821,0.09,53340.0,100.45563
2014-07-07,101.84,237.498,1.62222297740821,0.1,53340.0,100.45563
2014-07-08,101.53,237.498,1.62222297740821,0.09,53340.0,100.45563
2014-07-09,101.7,237.498,1.62222297740821,0.09,53340.0,100.45563
2014-07-10,101.26,237.498,1.62222297740821,0.09,53340.0,100.45563
2014-07-11,101.33,237.498,1.62222297740821,0.09,53340.0,100.45563
2014-07-14,101.58,237.498,1.62222297740821,0.09,53340.0,100.45563
2014-07-15,101.62,237.498,1.62222297740821,0.09,53340.0,100.45563
2014-07-16,101.69,237.498,1.62222297740821,0.09,53340.0,100.45563
2014-07-17,101.3,237.498,1.62222297740821,0.09,53340.0,100.45563
2014-07-18,101.37,237.498,1.62222297740821,0.09,53340.0,100.45563
2014-07-21,101.34,237.498,1.62222297740821,0.1,53340.0,100.45563
2014-07-22,101.54,237.498,1.62222297740821,0.09,53340.0,100.45563
2014-07-23,101.5,237.498,1.62222297740821,0.09,53340.0,100.45563
2014-07-24,101.82,237.498,1.62222297740821,0.09,53340.0,100.45563
2014-07-25,101.81,237.498,1.62222297740821,0.09,53340.0,100.45563
2014-07-28,101.82,237.498,1.62222297740821,0.09,53340.0,100.45563
2014-07-29,102.12,237.498,1.62222297740821,0.09,53340.0,100.45563
2014-07-30,102.9,237.498,1.62222297740821,0.09,53340.0,100.45563
2014-07-31,102.75,237.498,1.62222297740821,0.08,53340.0,100.45563
2014-08-01,102.45,237.46,1.62222297740821,0.09,,
2014-08-04,102.47,237.46,1.62222297740821,0.09,,
2014-08-05,102.77,237.46,1.62222297740821,0.09,,
2014-08-06,102.34,237.46,1.62222297740821,0.09,,
2014-08-07,102.06,237.46,1.62222297740821,0.09,,
2014-08-08,101.91,237.46,1.62222297740821,0.09,,
2014-08-11,102.14,237.46,1.62222297740821,0.09,,
2014-08-12,102.22,237.46,1.62222297740821,0.09,,
2014-08-13,102.48,237.46,1.62222297740821,0.09,,
2014-08-14,102.44,237.46,1.62222297740821,0.09,,
2014-08-15,102.19,237.46,1.62222297740821,0.09,,
2014-08-18,102.54,237.46,1.62222297740821,0.09,,
2014-08-19,102.86,237.46,1.62222297740821,0.09,,
2014-08-20,103.36,237.46,1.62222297740821,0.09,,
2014-08-21,103.78,237.46,1.62222297740821,0.09,,
2014-08-22,103.97,237.46,1.62222297740821,0.09,,
2014-08-25,103.96,237.46,1.62222297740821,0.09,,
2014-08-26,104.12,237.46,1.62222297740821,0.09,,
2014-08-27,103.98,237.46,1.62222297740821,0.09,,
2014-08-28,103.78,237.46,1.62222297740821,0.09,,
2014-08-29,104.0,237.46,1.62222297740821,0.07,,
2014-09-01,,237.477,1.62222297740821,0.07,,
2014-09-02,105.1,237.477,1.62222297740821,0.09,,
2014-09-03,104.88,237.477,1.62222297740821,0.09,,
2014-09-04,105.22,237.477,1.62222297740821,0.09,,
2014-09-05,104.94,237.477,1.62222297740821,0.09,,
2014-09-08,105.65,237.477,1.62222297740821,0.09,,
2014-09-09,106.32,237.477,1.62222297740821,0.09,,
2014-09-10,106.76,237.477,1.62222297740821,0.09,,
2014-09-11,106.87,237.477,1.62222297740821,0.09,,
2014-09-12,107.24,237.477,1.62222297740821,0.09,,
2014-09-15,107.18,237.477,1.62222297740821,0.09,,
2014-09-16,106.91,237.477,1.62222297740821,0.09,,
2014-09-17,107.58,237.477,1.62222297740821,0.09,,
2014-09-18,108.69,237.477,1.62222297740821,0.09,,
2014-09-19,108.96,237.477,1.62222297740821,0.09,,
2014-09-22,108.88,237.477,1.62222297740821,0.09,,
2014-09-23,108.82,237.477,1.62222297740821,0.09,,
2014-09-24,108.92,237.477,1.62222297740821,0.09,,
2014-09-25,108.7,237.477,1.62222297740821,0.09,,
2014-09-26,109.32,237.477,1.62222297740821,0.09,,
2014-09-29,109.34,237.477,1.62222297740821,0.08,,
2014-09-30,109.66,237.477,1.62222297740821,0.07,,
2014-10-01,109.3,237.43,1.62222297740821,0.09,53464.0,101.61828
2014-10-02,108.1,237.43,1.62222297740821,0.09,53464.0,101.61828
2014-10-03,109.7,237.43,1.62222297740821,0.09,53464.0,101.61828
2014-10-06,109.08,237.43,1.62222297740821,0.09,53464.0,101.61828
2014-10-07,108.3,237.43,1.62222297740821,0.09,53464.0,101.61828
2014-10-08,108.41,237.43,1.62222297740821,0.09,53464.0,101.61828
2014-10-09,108.0,237.43,1.62222297740821,0.08,53464.0,101.61828
2014-10-10,107.83,237.43,1.62222297740821,0.09,53464.0,101.61828
2014-10-13,,237.43,1.62222297740821,0.09,53464.0,101.61828
2014-10-14,107.15,237.43,1.62222297740821,0.09,53464.0,101.61828
2014-10-15,106.06,237.43,1.62222297740821,0.09,53464.0,101.61828
2014-10-16,105.98,237.43,1.62222297740821,0.09,53464.0,101.61828
2014-10-17,106.72,237.43,1.62222297740821,0.09,53464.0,101.61828
2014-10-20,106.87,237.43,1.62222297740821,0.09,53464.0,101.61828
2014-10-21,106.7,237.43,1.62222297740821,0.09,53464.0,101.61828
2014-10-22,107.32,237.43,1.62222297740821,0.09,53464.0,101.61828
2014-10-23,108.16,237.43,1.62222297740821,0.09,53464.0,101.61828
2014-10-24,108.06,237.43,1.62222297740821,0.09,53464.0,101.61828
2014-10-27,107.71,237.43,1.62222297740821,0.09,53464.0,101.61828
2014-10-28,108.0,237.43,1.62222297740821,0.09,53464.0,101.61828
2014-10-29,108.1,237.43,1.62222297740821,0.09,53464.0,101.61828
2014-10-30,108.94,237.43,1.62222297740821,0.09,53464.0,101.61828
2014-10-31,112.09,237.43,1.62222297740821,0.07,53464.0,101.61828
2014-11-03,113.92,236.983,1.62222297740821,0.09,,
2014-11-04,113.44,236.983,1.62222297740821,0.1,,
2014-11-05,114.62,236.983,1.62222297740821,0.09,,
2014-11-06,114.87,236.983,1.62222297740821,0.09,,
2014-11-07,114.73,236.983,1.62222297740821,0.09,,
2014-11-10,114.78,236.983,1.62222297740821,0.09,,
2014-11-11,,236.983,1.62222297740821,0.09,,
2014-11-12,115.42,236.983,1.62222297740821,0.09,,
2014-11-13,115.63,236.983,1.62222297740821,0.09,,
2014-11-14,116.52,236.983,1.62222297740821,0.09,,
2014-11-17,116.44,236.983,1.62222297740821,0.1,,
2014-11-18,116.76,236.983,1.62222297740821,0.11,,
2014-11-19,117.7,236.983,1.62222297740821,0.1,,
2014-11-20,118.14,236.983,1.62222297740821,0.1,,
2014-11-21,117.74,236.983,1.62222297740821,0.1,,
2014-11-24,118.39,236.983,1.62222297740821,0.1,,
2014-11-25,117.99,236.983,1.62222297740821,0.1,,
2014-11-26,117.6,236.983,1.62222297740821,0.1,,
2014-11-27,,236.983,1.62222297740821,0.1,,
2014-11-28,118.7,236.983,1.62222297740821,0.08,,
2014-12-01,118.14,236.252,1.62222297740821,0.13,,
2014-12-02,119.1,236.252,1.62222297740821,0.12,,
2014-12-03,119.82,236.252,1.62222297740821,0.12,,
2014-12-04,119.67,236.252,1.62222297740821,0.12,,
2014-12-05,121.38,236.252,1.62222297740821,0.12,,
2014-12-08,120.89,236.252,1.62222297740821,0.12,,
2014-12-09,118.87,236.252,1.62222297740821,0.12,,
2014-12-10,118.5,236.252,1.62222297740821,0.12,,
2014-12-11,119.4,236.252,1.62222297740821,0.12,,
2014-12-12,118.22,236.252,1.62222297740821,0.12,,
2014-12-15,117.75,236.252,1.62222297740821,0.11,,
2014-12-16,117.28,236.252,1.62222297740821,0.12,,
2014-12-17,117.64,236.252,1.62222297740821,0.13,,
2014-12-18,118.84,236.252,1.62222297740821,0.13,,
2014-12-19,119.56,236.252,1.62222297740821,0.13,,
2014-12-22,119.84,236.252,1.62222297740821,0.13,,
2014-12-23,120.68,236.252,1.62222297740821,0.13,,
2014-12-24,120.45,236.252,1.62222297740821,0.13,,
2014-12-25,,236.252,1.62222297740821,0.13,,
2014-12-26,,236.252,1.62222297740821,0.13,,
2014-12-29,120.57,236.252,1.62222297740821,0.13,,
2014-12-30,119.34,236.252,1.62222297740821,0.13,,
2014-12-31,119.85,236.252,1.62222297740821,0.06,,
2015-01-01,,234.747,0.118627135552435,0.06,53806.0,100.89325
2015-01-02,120.2,234.747,0.118627135552435,0.12,53806.0,100.89325
2015-01-05,119.64,234.747,0.118627135552435,0.12,53806.0,100.89325
2015-01-06,118.26,234.747,0.118627135552435,0.12,53806.0,100.89325
2015-01-07,119.52,234.747,0.118627135552435,0.12,53806.0,100.89325
2015-01-08,119.51,234.747,0.118627135552435,0.12,53806.0,100.89325
2015-01-09,118.66,234.747,0.118627135552435,0.12,53806.0,100.89325
2015-01-12,118.32,234.747,0.118627135552435,0.12,53806.0,100.89325
2015-01-13,118.16,234.747,0.118627135552435,0.12,53806.0,100.89325
2015-01-14,116.78,234.747,0.118627135552435,0.12,53806.0,100.89325
2015-01-15,116.95,234.747,0.118627135552435,0.12,53806.0,100.89325
2015-01-16,117.45,234.747,0.118627135552435,0.13,53806.0,100.89325
2015-01-19,,234.747,0.118627135552435,0.13,53806.0,100.89325
2015-01-20,118.48,234.747,0.118627135552435,0.12,53806.0,100.89325
2015-01-21,117.86,234.747,0.118627135552435,0.12,53806.0,100.89325
2015-01-22,117.92,234.747,0.118627135552435,0.12,53806.0,100.89325
2015-01-23,117.8,234.747,0.118627135552435,0.12,53806.0,100.89325
2015-01-26,118.38,234.747,0.118627135552435,0.12,53806.0,100.89325
2015-01-27,117.62,234.747,0.118627135552435,0.11,53806.0,100.89325
2015-01-28,117.74,234.747,0.118627135552435,0.12,53806.0,100.89325
2015-01-29,118.31,234.747,0.118627135552435,0.11,53806.0,100.89325
2015-01-30,117.44,234.747,0.118627135552435,0.06,53806.0,100.89325
2015-02-02,117.33,235.342,0.118627135552435,0.12,,
2015-02-03,117.48,235.342,0.118627135552435,0.12,,
2015-02-04,117.58,235.342,0.118627135552435,0.11,,
2015-02-05,117.4,235.342,0.118627135552435,0.12,,
2015-02-06,119.16,235.342,0.118627135552435,0.11,,
2015-02-09,118.7,235.342,0.118627135552435,0.12,,
2015-02-10,119.32,235.342,0.118627135552435,0.12,,
2015-02-11,120.38,235.342,0.118627135552435,0.12,,
2015-02-12,118.72,235.342,0.118627135552435,0.12,,
2015-02-13,118.7,235.342,0.118627135552435,0.12,,
2015-02-16,,235.342,0.118627135552435,0.12,,
2015-02-17,118.99,235.342,0.118627135552435,0.12,,
2015-02-18,119.19,235.342,0.118627135552435,0.12,,
2015-02-19,118.84,235.342,0.118627135552435,0.12,,
2015-02-20,118.68,235.342,0.118627135552435,0.12,,
2015-02-23,118.88,235.342,0.118627135552435,0.11,,
2015-02-24,119.13,235.342,0.118627135552435,0.11,,
2015-02-25,118.88,235.342,0.118627135552435,0.11,,
2015-02-26,119.36,235.342,0.118627135552435,0.11,,
2015-02-27,119.72,235.342,0.118627135552435,0.06,,
2015-03-02,120.06,235.976,0.118627135552435,0.12,,
2015-03-03,119.47,235.976,0.118627135552435,0.12,,
2015-03-04,119.76,235.976,0.118627135552435,0.11,,
2015-03-05,120.22,235.976,0.118627135552435,0.11,,
2015-03-06,120.93,235.976,0.118627135552435,0.12,,
2015-03-09,121.17,235.976,0.118627135552435,0.12,,
2015-03-10,121.2,235.976,0.118627135552435,0.12,,
2015-03-11,121.5,235.976,0.118627135552435,0.11,,
2015-03-12,121.28,235.976,0.118627135552435,0.11,,
2015-03-13,121.17,235.976,0.118627135552435,0.11,,
2015-03-16,121.3,235.976,0.118627135552435,0.12,,
2015-03-17,121.28,235.976,0.118627135552435,0.12,,
2015-03-18,120.92,235.976,0.118627135552435,0.11,,
2015-03-19,120.9,235.976,0.118627135552435,0.12,,
2015-03-20,120.28,235.976,0.118627135552435,0.12,,
2015-03-23,119.74,235.976,0.118627135552435,0.12,,
2015-03-24,119.9,235.976,0.118627135552435,0.11,,
2015-03-25,119.37,235.976,0.118627135552435,0.12,,
2015-03-26,119.01,235.976,0.118627135552435,0.11,,
2015-03-27,119.15,235.976,0.118627135552435,0.12,,
2015-03-30,120.11,235.976,0.118627135552435,0.12,,
2015-03-31,119.96,235.976,0.118627135552435,0.06,,
2015-04-01,119.62,236.222,0.118627135552435,0.12,54021.0,99.77075
2015-04-02,119.74,236.222,0.118627135552435,0.12,54021.0,99.77075
2015-04-03,118.96,236.222,0.118627135552435,0.12,54021.0,99.77075
2015-04-06,119.05,236.222,0.118627135552435,0.13,54021.0,99.77075
2015-04-07,120.36,236.222,0.118627135552435,0.12,54021.0,99.77075
2015-04-08,119.96,236.222,0.118627135552435,0.12,54021.0,99.77075
2015-04-09,120.32,236.222,0.118627135552435,0.12,54021.0,99.77075
2015-04-10,120.29,236.222,0.118627135552435,0.12,54021.0,99.77075
2015-04-13,120.32,236.222,0.118627135552435,0.13,54021.0,99.77075
2015-04-14,119.26,236.222,0.118627135552435,0.13,54021.0,99.77075
2015-04-15,119.23,236.222,0.118627135552435,0.13,54021.0,99.77075
2015-04-16,119.18,236.222,0.118627135552435,0.13,54021.0,99.77075
2015-04-17,119.02,236.222,0.118627135552435,0.13,54021.0,99.77075
2015-04-20,119.27,236.222,0.118627135552435,0.13,54021.0,99.77075
2015-04-21,119.45,236.222,0.118627135552435,0.13,54021.0,99.77075
2015-04-22,119.9,236.222,0.118627135552435,0.13,54021.0,99.77075
2015-04-23,119.69,236.222,0.118627135552435,0.13,54021.0,99.77075
2015-04-24,118.98,236.222,0.118627135552435,0.13,54021.0,99.77075
2015-04-27,119.12,236.222,0.118627135552435,0.13,54021.0,99.77075
2015-04-28,118.8,236.222,0.118627135552435,0.13,54021.0,99.77075
2015-04-29,118.83,236.222,0.118627135552435,0.13,54021.0,99.77075
2015-04-30,119.86,236.222,0.118627135552435,0.08,54021.0,99.77075
2015-05-01,120.21,237.001,0.118627135552435,0.13,,
2015-05-04,120.25,237.001,0.118627135552435,0.13,,
2015-05-05,119.87,237.001,0.118627135552435,0.13,,
2015-05-06,119.42,237.001,0.118627135552435,0.13,,
2015-05-07,119.74,237.001,0.118627135552435,0.13,,
2015-05-08,119.78,237.001,0.118627135552435,0.13,,
2015-05-11,120.05,237.001,0.118627135552435,0.13,,
2015-05-12,119.8,237.001,0.118627135552435,0.13,,
2015-05-13,119.09,237.001,0.118627135552435,0.13,,
2015-05-14,119.2,237.001,0.118627135552435,0.13,,
2015-05-15,119.36,237.001,0.118627135552435,0.13,,
2015-05-18,119.82,237.001,0.118627135552435,0.13,,
2015-05-19,120.58,237.001,0.118627135552435,0.12,,
2015-05-20,121.28,237.001,0.118627135552435,0.12,,
2015-05-21,121.06,237.001,0.118627135552435,0.12,,
2015-05-22,121.45,237.001,0.118627135552435,0.13,,
2015-05-25,,237.001,0.118627135552435,0.13,,
2015-05-26,123.08,237.001,0.118627135552435,0.12,,
2015-05-27,123.76,237.001,0.118627135552435,0.12,,
2015-05-28,124.18,237.001,0.118627135552435,0.12,,
2015-05-29,123.98,237.001,0.118627135552435,0.08,,
2015-06-01,124.64,237.657,0.118627135552435,0.12,,
2015-06-02,124.19,237.657,0.118627135552435,0.12,,
2015-06-03,124.06,237.657,0.118627135552435,0.13,,
2015-06-04,124.56,237.657,0.118627135552435,0.13,,
2015-06-05,125.58,237.657,0.118627135552435,0.13,,
2015-06-08,125.08,237.657,0.118627135552435,0.13,,
2015-06-09,124.16,237.657,0.118627135552435,0.13,,
2015-06-10,122.72,237.657,0.118627135552435,0.13,,
2015-06-11,123.62,237.657,0.118627135552435,0.13,,
2015-06-12,123.23,237.657,0.118627135552435,0.13,,
2015-06-15,123.38,237.657,0.118627135552435,0.13,,
2015-06-16,123.39,237.657,0.118627135552435,0.14,,
2015-06-17,124.25,237.657,0.118627135552435,0.14,,
2015-06-18,122.87,237.657,0.118627135552435,0.14,,
2015-06-19,122.7,237.657,0.118627135552435,0.13,,
2015-06-22,123.28,237.657,0.118627135552435,0.13,,
2015-06-23,123.71,237.657,0.118627135552435,0.13,,
2015-06-24,124.24,237.657,0.118627135552435,0.13,,
2015-06-25,123.63,237.657,0.118627135552435,0.13,,
2015-06-26,123.92,237.657,0.118627135552435,0.13,,
2015-06-29,122.5,237.657,0.118627135552435,0.14,,
2015-06-30,122.1,237.657,0.118627135552435,0.08,,
2015-07-01,123.02,238.034,0.118627135552435,0.13,54081.0,99.146
2015-07-02,123.14,238.034,0.118627135552435,0.13,54081.0,99.146
2015-07-03,,238.034,0.118627135552435,0.13,54081.0,99.146
2015-07-06,122.53,238.034,0.118627135552435,0.13,54081.0,99.146
2015-07-07,122.16,238.034,0.118627135552435,0.13,54081.0,99.146
2015-07-08,120.54,238.034,0.118627135552435,0.13,54081.0,99.146
2015-07-09,121.22,238.034,0.118627135552435,0.13,54081.0,99.146
2015-07-10,122.75,238.034,0.118627135552435,0.13,54081.0,99.146
2015-07-13,123.35,238.034,0.118627135552435,0.13,54081.0,99.146
2015-07-14,123.39,238.034,0.118627135552435,0.13,54081.0,99.146
2015-07-15,123.89,238.034,0.118627135552435,0.13,54081.0,99.146
2015-07-16,124.04,238.034,0.118627135552435,0.14,54081.0,99.146
2015-07-17,124.0,238.034,0.118627135552435,0.13,54081.0,99.146
2015-07-20,124.24,238.034,0.118627135552435,0.14,54081.0,99.146
2015-07-21,123.93,238.034,0.118627135552435,0.13,54081.0,99.146
2015-07-22,124.08,238.034,0.118627135552435,0.13,54081.0,99.146
2015-07-23,123.88,238.034,0.118627135552435,0.13,54081.0,99.146
2015-07-24,123.74,238.034,0.118627135552435,0.13,54081.0,99.146
2015-07-27,123.24,238.034,0.118627135552435,0.14,54081.0,99.146
2015-07-28,123.52,238.034,0.118627135552435,0.14,54081.0,99.146
2015-07-29,123.86,238.034,0.118627135552435,0.14,54081.0,99.146
2015-07-30,124.38,238.034,0.118627135552435,0.14,54081.0,99.146
2015-07-31,123.94,238.034,0.118627135552435,0.08,54081.0,99.146
2015-08-03,123.98,238.033,0.118627135552435,0.14,,
2015-08-04,124.0,238.033,0.118627135552435,0.14,,
2015-08-05,124.84,238.033,0.118627135552435,0.14,,
2015-08-06,124.6,238.033,0.118627135552435,0.14,,
2015-08-07,124.27,238.033,0.118627135552435,0.14,,
2015-08-10,124.55,238.033,0.118627135552435,0.14,,
2015-08-11,124.9,238.033,0.118627135552435,0.15,,
2015-08-12,123.87,238.033,0.118627135552435,0.15,,
2015-08-13,124.32,238.033,0.118627135552435,0.15,,
2015-08-14,124.27,238.033,0.118627135552435,0.14,,
2015-08-17,124.33,238.033,0.118627135552435,0.15,,
2015-08-18,124.39,238.033,0.118627135552435,0.15,,
2015-08-19,124.1,238.033,0.118627135552435,0.15,,
2015-08-20,123.54,238.033,0.118627135552435,0.15,,
2015-08-21,122.11,238.033,0.118627135552435,0.15,,
2015-08-24,118.56,238.033,0.118627135552435,0.15,,
2015-08-25,119.91,238.033,0.118627135552435,0.15,,
2015-08-26,119.07,238.033,0.118627135552435,0.14,,
2015-08-27,120.89,238.033,0.118627135552435,0.14,,
2015-08-28,121.32,238.033,0.118627135552435,0.14,,
2015-08-31,121.26,238.033,0.118627135552435,0.08,,
2015-09-01,119.94,237.498,0.118627135552435,0.14,,
2015-09-02,120.0,237.498,0.118627135552435,0.14,,
2015-09-03,120.2,237.498,0.118627135552435,0.14,,
2015-09-04,119.05,237.498,0.118627135552435,0.14,,
2015-09-07,,237.498,0.118627135552435,0.14,,
2015-09-08,119.72,237.498,0.118627135552435,0.14,,
2015-09-09,120.94,237.498,0.118627135552435,0.14,,
2015-09-10,120.71,237.498,0.118627135552435,0.14,,
2015-09-11,120.66,237.498,0.118627135552435,0.14,,
2015-09-14,119.92,237.498,0.118627135552435,0.14,,
2015-09-15,120.3,237.498,0.118627135552435,0.14,,
2015-09-16,120.62,237.498,0.118627135552435,0.14,,
2015-09-17,120.9,237.498,0.118627135552435,0.14,,
2015-09-18,119.85,237.498,0.118627135552435,0.14,,
2015-09-21,120.46,237.498,0.118627135552435,0.14,,
2015-09-22,120.04,237.498,0.118627135552435,0.14,,
2015-09-23,120.12,237.498,0.118627135552435,0.14,,
2015-09-24,119.54,237.498,0.118627135552435,0.14,,
2015-09-25,120.74,237.498,0.118627135552435,0.13,,
2015-09-28,119.82,237.498,0.118627135552435,0.13,,
2015-09-29,119.76,237.498,0.118627135552435,0.13,,
2015-09-30,119.81,237.498,0.118627135552435,0.07,,
2015-10-01,119.58,237.733,0.118627135552435,0.13,54045.0,103.21895
2015-10-02,119.42,237.733,0.118627135552435,0.13,54045.0,103.21895
2015-10-05,120.36,237.733,0.118627135552435,0.13,54045.0,103.21895
2015-10-06,120.18,237.733,0.118627135552435,0.13,54045.0,103.21895
2015-10-07,119.9,237.733,0.118627135552435,0.13,54045.0,103.21895
2015-10-08,119.94,237.733,0.118627135552435,0.13,54045.0,103.21895
2015-10-09,120.3,237.733,0.118627135552435,0.13,54045.0,103.21895
2015-10-12,,237.733,0.118627135552435,0.13,54045.0,103.21895
2015-10-13,119.8,237.733,0.118627135552435,0.13,54045.0,103.21895
2015-10-14,119.21,237.733,0.118627135552435,0.13,54045.0,103.21895
2015-10-15,118.26,237.733,0.118627135552435,0.13,54045.0,103.21895
2015-10-16,119.6,237.733,0.118627135552435,0.13,54045.0,103.21895
2015-10-19,119.5,237.733,0.118627135552435,0.13,54045.0,103.21895
2015-10-20,119.79,237.733,0.118627135552435,0.13,54045.0,103.21895
2015-10-21,119.91,237.733,0.118627135552435,0.13,54045.0,103.21895
2015-10-22,120.5,237.733,0.118627135552435,0.12,54045.0,103.21895
2015-10-23,121.2,237.733,0.118627135552435,0.12,54045.0,103.21895
2015-10-26,120.87,237.733,0.118627135552435,0.12,54045.0,103.21895
2015-10-27,120.29,237.733,0.118627135552435,0.12,54045.0,103.21895
2015-10-28,120.56,237.733,0.118627135552435,0.12,54045.0,103.21895
2015-10-29,121.14,237.733,0.118627135552435,0.12,54045.0,103.21895
2015-10-30,120.7,237.733,0.118627135552435,0.07,54045.0,103.21895
2015-11-02,120.7,238.017,0.118627135552435,0.12,,
2015-11-03,121.2,238.017,0.118627135552435,0.12,,
2015-11-04,121.52,238.017,0.118627135552435,0.12,,
2015-11-05,121.71,238.017,0.118627135552435,0.12,,
2015-11-06,123.2,238.017,0.118627135552435,0.12,,
2015-11-09,123.04,238.017,0.118627135552435,0.12,,
2015-11-10,123.22,238.017,0.118627135552435,0.12,,
2015-11-11,,238.017,0.118627135552435,0.12,,
2015-11-12,122.84,238.017,0.118627135552435,0.12,,
2015-11-13,122.93,238.017,0.118627135552435,0.12,,
2015-11-16,123.11,238.017,0.118627135552435,0.13,,
2015-11-17,123.48,238.017,0.118627135552435,0.13,,
2015-11-18,123.51,238.017,0.118627135552435,0.12,,
2015-11-19,122.71,238.017,0.118627135552435,0.12,,
2015-11-20,122.8,238.017,0.118627135552435,0.12,,
2015-11-23,123.02,238.017,0.118627135552435,0.12,,
2015-11-24,122.47,238.017,0.118627135552435,0.12,,
2015-11-25,122.7,238.017,0.118627135552435,0.12,,
2015-11-26,,238.017,0.118627135552435,0.12,,
2015-11-27,122.84,238.017,0.118627135552435,0.12,,
2015-11-30,123.22,238.017,0.118627135552435,0.08,,
2015-12-01,122.88,237.761,0.118627135552435,0.13,,
2015-12-02,123.52,237.761,0.118627135552435,0.13,,
2015-12-03,123.06,237.761,0.118627135552435,0.13,,
2015-12-04,123.1,237.761,0.118627135552435,0.13,,
2015-12-07,123.31,237.761,0.118627135552435,0.13,,
2015-12-08,123.0,237.761,0.118627135552435,0.13,,
2015-12-09,121.86,237.761,0.118627135552435,0.14,,
2015-12-10,121.44,237.761,0.118627135552435,0.14,,
2015-12-11,120.94,237.761,0.118627135552435,0.14,,
2015-12-14,120.57,237.761,0.118627135552435,0.15,,
2015-12-15,121.66,237.761,0.118627135552435,0.15,,
2015-12-16,121.88,237.761,0.118627135552435,0.15,,
2015-12-17,122.75,237.761,0.118627135552435,0.37,,
2015-12-18,121.2,237.761,0.118627135552435,0.37,,
2015-12-21,120.99,237.761,0.118627135552435,0.36,,
2015-12-22,120.94,237.761,0.118627135552435,0.36,,
2015-12-23,120.94,237.761,0.118627135552435,0.36,,
2015-12-24,120.32,237.761,0.118627135552435,0.36,,
2015-12-25,,237.761,0.118627135552435,0.36,,
2015-12-28,120.3,237.761,0.118627135552435,0.36,,
2015-12-29,120.44,237.761,0.118627135552435,0.36,,
2015-12-30,120.6,237.761,0.118627135552435,0.35,,
2015-12-31,120.27,237.761,0.118627135552435,0.2,,
2016-01-01,,237.652,1.26158320570537,0.2,54267.0,104.55696
2016-01-04,119.3,237.652,1.26158320570537,0.36,54267.0,104.55696
2016-01-05,118.95,237.652,1.26158320570537,0.36,54267.0,104.55696
2016-01-06,118.54,237.652,1.26158320570537,0.36,54267.0,104.55696
2016-01-07,118.0,237.652,1.26158320570537,0.36,54267.0,104.55696
2016-01-08,117.74,237.652,1.26158320570537,0.36,54267.0,104.55696
2016-01-11,117.48,237.652,1.26158320570537,0.36,54267.0,104.55696
2016-01-12,117.78,237.652,1.26158320570537,0.36,54267.0,104.55696
2016-01-13,118.06,237.652,1.26158320570537,0.36,54267.0,104.55696
2016-01-14,118.03,237.652,1.26158320570537,0.36,54267.0,104.55696
2016-01-15,116.78,237.652,1.26158320570537,0.36,54267.0,104.55696
2016-01-18,,237.652,1.26158320570537,0.36,54267.0,104.55696
2016-01-19,117.66,237.652,1.26158320570537,0.36,54267.0,104.55696
2016-01-20,116.38,237.652,1.26158320570537,0.37,54267.0,104.55696
2016-01-21,117.61,237.652,1.26158320570537,0.37,54267.0,104.55696
2016-01-22,118.37,237.652,1.26158320570537,0.38,54267.0,104.55696
2016-01-25,118.55,237.652,1.26158320570537,0.38,54267.0,104.55696
2016-01-26,118.5,237.652,1.26158320570537,0.38,54267.0,104.55696
2016-01-27,118.9,237.652,1.26158320570537,0.38,54267.0,104.55696
2016-01-28,118.61,237.652,1.26158320570537,0.38,54267.0,104.55696
2016-01-29,121.05,237.652,1.26158320570537,0.29,54267.0,104.55696
2016-02-01,121.06,237.336,1.26158320570537,0.38,,
2016-02-02,120.27,237.336,1.26158320570537,0.38,,
2016-02-03,117.92,237.336,1.26158320570537,0.38,,
2016-02-04,116.75,237.336,1.26158320570537,0.38,,
2016-02-05,116.99,237.336,1.26158320570537,0.38,,
2016-02-08,115.7,237.336,1.26158320570537,0.38,,
2016-02-09,114.8,237.336,1.26158320570537,0.38,,
2016-02-10,114.03,237.336,1.26158320570537,0.38,,
2016-02-11,111.72,237.336,1.26158320570537,0.38,,
2016-02-12,112.96,237.336,1.26158320570537,0.38,,
2016-02-15,,237.336,1.26158320570537,0.38,,
2016-02-16,113.9,237.336,1.26158320570537,0.38,,
2016-02-17,114.14,237.336,1.26158320570537,0.37,,
2016-02-18,113.62,237.336,1.26158320570537,0.38,,
2016-02-19,112.42,237.336,1.26158320570537,0.38,,
2016-02-22,113.12,237.336,1.26158320570537,0.38,,
2016-02-23,112.17,237.336,1.26158320570537,0.38,,
2016-02-24,111.36,237.336,1.26158320570537,0.38,,
2016-02-25,112.7,237.336,1.26158320570537,0.37,,
2016-02-26,113.78,237.336,1.26158320570537,0.37,,
2016-02-29,112.9,237.336,1.26158320570537,0.29,,
2016-03-01,113.94,238.08,1.26158320570537,0.36,,
2016-03-02,113.81,238.08,1.26158320570537,0.37,,
2016-03-03,113.53,238.08,1.26158320570537,0.37,,
2016-03-04,113.91,238.08,1.26158320570537,0.36,,
2016-03-07,113.6,238.08,1.26158320570537,0.36,,
2016-03-08,112.58,238.08,1.26158320570537,0.36,,
2016-03-09,113.06,238.08,1.26158320570537,0.36,,
2016-03-10,113.1,238.08,1.26158320570537,0.36,,
2016-03-11,113.66,238.08,1.26158320570537,0.36,,
2016-03-14,113.59,238.08,1.26158320570537,0.36,,
2016-03-15,112.88,238.08,1.26158320570537,0.37,,
2016-03-16,113.69,238.08,1.26158320570537,0.37,,
2016-03-17,111.3,238.08,1.26158320570537,0.37,,
2016-03-18,111.38,238.08,1.26158320570537,0.37,,
2016-03-21,111.62,238.08,1.26158320570537,0.37,,
2016-03-22,111.82,238.08,1.26158320570537,0.37,,
2016-03-23,112.63,238.08,1.26158320570537,0.37,,
2016-03-24,112.64,238.08,1.26158320570537,0.37,,
2016-03-25,113.05,238.08,1.26158320570537,0.37,,
2016-03-28,113.29,238.08,1.26158320570537,0.37,,
2016-03-29,113.33,238.08,1.26158320570537,0.37,,
2016-03-30,112.6,238.08,1.26158320570537,0.37,,
2016-03-31,112.42,238.08,1.26158320570537,0.25,,
2016-04-01,112.06,238.992,1.26158320570537,0.37,54334.0,104.13706
2016-04-04,111.18,238.992,1.26158320570537,0.37,54334.0,104.13706
2016-04-05,110.26,238.992,1.26158320570537,0.37,54334.0,104.13706
2016-04-06,109.63,238.992,1.26158320570537,0.37,54334.0,104.13706
2016-04-07,107.98,238.992,1.26158320570537,0.37,54334.0,104.13706
2016-04-08,108.36,238.992,1.26158320570537,0.37,54334.0,104.13706
2016-04-11,107.96,238.992,1.26158320570537,0.37,54334.0,104.13706
2016-04-12,108.54,238.992,1.26158320570537,0.37,54334.0,104.13706
2016-04-13,109.21,238.992,1.26158320570537,0.37,54334.0,104.13706
2016-04-14,109.2,238.992,1.26158320570537,0.37,54334.0,104.13706
2016-04-15,108.76,238.992,1.26158320570537,0.37,54334.0,104.13706
2016-04-18,108.85,238.992,1.26158320570537,0.37,54334.0,104.13706
2016-04-19,109.16,238.992,1.26158320570537,0.37,54334.0,104.13706
2016-04-20,109.51,238.992,1.26158320570537,0.37,54334.0,104.13706
2016-04-21,109.41,238.992,1.26158320570537,0.37,54334.0,104.13706
2016-04-22,111.5,238.992,1.26158320570537,0.37,54334.0,104.13706
2016-04-25,111.08,238.992,1.26158320570537,0.37,54334.0,104.13706
2016-04-26,111.23,238.992,1.26158320570537,0.37,54334.0,104.13706
2016-04-27,111.26,238.992,1.26158320570537,0.37,54334.0,104.13706
2016-04-28,108.55,238.992,1.26158320570537,0.37,54334.0,104.13706
2016-04-29,106.9,238.992,1.26158320570537,0.3,54334.0,104.13706
2016-05-02,106.48,239.557,1.26158320570537,0.37,,
2016-05-03,106.34,239.557,1.26158320570537,0.37,,
2016-05-04,107.12,239.557,1.26158320570537,0.37,,
2016-05-05,107.32,239.557,1.26158320570537,0.37,,
2016-05-06,106.66,239.557,1.26158320570537,0.37,,
2016-05-09,108.39,239.557,1.26158320570537,0.37,,
2016-05-10,109.22,239.557,1.26158320570537,0.37,,
2016-05-11,108.48,239.557,1.26158320570537,0.37,,
2016-05-12,108.73,239.557,1.26158320570537,0.37,,
2016-05-13,109.14,239.557,1.26158320570537,0.37,,
2016-05-16,108.89,239.557,1.26158320570537,0.37,,
2016-05-17,109.02,239.557,1.26158320570537,0.37,,
2016-05-18,109.65,239.557,1.26158320570537,0.37,,
2016-05-19,109.81,239.557,1.26158320570537,0.37,,
2016-05-20,110.52,239.557,1.26158320570537,0.37,,
2016-05-23,109.47,239.557,1.26158320570537,0.37,,
2016-05-24,110.0,239.557,1.26158320570537,0.37,,
2016-05-25,110.22,239.557,1.26158320570537,0.37,,
2016-05-26,109.74,239.557,1.26158320570537,0.37,,
2016-05-27,109.86,239.557,1.26158320570537,0.37,,
2016-05-30,,239.557,1.26158320570537,0.37,,
2016-05-31,110.75,239.557,1.26158320570537,0.29,,
2016-06-01,109.55,240.222,1.26158320570537,0.37,,
2016-06-02,108.75,240.222,1.26158320570537,0.37,,
2016-06-03,106.88,240.222,1.26158320570537,0.37,,
2016-06-06,107.33,240.222,1.26158320570537,0.37,,
2016-06-07,107.3,240.222,1.26158320570537,0.37,,
2016-06-08,106.68,240.222,1.26158320570537,0.37,,
2016-06-09,106.54,240.222,1.26158320570537,0.37,,
2016-06-10,107.06,240.222,1.26158320570537,0.37,,
2016-06-13,106.07,240.222,1.26158320570537,0.37,,
2016-06-14,106.02,240.222,1.26158320570537,0.37,,
2016-06-15,105.87,240.222,1.26158320570537,0.37,,
2016-06-16,104.05,240.222,1.26158320570537,0.38,,
2016-06-17,104.2,240.222,1.26158320570537,0.38,,
2016-06-20,104.32,240.222,1.26158320570537,0.38,,
2016-06-21,104.56,240.222,1.26158320570537,0.38,,
2016-06-22,104.56,240.222,1.26158320570537,0.38,,
2016-06-23,105.9,240.222,1.26158320570537,0.39,,
2016-06-24,102.26,240.222,1.26158320570537,0.4,,
2016-06-27,101.66,240.222,1.26158320570537,0.41,,
2016-06-28,102.71,240.222,1.26158320570537,0.41,,
2016-06-29,102.68,240.222,1.26158320570537,0.41,,
2016-06-30,102.77,240.222,1.26158320570537,0.3,,
2016-07-01,102.55,240.101,1.26158320570537,0.41,54549.0,104.25015
2016-07-04,,240.101,1.26158320570537,0.41,54549.0,104.25015
2016-07-05,101.58,240.101,1.26158320570537,0.4,54549.0,104.25015
2016-07-06,101.12,240.101,1.26158320570537,0.4,54549.0,104.25015
2016-07-07,100.74,240.101,1.26158320570537,0.4,54549.0,104.25015
2016-07-08,100.65,240.101,1.26158320570537,0.4,54549.0,104.25015
2016-07-11,102.66,240.101,1.26158320570537,0.4,54549.0,104.25015
2016-07-12,104.72,240.101,1.26158320570537,0.4,54549.0,104.25015
2016-07-13,104.1,240.101,1.26158320570537,0.4,54549.0,104.25015
2016-07-14,105.4,240.101,1.26158320570537,0.4,54549.0,104.25015
2016-07-15,105.64,240.101,1.26158320570537,0.4,54549.0,104.25015
2016-07-18,106.0,240.101,1.26158320570537,0.4,54549.0,104.25015
2016-07-19,106.13,240.101,1.26158320570537,0.4,54549.0,104.25015
2016-07-20,106.65,240.101,1.26158320570537,0.4,54549.0,104.25015
2016-07-21,105.98,240.101,1.26158320570537,0.4,54549.0,104.25015
2016-07-22,106.22,240.101,1.26158320570537,0.4,54549.0,104.25015
2016-07-25,106.02,240.101,1.26158320570537,0.4,54549.0,104.25015
2016-07-26,104.83,240.101,1.26158320570537,0.4,54549.0,104.25015
2016-07-27,105.65,240.101,1.26158320570537,0.4,54549.0,104.25015
2016-07-28,104.86,240.101,1.26158320570537,0.4,54549.0,104.25015
2016-07-29,102.32,240.101,1.26158320570537,0.3,54549.0,104.25015
2016-08-01,102.26,240.545,1.26158320570537,0.4,,
2016-08-02,100.82,240.545,1.26158320570537,0.4,,
2016-08-03,101.34,240.545,1.26158320570537,0.4,,
2016-08-04,101.08,240.545,1.26158320570537,0.4,,
2016-08-05,101.74,240.545,1.26158320570537,0.4,,
2016-08-08,102.53,240.545,1.26158320570537,0.4,,
2016-08-09,101.96,240.545,1.26158320570537,0.4,,
2016-08-10,101.27,240.545,1.26158320570537,0.4,,
2016-08-11,101.46,240.545,1.26158320570537,0.4,,
2016-08-12,101.01,240.545,1.26158320570537,0.4,,
2016-08-15,101.02,240.545,1.26158320570537,0.4,,
2016-08-16,100.28,240.545,1.26158320570537,0.4,,
2016-08-17,100.24,240.545,1.26158320570537,0.4,,
2016-08-18,100.07,240.545,1.26158320570537,0.4,,
2016-08-19,100.24,240.545,1.26158320570537,0.4,,
2016-08-22,100.25,240.545,1.26158320570537,0.4,,
2016-08-23,100.2,240.545,1.26158320570537,0.4,,
2016-08-24,100.5,240.545,1.26158320570537,0.4,,
2016-08-25,100.58,240.545,1.26158320570537,0.4,,
2016-08-26,101.2,240.545,1.26158320570537,0.4,,
2016-08-29,102.13,240.545,1.26158320570537,0.4,,
2016-08-30,102.92,240.545,1.26158320570537,0.4,,
2016-08-31,103.38,240.545,1.26158320570537,0.3,,
2016-09-01,103.22,241.176,1.26158320570537,0.4,,
2016-09-02,104.18,241.176,1.26158320570537,0.4,,
2016-09-05,,241.176,1.26158320570537,0.4,,
2016-09-06,102.28,241.176,1.26158320570537,0.4,,
2016-09-07,101.72,241.176,1.26158320570537,0.4,,
2016-09-08,102.28,241.176,1.26158320570537,0.4,,
2016-09-09,102.86,241.176,1.26158320570537,0.4,,
2016-09-12,101.96,241.176,1.26158320570537,0.4,,
2016-09-13,102.14,241.176,1.26158320570537,0.4,,
2016-09-14,102.33,241.176,1.26158320570537,0.4,,
2016-09-15,102.24,241.176,1.26158320570537,0.4,,
2016-09-16,102.36,241.176,1.26158320570537,0.4,,
2016-09-19,101.82,241.176,1.26158320570537,0.4,,
2016-09-20,101.66,241.176,1.26158320570537,0.4,,
2016-09-21,100.62,241.176,1.26158320570537,0.4,,
2016-09-22,100.8,241.176,1.26158320570537,0.4,,
2016-09-23,101.04,241.176,1.26158320570537,0.4,,
2016-09-26,100.34,241.176,1.26158320570537,0.4,,
2016-09-27,100.36,241.176,1.26158320570537,0.4,,
2016-09-28,100.57,241.176,1.26158320570537,0.4,,
2016-09-29,101.48,241.176,1.26158320570537,0.4,,
2016-09-30,101.21,241.176,1.26158320570537,0.29,,
2016-10-03,101.54,241.741,1.26158320570537,0.4,54714.0,105.31835
2016-10-04,102.66,241.741,1.26158320570537,0.4,54714.0,105.31835
2016-10-05,103.53,241.741,1.26158320570537,0.4,54714.0,105.31835
2016-10-06,104.02,241.741,1.26158320570537,0.4,54714.0,105.31835
2016-10-07,103.42,241.741,1.26158320570537,0.4,54714.0,105.31835
2016-10-10,,241.741,1.26158320570537,0.4,54714.0,105.31835
2016-10-11,103.36,241.741,1.26158320570537,0.41,54714.0,105.31835
2016-10-12,104.48,241.741,1.26158320570537,0.41,54714.0,105.31835
2016-10-13,103.62,241.741,1.26158320570537,0.41,54714.0,105.31835
2016-10-14,104.1,241.741,1.26158320570537,0.41,54714.0,105.31835
2016-10-17,103.96,241.741,1.26158320570537,0.41,54714.0,105.31835
2016-10-18,103.8,241.741,1.26158320570537,0.41,54714.0,105.31835
2016-10-19,103.3,241.741,1.26158320570537,0.41,54714.0,105.31835
2016-10-20,103.92,241.741,1.26158320570537,0.41,54714.0,105.31835
2016-10-21,103.96,241.741,1.26158320570537,0.41,54714.0,105.31835
2016-10-24,104.2,241.741,1.26158320570537,0.41,54714.0,105.31835
2016-10-25,104.25,241.741,1.26158320570537,0.41,54714.0,105.31835
2016-10-26,104.42,241.741,1.26158320570537,0.41,54714.0,105.31835
2016-10-27,105.14,241.741,1.26158320570537,0.41,54714.0,105.31835
2016-10-28,105.4,241.741,1.26158320570537,0.41,54714.0,105.31835
2016-10-31,105.07,241.741,1.26158320570537,0.31,54714.0,105.31835
2016-11-01,104.59,242.026,1.26158320570537,0.41,,
2016-11-02,103.22,242.026,1.26158320570537,0.41,,
2016-11-03,103.17,242.026,1.26158320570537,0.41,,
2016-11-04,103.02,242.026,1.26158320570537,0.41,,
2016-11-07,104.6,242.026,1.26158320570537,0.41,,
2016-11-08,104.98,242.026,1.26158320570537,0.41,,
2016-11-09,104.84,242.026,1.26158320570537,0.41,,
2016-11-10,106.56,242.026,1.26158320570537,0.41,,
2016-11-11,,242.026,1.26158320570537,0.41,,
2016-11-14,108.3,242.026,1.26158320570537,0.41,,
2016-11-15,108.94,242.026,1.26158320570537,0.41,,
2016-11-16,109.16,242.026,1.26158320570537,0.41,,
2016-11-17,109.64,242.026,1.26158320570537,0.41,,
2016-11-18,110.51,242.026,1.26158320570537,0.41,,
2016-11-21,111.12,242.026,1.26158320570537,0.41,,
2016-11-22,110.98,242.026,1.26158320570537,0.41,,
2016-11-23,112.58,242.026,1.26158320570537,0.41,,
2016-11-24,,242.026,1.26158320570537,0.41,,
2016-11-25,113.17,242.026,1.26158320570537,0.41,,
2016-11-28,112.36,242.026,1.26158320570537,0.41,,
2016-11-29,112.78,242.026,1.26158320570537,0.41,,
2016-11-30,114.34,242.026,1.26158320570537,0.31,,
2016-12-01,114.34,242.637,1.26158320570537,0.41,,
2016-12-02,113.76,242.637,1.26158320570537,0.41,,
2016-12-05,114.1,242.637,1.26158320570537,0.41,,
2016-12-06,113.98,242.637,1.26158320570537,0.41,,
2016-12-07,113.5,242.637,1.26158320570537,0.41,,
2016-12-08,114.16,242.637,1.26158320570537,0.41,,
2016-12-09,115.17,242.637,1.26158320570537,0.41,,
2016-12-12,115.34,242.637,1.26158320570537,0.41,,
2016-12-13,115.26,242.637,1.26158320570537,0.41,,
2016-12-14,115.06,242.637,1.26158320570537,0.41,,
2016-12-15,118.32,242.637,1.26158320570537,0.66,,
2016-12-16,117.74,242.637,1.26158320570537,0.66,,
2016-12-19,116.6,242.637,1.26158320570537,0.66,,
2016-12-20,117.86,242.637,1.26158320570537,0.66,,
2016-12-21,117.79,242.637,1.26158320570537,0.66,,
2016-12-22,117.48,242.637,1.26158320570537,0.66,,
2016-12-23,117.22,242.637,1.26158320570537,0.66,,
2016-12-26,,242.637,1.26158320570537,0.66,,
2016-12-27,117.52,242.637,1.26158320570537,0.66,,
2016-12-28,117.66,242.637,1.26158320570537,0.66,,
2016-12-29,116.32,242.637,1.26158320570537,0.66,,
2016-12-30,116.78,242.637,1.26158320570537,0.55,,
2017-01-02,,243.618,2.13011000365963,0.55,54866.0,103.64643
2017-01-03,117.68,243.618,2.13011000365963,0.66,54866.0,103.64643
2017-01-04,117.38,243.618,2.13011000365963,0.66,54866.0,103.64643
2017-01-05,115.46,243.618,2.13011000365963,0.66,54866.0,103.64643
2017-01-06,116.85,243.618,2.13011000365963,0.66,54866.0,103.64643
2017-01-09,116.07,243.618,2.13011000365963,0.66,54866.0,103.64643
2017-01-10,115.74,243.618,2.13011000365963,0.66,54866.0,103.64643
2017-01-11,116.26,243.618,2.13011000365963,0.66,54866.0,103.64643
2017-01-12,113.87,243.618,2.13011000365963,0.66,54866.0,103.64643
2017-01-13,115.03,243.618,2.13011000365963,0.66,54866.0,103.64643
2017-01-16,,243.618,2.13011000365963,0.66,54866.0,103.64643
2017-01-17,112.96,243.618,2.13011000365963,0.66,54866.0,103.64643
2017-01-18,113.4,243.618,2.13011000365963,0.66,54866.0,103.64643
2017-01-19,115.3,243.618,2.13011000365963,0.66,54866.0,103.64643
2017-01-20,,243.618,2.13011000365963,0.66,54866.0,103.64643
2017-01-23,112.9,243.618,2.13011000365963,0.66,54866.0,103.64643
2017-01-24,113.63,243.618,2.13011000365963,0.66,54866.0,103.64643
2017-01-25,113.6,243.618,2.13011000365963,0.66,54866.0,103.64643
2017-01-26,114.7,243.618,2.13011000365963,0.66,54866.0,103.64643
2017-01-27,115.16,243.618,2.13011000365963,0.66,54866.0,103.64643
2017-01-30,113.86,243.618,2.13011000365963,0.66,54866.0,103.64643
2017-01-31,112.72,243.618,2.13011000365963,0.56,54866.0,103.64643
2017-02-01,113.29,244.006,2.13011000365963,0.66,,
2017-02-02,112.48,244.006,2.13011000365963,0.66,,
2017-02-03,112.42,244.006,2.13011000365963,0.66,,
2017-02-06,112.32,244.006,2.13011000365963,0.66,,
2017-02-07,112.14,244.006,2.13011000365963,0.66,,
2017-02-08,111.74,244.006,2.13011000365963,0.66,,
2017-02-09,113.24,244.006,2.13011000365963,0.66,,
2017-02-10,113.22,244.006,2.13011000365963,0.66,,
2017-02-13,113.79,244.006,2.13011000365963,0.66,,
2017-02-14,114.34,244.006,2.13011000365963,0.66,,
2017-02-15,114.17,244.006,2.13011000365963,0.66,,
2017-02-16,113.36,244.006,2.13011000365963,0.66,,
2017-02-17,112.86,244.006,2.13011000365963,0.66,,
2017-02-20,,244.006,2.13011000365963,0.66,,
2017-02-21,113.48,244.006,2.13011000365963,0.66,,
2017-02-22,113.46,244.006,2.13011000365963,0.66,,
2017-02-23,112.68,244.006,2.13011000365963,0.66,,
2017-02-24,112.26,244.006,2.13011000365963,0.66,,
2017-02-27,112.01,244.006,2.13011000365963,0.66,,
2017-02-28,112.06,244.006,2.13011000365963,0.57,,
2017-03-01,113.66,243.892,2.13011000365963,0.66,,
2017-03-02,114.45,243.892,2.13011000365963,0.66,,
2017-03-03,114.6,243.892,2.13011000365963,0.66,,
2017-03-06,113.92,243.892,2.13011000365963,0.66,,
2017-03-07,113.99,243.892,2.13011000365963,0.66,,
2017-03-08,114.58,243.892,2.13011000365963,0.66,,
2017-03-09,114.71,243.892,2.13011000365963,0.66,,
2017-03-10,115.02,243.892,2.13011000365963,0.66,,
2017-03-13,114.61,243.892,2.13011000365963,0.66,,
2017-03-14,114.63,243.892,2.13011000365963,0.66,,
2017-03-15,114.66,243.892,2.13011000365963,0.66,,
2017-03-16,113.02,243.892,2.13011000365963,0.91,,
2017-03-17,112.67,243.892,2.13011000365963,0.91,,
2017-03-20,112.59,243.892,2.13011000365963,0.91,,
2017-03-21,111.9,243.892,2.13011000365963,0.91,,
2017-03-22,111.06,243.892,2.13011000365963,0.91,,
2017-03-23,111.12,243.892,2.13011000365963,0.91,,
2017-03-24,111.03,243.892,2.13011000365963,0.91,,
2017-03-27,110.48,243.892,2.13011000365963,0.91,,
2017-03-28,110.56,243.892,2.13011000365963,0.91,,
2017-03-29,111.05,243.892,2.13011000365963,0.91,,
2017-03-30,111.36,243.892,2.13011000365963,0.91,,
2017-03-31,111.41,243.892,2.13011000365963,0.82,,
2017-04-03,110.96,244.193,2.13011000365963,0.91,55057.0,102.79752
2017-04-04,110.74,244.193,2.13011000365963,0.91,55057.0,102.79752
2017-04-05,111.2,244.193,2.13011000365963,0.91,55057.0,102.79752
2017-04-06,111.02,244.193,2.13011000365963,0.91,55057.0,102.79752
2017-04-07,110.76,244.193,2.13011000365963,0.91,55057.0,102.79752
2017-04-10,110.95,244.193,2.13011000365963,0.91,55057.0,102.79752
2017-04-11,109.74,244.193,2.13011000365963,0.91,55057.0,102.79752
2017-04-12,109.54,244.193,2.13011000365963,0.91,55057.0,102.79752
2017-04-13,109.23,244.193,2.13011000365963,0.91,55057.0,102.79752
2017-04-14,108.63,244.193,2.13011000365963,0.91,55057.0,102.79752
2017-04-17,108.46,244.193,2.13011000365963,0.91,55057.0,102.79752
2017-04-18,108.4,244.193,2.13011000365963,0.91,55057.0,102.79752
2017-04-19,109.06,244.193,2.13011000365963,0.91,55057.0,102.79752
2017-04-20,109.34,244.193,2.13011000365963,0.91,55057.0,102.79752
2017-04-21,109.08,244.193,2.13011000365963,0.91,55057.0,102.79752
2017-04-24,109.74,244.193,2.13011000365963,0.91,55057.0,102.79752
2017-04-25,110.88,244.193,2.13011000365963,0.91,55057.0,102.79752
2017-04-26,111.52,244.193,2.13011000365963,0.91,55057.0,102.79752
2017-04-27,111.13,244.193,2.13011000365963,0.91,55057.0,102.79752
2017-04-28,111.44,244.193,2.13011000365963,0.83,55057.0,102.79752
2017-05-01,111.78,244.004,2.13011000365963,0.91,,
2017-05-02,112.06,244.004,2.13011000365963,0.91,,
2017-05-03,112.34,244.004,2.13011000365963,0.91,,
2017-05-04,112.7,244.004,2.13011000365963,0.91,,
2017-05-05,112.63,244.004,2.13011000365963,0.91,,
2017-05-08,112.84,244.004,2.13011000365963,0.91,,
2017-05-09,114.19,244.004,2.13011000365963,0.91,,
2017-05-10,114.02,244.004,2.13011000365963,0.91,,
2017-05-11,113.77,244.004,2.13011000365963,0.91,,
2017-05-12,113.3,244.004,2.13011000365963,0.91,,
2017-05-15,113.54,244.004,2.13011000365963,0.91,,
2017-05-16,113.24,244.004,2.13011000365963,0.91,,
2017-05-17,111.46,244.004,2.13011000365963,0.91,,
2017-05-18,110.82,244.004,2.13011000365963,0.91,,
2017-05-19,111.47,244.004,2.13011000365963,0.91,,
2017-05-22,111.15,244.004,2.13011000365963,0.91,,
2017-05-23,111.64,244.004,2.13011000365963,0.91,,
2017-05-24,112.02,244.004,2.13011000365963,0.91,,
2017-05-25,111.7,244.004,2.13011000365963,0.91,,
2017-05-26,111.3,244.004,2.13011000365963,0.91,,
2017-05-29,,244.004,2.13011000365963,0.91,,
2017-05-30,110.68,244.004,2.13011000365963,0.91,,
2017-05-31,110.71,244.004,2.13011000365963,0.83,,
2017-06-01,111.24,244.163,2.13011000365963,0.91,,
2017-06-02,110.49,244.163,2.13011000365963,0.91,,
2017-06-05,110.49,244.163,2.13011000365963,0.91,,
2017-06-06,109.34,244.163,2.13011000365963,0.91,,
2017-06-07,109.54,244.163,2.13011000365963,0.91,,
2017-06-08,110.1,244.163,2.13011000365963,0.91,,
2017-06-09,110.61,244.163,2.13011000365963,0.91,,
2017-06-12,109.72,244.163,2.13011000365963,0.91,,
2017-06-13,110.12,244.163,2.13011000365963,0.91,,
2017-06-14,109.16,244.163,2.13011000365963,0.91,,
2017-06-15,110.66,244.163,2.13011000365963,1.16,,
2017-06-16,110.84,244.163,2.13011000365963,1.16,,
2017-06-19,111.34,244.163,2.13011000365963,1.16,,
2017-06-20,111.46,244.163,2.13011000365963,1.16,,
2017-06-21,111.58,244.163,2.13011000365963,1.16,,
2017-06-22,111.36,244.163,2.13011000365963,1.16,,
2017-06-23,111.26,244.163,2.13011000365963,1.16,,
2017-06-26,111.48,244.163,2.13011000365963,1.16,,
2017-06-27,112.42,244.163,2.13011000365963,1.16,,
2017-06-28,112.18,244.163,2.13011000365963,1.16,,
2017-06-29,112.32,244.163,2.13011000365963,1.16,,
2017-06-30,112.4,244.163,2.13011000365963,1.06,,
2017-07-03,113.32,244.243,2.13011000365963,1.16,55413.0,103.4915
2017-07-04,,244.243,2.13011000365963,1.16,55413.0,103.4915
2017-07-05,113.2,244.243,2.13011000365963,1.16,55413.0,103.4915
2017-07-06,113.28,244.243,2.13011000365963,1.16,55413.0,103.4915
2017-07-07,114.1,244.243,2.13011000365963,1.16,55413.0,103.4915
2017-07-10,114.08,244.243,2.13011000365963,1.16,55413.0,103.4915
2017-07-11,114.2,244.243,2.13011000365963,1.16,55413.0,103.4915
2017-07-12,113.19,244.243,2.13011000365963,1.16,55413.0,103.4915
2017-07-13,113.39,244.243,2.13011000365963,1.16,55413.0,103.4915
2017-07-14,112.66,244.243,2.13011000365963,1.16,55413.0,103.4915
2017-07-17,112.76,244.243,2.13011000365963,1.16,55413.0,103.4915
2017-07-18,111.89,244.243,2.13011000365963,1.16,55413.0,103.4915
2017-07-19,111.77,244.243,2.13011000365963,1.16,55413.0,103.4915
2017-07-20,111.68,244.243,2.13011000365963,1.16,55413.0,103.4915
2017-07-21,111.18,244.243,2.13011000365963,1.16,55413.0,103.4915
2017-07-24,111.1,244.243,2.13011000365963,1.16,55413.0,103.4915
2017-07-25,111.57,244.243,2.13011000365963,1.16,55413.0,103.4915
2017-07-26,112.1,244.243,2.13011000365963,1.16,55413.0,103.4915
2017-07-27,111.62,244.243,2.13011000365963,1.16,55413.0,103.4915
2017-07-28,110.87,244.243,2.13011000365963,1.16,55413.0,103.4915
2017-07-31,110.38,244.243,2.13011000365963,1.07,55413.0,103.4915
2017-08-01,110.33,245.183,2.13011000365963,1.16,,
2017-08-02,110.43,245.183,2.13011000365963,1.16,,
2017-08-03,110.12,245.183,2.13011000365963,1.16,,
2017-08-04,110.76,245.183,2.13011000365963,1.16,,
2017-08-07,110.76,245.183,2.13011000365963,1.16,,
2017-08-08,110.74,245.183,2.13011000365963,1.16,,
2017-08-09,110.04,245.183,2.13011000365963,1.16,,
2017-08-10,109.37,245.183,2.13011000365963,1.16,,
2017-08-11,109.06,245.183,2.13011000365963,1.16,,
2017-08-14,109.48,245.183,2.13011000365963,1.16,,
2017-08-15,110.42,245.183,2.13011000365963,1.16,,
2017-08-16,110.8,245.183,2.13011000365963,1.16,,
2017-08-17,109.88,245.183,2.13011000365963,1.16,,
2017-08-18,109.32,245.183,2.13011000365963,1.16,,
2017-08-21,108.89,245.183,2.13011000365963,1.16,,
2017-08-22,109.4,245.183,2.13011000365963,1.16,,
2017-08-23,109.14,245.183,2.13011000365963,1.16,,
2017-08-24,109.34,245.183,2.13011000365963,1.16,,
2017-08-25,109.24,245.183,2.13011000365963,1.16,,
2017-08-28,109.22,245.183,2.13011000365963,1.16,,
2017-08-29,109.02,245.183,2.13011000365963,1.16,,
2017-08-30,110.2,245.183,2.13011000365963,1.16,,
2017-08-31,110.06,245.183,2.13011000365963,1.07,,
2017-09-01,110.09,246.435,2.13011000365963,1.16,,
2017-09-04,,246.435,2.13011000365963,1.16,,
2017-09-05,108.94,246.435,2.13011000365963,1.16,,
2017-09-06,108.75,246.435,2.13011000365963,1.16,,
2017-09-07,108.26,246.435,2.13011000365963,1.16,,
2017-09-08,107.72,246.435,2.13011000365963,1.16,,
2017-09-11,109.03,246.435,2.13011000365963,1.16,,
2017-09-12,110.01,246.435,2.13011000365963,1.16,,
2017-09-13,110.58,246.435,2.13011000365963,1.16,,
2017-09-14,110.66,246.435,2.13011000365963,1.16,,
2017-09-15,110.84,246.435,2.13011000365963,1.16,,
2017-09-18,111.48,246.435,2.13011000365963,1.16,,
2017-09-19,111.49,246.435,2.13011000365963,1.16,,
2017-09-20,111.5,246.435,2.13011000365963,1.16,,
2017-09-21,112.3,246.435,2.13011000365963,1.16,,
2017-09-22,112.01,246.435,2.13011000365963,1.16,,
2017-09-25,111.64,246.435,2.13011000365963,1.16,,
2017-09-26,112.16,246.435,2.13011000365963,1.16,,
2017-09-27,112.76,246.435,2.13011000365963,1.16,,
2017-09-28,112.66,246.435,2.13011000365963,1.16,,
2017-09-29,112.64,246.435,2.13011000365963,1.06,,
2017-10-02,112.6,246.626,2.13011000365963,1.16,55877.0,103.0058
2017-10-03,112.8,246.626,2.13011000365963,1.16,55877.0,103.0058
2017-10-04,112.84,246.626,2.13011000365963,1.16,55877.0,103.0058
2017-10-05,112.74,246.626,2.13011000365963,1.16,55877.0,103.0058
2017-10-06,112.68,246.626,2.13011000365963,1.16,55877.0,103.0058
2017-10-09,,246.626,2.13011000365963,1.16,55877.0,103.0058
2017-10-10,112.15,246.626,2.13011000365963,1.16,55877.0,103.0058
2017-10-11,112.35,246.626,2.13011000365963,1.16,55877.0,103.0058
2017-10-12,112.38,246.626,2.13011000365963,1.16,55877.0,103.0058
2017-10-13,111.94,246.626,2.13011000365963,1.16,55877.0,103.0058
2017-10-16,111.72,246.626,2.13011000365963,1.16,55877.0,103.0058
2017-10-17,112.32,246.626,2.13011000365963,1.16,55877.0,103.0058
2017-10-18,112.94,246.626,2.13011000365963,1.16,55877.0,103.0058
2017-10-19,112.54,246.626,2.13011000365963,1.16,55877.0,103.0058
2017-10-20,113.5,246.626,2.13011000365963,1.16,55877.0,103.0058
2017-10-23,113.66,246.626,2.13011000365963,1.16,55877.0,103.0058
2017-10-24,113.92,246.626,2.13011000365963,1.16,55877.0,103.0058
2017-10-25,113.7,246.626,2.13011000365963,1.16,55877.0,103.0058
2017-10-26,113.72,246.626,2.13011000365963,1.16,55877.0,103.0058
2017-10-27,113.82,246.626,2.13011000365963,1.16,55877.0,103.0058
2017-10-30,113.26,246.626,2.13011000365963,1.16,55877.0,103.0058
2017-10-31,113.63,246.626,2.13011000365963,1.07,55877.0,103.0058
2017-11-01,114.04,247.284,2.13011000365963,1.16,,
2017-11-02,113.84,247.284,2.13011000365963,1.16,,
2017-11-03,114.25,247.284,2.13011000365963,1.16,,
2017-11-06,113.9,247.284,2.13011000365963,1.16,,
2017-11-07,113.9,247.284,2.13011000365963,1.16,,
2017-11-08,113.62,247.284,2.13011000365963,1.16,,
2017-11-09,113.4,247.284,2.13011000365963,1.16,,
2017-11-10,,247.284,2.13011000365963,1.16,,
2017-11-13,113.62,247.284,2.13011000365963,1.16,,
2017-11-14,113.5,247.284,2.13011000365963,1.16,,
2017-11-15,113.15,247.284,2.13011000365963,1.16,,
2017-11-16,112.89,247.284,2.13011000365963,1.16,,
2017-11-17,111.98,247.284,2.13011000365963,1.16,,
2017-11-20,112.49,247.284,2.13011000365963,1.16,,
2017-11-21,112.46,247.284,2.13011000365963,1.16,,
2017-11-22,111.62,247.284,2.13011000365963,1.16,,
2017-11-23,,247.284,2.13011000365963,1.16,,
2017-11-24,111.54,247.284,2.13011000365963,1.16,,
2017-11-27,111.0,247.284,2.13011000365963,1.16,,
2017-11-28,111.13,247.284,2.13011000365963,1.16,,
2017-11-29,111.75,247.284,2.13011000365963,1.16,,
2017-11-30,112.3,247.284,2.13011000365963,1.07,,
2017-12-01,111.88,247.805,2.13011000365963,1.16,,
2017-12-04,112.8,247.805,2.13011000365963,1.16,,
2017-12-05,112.76,247.805,2.13011000365963,1.16,,
2017-12-06,112.32,247.805,2.13011000365963,1.16,,
2017-12-07,112.7,247.805,2.13011000365963,1.16,,
2017-12-08,113.55,247.805,2.13011000365963,1.16,,
2017-12-11,113.34,247.805,2.13011000365963,1.16,,
2017-12-12,113.62,247.805,2.13011000365963,1.17,,
2017-12-13,113.19,247.805,2.13011000365963,1.17,,
2017-12-14,112.56,247.805,2.13011000365963,1.41,,
2017-12-15,112.68,247.805,2.13011000365963,1.41,,
2017-12-18,112.4,247.805,2.13011000365963,1.42,,
2017-12-19,112.98,247.805,2.13011000365963,1.42,,
2017-12-20,113.29,247.805,2.13011000365963,1.42,,
2017-12-21,113.42,247.805,2.13011000365963,1.42,,
2017-12-22,113.3,247.805,2.13011000365963,1.42,,
2017-12-25,,247.805,2.13011000365963,1.42,,
2017-12-26,113.2,247.805,2.13011000365963,1.42,,
2017-12-27,113.28,247.805,2.13011000365963,1.42,,
2017-12-28,112.85,247.805,2.13011000365963,1.42,,
2017-12-29,112.69,247.805,2.13011000365963,1.33,,
2018-01-01,,248.859,2.44258329692818,1.33,56195.0,104.63475
2018-01-02,112.18,248.859,2.44258329692818,1.42,56195.0,104.63475
2018-01-03,112.28,248.859,2.44258329692818,1.42,56195.0,104.63475
2018-01-04,112.78,248.859,2.44258329692818,1.42,56195.0,104.63475
2018-01-05,113.18,248.859,2.44258329692818,1.42,56195.0,104.63475
2018-01-08,113.08,248.859,2.44258329692818,1.42,56195.0,104.63475
2018-01-09,112.57,248.859,2.44258329692818,1.42,56195.0,104.63475
2018-01-10,111.48,248.859,2.44258329692818,1.42,56195.0,104.63475
2018-01-11,111.35,248.859,2.44258329692818,1.42,56195.0,104.63475
2018-01-12,111.23,248.859,2.44258329692818,1.42,56195.0,104.63475
2018-01-15,,248.859,2.44258329692818,1.42,56195.0,104.63475
2018-01-16,110.74,248.859,2.44258329692818,1.42,56195.0,104.63475
2018-01-17,110.81,248.859,2.44258329692818,1.42,56195.0,104.63475
2018-01-18,110.88,248.859,2.44258329692818,1.42,56195.0,104.63475
2018-01-19,110.56,248.859,2.44258329692818,1.42,56195.0,104.63475
2018-01-22,111.15,248.859,2.44258329692818,1.42,56195.0,104.63475
2018-01-23,110.46,248.859,2.44258329692818,1.42,56195.0,104.63475
2018-01-24,109.15,248.859,2.44258329692818,1.42,56195.0,104.63475
2018-01-25,108.7,248.859,2.44258329692818,1.42,56195.0,104.63475
2018-01-26,108.38,248.859,2.44258329692818,1.42,56195.0,104.63475
2018-01-29,109.12,248.859,2.44258329692818,1.42,56195.0,104.63475
2018-01-30,108.9,248.859,2.44258329692818,1.42,56195.0,104.63475
2018-01-31,109.31,248.859,2.44258329692818,1.34,56195.0,104.63475
2018-02-01,109.5,249.529,2.44258329692818,1.42,,
2018-02-02,110.4,249.529,2.44258329692818,1.42,,
2018-02-05,110.09,249.529,2.44258329692818,1.42,,
2018-02-06,109.18,249.529,2.44258329692818,1.42,,
2018-02-07,109.53,249.529,2.44258329692818,1.42,,
2018-02-08,109.0,249.529,2.44258329692818,1.42,,
2018-02-09,108.44,249.529,2.44258329692818,1.42,,
2018-02-12,108.72,249.529,2.44258329692818,1.42,,
2018-02-13,107.59,249.529,2.44258329692818,1.42,,
2018-02-14,107.0,249.529,2.44258329692818,1.42,,
2018-02-15,106.36,249.529,2.44258329692818,1.42,,
2018-02-16,106.1,249.529,2.44258329692818,1.42,,
2018-02-19,,249.529,2.44258329692818,1.42,,
2018-02-20,107.23,249.529,2.44258329692818,1.42,,
2018-02-21,107.64,249.529,2.44258329692818,1.42,,
2018-02-22,106.96,249.529,2.44258329692818,1.42,,
2018-02-23,106.64,249.529,2.44258329692818,1.42,,
2018-02-26,106.96,249.529,2.44258329692818,1.42,,
2018-02-27,107.47,249.529,2.44258329692818,1.42,,
2018-02-28,106.62,249.529,2.44258329692818,1.35,,
2018-03-01,106.91,249.577,2.44258329692818,1.42,,
2018-03-02,105.65,249.577,2.44258329692818,1.42,,
2018-03-05,105.97,249.577,2.44258329692818,1.42,,
2018-03-06,106.03,249.577,2.44258329692818,1.42,,
2018-03-07,105.94,249.577,2.44258329692818,1.42,,
2018-03-08,106.08,249.577,2.44258329692818,1.42,,
2018-03-09,106.74,249.577,2.44258329692818,1.42,,
2018-03-12,106.52,249.577,2.44258329692818,1.42,,
2018-03-13,106.64,249.577,2.44258329692818,1.42,,
2018-03-14,106.17,249.577,2.44258329692818,1.42,,
2018-03-15,106.07,249.577,2.44258329692818,1.43,,
2018-03-16,106.1,249.577,2.44258329692818,1.43,,
2018-03-19,105.83,249.577,2.44258329692818,1.43,,
2018-03-20,106.42,249.577,2.44258329692818,1.44,,
2018-03-21,106.3,249.577,2.44258329692818,1.44,,
2018-03-22,105.34,249.577,2.44258329692818,1.68,,
2018-03-23,104.83,249.577,2.44258329692818,1.68,,
2018-03-26,105.0,249.577,2.44258329692818,1.68,,
2018-03-27,105.72,249.577,2.44258329692818,1.68,,
2018-03-28,106.3,249.577,2.44258329692818,1.68,,
2018-03-29,106.27,249.577,2.44258329692818,1.68,,
2018-03-30,106.2,249.577,2.44258329692818,1.67,,
2018-04-02,105.99,250.227,2.44258329692818,1.68,56512.0,103.54111
2018-04-03,106.45,250.227,2.44258329692818,1.69,56512.0,103.54111
2018-04-04,106.56,250.227,2.44258329692818,1.69,56512.0,103.54111
2018-04-05,107.48,250.227,2.44258329692818,1.69,56512.0,103.54111
2018-04-06,107.03,250.227,2.44258329692818,1.69,56512.0,103.54111
2018-04-09,107.06,250.227,2.44258329692818,1.69,56512.0,103.54111
2018-04-10,107.3,250.227,2.44258329692818,1.69,56512.0,103.54111
2018-04-11,106.78,250.227,2.44258329692818,1.69,56512.0,103.54111
2018-04-12,107.3,250.227,2.44258329692818,1.69,56512.0,103.54111
2018-04-13,107.52,250.227,2.44258329692818,1.69,56512.0,103.54111
2018-04-16,107.26,250.227,2.44258329692818,1.69,56512.0,103.54111
2018-04-17,107.09,250.227,2.44258329692818,1.69,56512.0,103.54111
2018-04-18,107.26,250.227,2.44258329692818,1.69,56512.0,103.54111
2018-04-19,107.42,250.227,2.44258329692818,1.69,56512.0,103.54111
2018-04-20,107.6,250.227,2.44258329692818,1.7,56512.0,103.54111
2018-04-23,108.62,250.227,2.44258329692818,1.7,56512.0,103.54111
2018-04-24,109.03,250.227,2.44258329692818,1.7,56512.0,103.54111
2018-04-25,109.33,250.227,2.44258329692818,1.7,56512.0,103.54111
2018-04-26,109.3,250.227,2.44258329692818,1.7,56512.0,103.54111
2018-04-27,109.12,250.227,2.44258329692818,1.7,56512.0,103.54111
2018-04-30,109.28,250.227,2.44258329692818,1.69,56512.0,103.54111
2018-05-01,109.69,250.792,2.44258329692818,1.7,,
2018-05-02,109.89,250.792,2.44258329692818,1.7,,
2018-05-03,109.06,250.792,2.44258329692818,1.7,,
2018-05-04,109.16,250.792,2.44258329692818,1.7,,
2018-05-07,109.14,250.792,2.44258329692818,1.7,,
2018-05-08,109.16,250.792,2.44258329692818,1.7,,
2018-05-09,109.68,250.792,2.44258329692818,1.7,,
2018-05-10,109.53,250.792,2.44258329692818,1.7,,
2018-05-11,109.26,250.792,2.44258329692818,1.7,,
2018-05-14,109.52,250.792,2.44258329692818,1.7,,
2018-05-15,110.25,250.792,2.44258329692818,1.7,,
2018-05-16,110.22,250.792,2.44258329692818,1.7,,
2018-05-17,110.76,250.792,2.44258329692818,1.7,,
2018-05-18,110.71,250.792,2.44258329692818,1.7,,
2018-05-21,111.08,250.792,2.44258329692818,1.7,,
2018-05-22,110.94,250.792,2.44258329692818,1.7,,
2018-05-23,110.05,250.792,2.44258329692818,1.7,,
2018-05-24,109.3,250.792,2.44258329692818,1.7,,
2018-05-25,109.35,250.792,2.44258329692818,1.7,,
2018-05-28,,250.792,2.44258329692818,1.7,,
2018-05-29,108.62,250.792,2.44258329692818,1.7,,
2018-05-30,109.04,250.792,2.44258329692818,1.7,,
2018-05-31,108.73,250.792,2.44258329692818,1.7,,
2018-06-01,109.49,251.018,2.44258329692818,1.7,,
2018-06-04,109.66,251.018,2.44258329692818,1.7,,
2018-06-05,109.63,251.018,2.44258329692818,1.7,,
2018-06-06,110.0,251.018,2.44258329692818,1.7,,
2018-06-07,109.92,251.018,2.44258329692818,1.7,,
2018-06-08,109.45,251.018,2.44258329692818,1.7,,
2018-06-11,109.94,251.018,2.44258329692818,1.7,,
2018-06-12,110.22,251.018,2.44258329692818,1.7,,
2018-06-13,110.41,251.018,2.44258329692818,1.7,,
2018-06-14,110.44,251.018,2.44258329692818,1.9,,
2018-06-15,110.58,251.018,2.44258329692818,1.9,,
2018-06-18,110.44,251.018,2.44258329692818,1.9,,
2018-06-19,110.02,251.018,2.44258329692818,1.91,,
2018-06-20,110.14,251.018,2.44258329692818,1.92,,
2018-06-21,110.05,251.018,2.44258329692818,1.92,,
2018-06-22,109.98,251.018,2.44258329692818,1.92,,
2018-06-25,109.62,251.018,2.44258329692818,1.92,,
2018-06-26,109.92,251.018,2.44258329692818,1.92,,
2018-06-27,110.34,251.018,2.44258329692818,1.91,,
2018-06-28,110.38,251.018,2.44258329692818,1.91,,
2018-06-29,110.71,251.018,2.44258329692818,1.91,,
2018-07-02,110.73,251.214,2.44258329692818,1.91,56831.0,104.00623
2018-07-03,110.54,251.214,2.44258329692818,1.91,56831.0,104.00623
2018-07-04,,251.214,2.44258329692818,1.91,56831.0,104.00623
2018-07-05,110.59,251.214,2.44258329692818,1.91,56831.0,104.00623
2018-07-06,110.48,251.214,2.44258329692818,1.91,56831.0,104.00623
2018-07-09,110.78,251.214,2.44258329692818,1.91,56831.0,104.00623
2018-07-10,111.24,251.214,2.44258329692818,1.91,56831.0,104.00623
2018-07-11,111.52,251.214,2.44258329692818,1.91,56831.0,104.00623
2018-07-12,112.41,251.214,2.44258329692818,1.91,56831.0,104.00623
2018-07-13,112.38,251.214,2.44258329692818,1.91,56831.0,104.00623
2018-07-16,112.29,251.214,2.44258329692818,1.91,56831.0,104.00623
2018-07-17,112.79,251.214,2.44258329692818,1.91,56831.0,104.00623
2018-07-18,112.82,251.214,2.44258329692818,1.91,56831.0,104.00623
2018-07-19,112.98,251.214,2.44258329692818,1.91,56831.0,104.00623
2018-07-20,111.74,251.214,2.44258329692818,1.91,56831.0,104.00623
2018-07-23,111.36,251.214,2.44258329692818,1.91,56831.0,104.00623
2018-07-24,111.27,251.214,2.44258329692818,1.91,56831.0,104.00623
2018-07-25,111.02,251.214,2.44258329692818,1.91,56831.0,104.00623
2018-07-26,111.2,251.214,2.44258329692818,1.91,56831.0,104.00623
2018-07-27,110.94,251.214,2.44258329692818,1.91,56831.0,104.00623
2018-07-30,110.98,251.214,2.44258329692818,1.91,56831.0,104.00623
2018-07-31,111.88,251.214,2.44258329692818,1.91,56831.0,104.00623
2018-08-01,111.72,251.663,2.44258329692818,1.91,,
2018-08-02,111.48,251.663,2.44258329692818,1.91,,
2018-08-03,111.12,251.663,2.44258329692818,1.91,,
2018-08-06,111.43,251.663,2.44258329692818,1.91,,
2018-08-07,111.19,251.663,2.44258329692818,1.91,,
2018-08-08,110.96,251.663,2.44258329692818,1.91,,
2018-08-09,110.9,251.663,2.44258329692818,1.91,,
2018-08-10,110.66,251.663,2.44258329692818,1.91,,
2018-08-13,110.65,251.663,2.44258329692818,1.91,,
2018-08-14,110.92,251.663,2.44258329692818,1.91,,
2018-08-15,110.62,251.663,2.44258329692818,1.91,,
2018-08-16,110.89,251.663,2.44258329692818,1.92,,
2018-08-17,110.54,251.663,2.44258329692818,1.92,,
2018-08-20,110.38,251.663,2.44258329692818,1.92,,
2018-08-21,110.48,251.663,2.44258329692818,1.92,,
2018-08-22,110.54,251.663,2.44258329692818,1.92,,
2018-08-23,111.14,251.663,2.44258329692818,1.92,,
2018-08-24,111.22,251.663,2.44258329692818,1.92,,
2018-08-27,111.09,251.663,2.44258329692818,1.92,,
2018-08-28,111.04,251.663,2.44258329692818,1.92,,
2018-08-29,111.8,251.663,2.44258329692818,1.92,,
2018-08-30,111.17,251.663,2.44258329692818,1.92,,
2018-08-31,110.98,251.663,2.44258329692818,1.91,,
2018-09-03,,252.182,2.44258329692818,1.91,,
2018-09-04,111.44,252.182,2.44258329692818,1.92,,
2018-09-05,111.47,252.182,2.44258329692818,1.92,,
2018-09-06,110.87,252.182,2.44258329692818,1.92,,
2018-09-07,111.18,252.182,2.44258329692818,1.92,,
2018-09-10,111.09,252.182,2.44258329692818,1.92,,
2018-09-11,111.54,252.182,2.44258329692818,1.92,,
2018-09-12,111.29,252.182,2.44258329692818,1.92,,
2018-09-13,111.92,252.182,2.44258329692818,1.92,,
2018-09-14,112.09,252.182,2.44258329692818,1.92,,
2018-09-17,111.97,252.182,2.44258329692818,1.92,,
2018-09-18,112.3,252.182,2.44258329692818,1.92,,
2018-09-19,112.21,252.182,2.44258329692818,1.92,,
2018-09-20,112.58,252.182,2.44258329692818,1.92,,
2018-09-21,112.62,252.182,2.44258329692818,1.92,,
2018-09-24,112.62,252.182,2.44258329692818,1.93,,
2018-09-25,112.88,252.182,2.44258329692818,1.93,,
2018-09-26,112.92,252.182,2.44258329692818,1.93,,
2018-09-27,113.38,252.182,2.44258329692818,2.18,,
2018-09-28,113.48,252.182,2.44258329692818,2.18,,
2018-10-01,113.96,252.772,2.44258329692818,2.18,56851.0,105.54691
2018-10-02,113.66,252.772,2.44258329692818,2.18,56851.0,105.54691
2018-10-03,114.19,252.772,2.44258329692818,2.18,56851.0,105.54691
2018-10-04,113.79,252.772,2.44258329692818,2.18,56851.0,105.54691
2018-10-05,113.56,252.772,2.44258329692818,2.18,56851.0,105.54691
2018-10-08,,252.772,2.44258329692818,2.18,56851.0,105.54691
2018-10-09,113.13,252.772,2.44258329692818,2.18,56851.0,105.54691
2018-10-10,112.71,252.772,2.44258329692818,2.18,56851.0,105.54691
2018-10-11,112.26,252.772,2.44258329692818,2.18,56851.0,105.54691
2018-10-12,112.02,252.772,2.44258329692818,2.18,56851.0,105.54691
2018-10-15,111.82,252.772,2.44258329692818,2.18,56851.0,105.54691
2018-10-16,112.16,252.772,2.44258329692818,2.18,56851.0,105.54691
2018-10-17,112.21,252.772,2.44258329692818,2.19,56851.0,105.54691
2018-10-18,112.11,252.772,2.44258329692818,2.19,56851.0,105.54691
2018-10-19,112.52,252.772,2.44258329692818,2.19,56851.0,105.54691
2018-10-22,112.78,252.772,2.44258329692818,2.19,56851.0,105.54691
2018-10-23,112.12,252.772,2.44258329692818,2.2,56851.0,105.54691
2018-10-24,112.58,252.772,2.44258329692818,2.2,56851.0,105.54691
2018-10-25,112.54,252.772,2.44258329692818,2.2,56851.0,105.54691
2018-10-26,111.65,252.772,2.44258329692818,2.2,56851.0,105.54691
2018-10-29,112.49,252.772,2.44258329692818,2.2,56851.0,105.54691
2018-10-30,112.76,252.772,2.44258329692818,2.2,56851.0,105.54691
2018-10-31,112.86,252.772,2.44258329692818,2.2,56851.0,105.54691
2018-11-01,112.79,252.594,2.44258329692818,2.2,,
2018-11-02,113.09,252.594,2.44258329692818,2.19,,
2018-11-05,113.22,252.594,2.44258329692818,2.2,,
2018-11-06,113.38,252.594,2.44258329692818,2.2,,
2018-11-07,113.32,252.594,2.44258329692818,2.2,,
2018-11-08,113.87,252.594,2.44258329692818,2.2,,
2018-11-09,113.77,252.594,2.44258329692818,2.19,,
2018-11-12,,252.594,2.44258329692818,2.19,,
2018-11-13,113.97,252.594,2.44258329692818,2.2,,
2018-11-14,113.7,252.594,2.44258329692818,2.2,,
2018-11-15,113.46,252.594,2.44258329692818,2.2,,
2018-11-16,112.76,252.594,2.44258329692818,2.2,,
2018-11-19,112.54,252.594,2.44258329692818,2.2,,
2018-11-20,112.66,252.594,2.44258329692818,2.2,,
2018-11-21,113.06,252.594,2.44258329692818,2.2,,
2018-11-22,,252.594,2.44258329692818,2.2,,
2018-11-23,112.83,252.594,2.44258329692818,2.2,,
2018-11-26,113.58,252.594,2.44258329692818,2.2,,
2018-11-27,113.84,252.594,2.44258329692818,2.2,,
2018-11-28,113.96,252.594,2.44258329692818,2.2,,
2018-11-29,113.42,252.594,2.44258329692818,2.2,,
2018-11-30,113.54,252.594,2.44258329692818,2.2,,
2018-12-03,113.54,252.767,2.44258329692818,2.19,,
2018-12-04,112.93,252.767,2.44258329692818,2.2,,
2018-12-05,,252.767,2.44258329692818,2.2,,
2018-12-06,112.46,252.767,2.44258329692818,2.2,,
2018-12-07,112.6,252.767,2.44258329692818,2.19,,
2018-12-10,112.96,252.767,2.44258329692818,2.2,,
2018-12-11,113.41,252.767,2.44258329692818,2.19,,
2018-12-12,113.28,252.767,2.44258329692818,2.19,,
2018-12-13,113.66,252.767,2.44258329692818,2.19,,
2018-12-14,113.35,252.767,2.44258329692818,2.19,,
2018-12-17,112.96,252.767,2.44258329692818,2.2,,
2018-12-18,112.54,252.767,2.44258329692818,2.2,,
2018-12-19,112.15,252.767,2.44258329692818,2.2,,
2018-12-20,111.34,252.767,2.44258329692818,2.4,,
2018-12-21,111.14,252.767,2.44258329692818,2.4,,
2018-12-24,,252.767,2.44258329692818,2.4,,
2018-12-25,,252.767,2.44258329692818,2.4,,
2018-12-26,110.45,252.767,2.44258329692818,2.4,,
2018-12-27,110.78,252.767,2.44258329692818,2.4,,
2018-12-28,110.34,252.767,2.44258329692818,2.4,,
2018-12-31,109.7,252.767,2.44258329692818,2.4,,
2019-01-01,,252.718,1.81221007526015,2.4,57100.0,104.82935
2019-01-02,109.22,252.718,1.81221007526015,2.4,57100.0,104.82935
2019-01-03,108.07,252.718,1.81221007526015,2.4,57100.0,104.82935
2019-01-04,108.29,252.718,1.81221007526015,2.4,57100.0,104.82935
2019-01-07,108.62,252.718,1.81221007526015,2.4,57100.0,104.82935
2019-01-08,108.57,252.718,1.81221007526015,2.4,57100.0,104.82935
2019-01-09,108.38,252.718,1.81221007526015,2.4,57100.0,104.82935
2019-01-10,108.29,252.718,1.81221007526015,2.4,57100.0,104.82935
2019-01-11,108.34,252.718,1.81221007526015,2.4,57100.0,104.82935
2019-01-14,,252.718,1.81221007526015,2.4,57100.0,104.82935
2019-01-15,108.72,252.718,1.81221007526015,2.4,57100.0,104.82935
2019-01-16,108.84,252.718,1.81221007526015,2.4,57100.0,104.82935
2019-01-17,109.01,252.718,1.81221007526015,2.4,57100.0,104.82935
2019-01-18,109.79,252.718,1.81221007526015,2.4,57100.0,104.82935
2019-01-21,,252.718,1.81221007526015,2.4,57100.0,104.82935
2019-01-22,109.34,252.718,1.81221007526015,2.4,57100.0,104.82935
2019-01-23,109.44,252.718,1.81221007526015,2.4,57100.0,104.82935
2019-01-24,109.72,252.718,1.81221007526015,2.4,57100.0,104.82935
2019-01-25,109.6,252.718,1.81221007526015,2.4,57100.0,104.82935
2019-01-28,109.2,252.718,1.81221007526015,2.4,57100.0,104.82935
2019-01-29,109.36,252.718,1.81221007526015,2.4,57100.0,104.82935
2019-01-30,109.57,252.718,1.81221007526015,2.4,57100.0,104.82935
2019-01-31,108.84,252.718,1.81221007526015,2.4,57100.0,104.82935
2019-02-01,109.55,253.322,1.81221007526015,2.4,,
2019-02-04,109.96,253.322,1.81221007526015,2.4,,
2019-02-05,109.99,253.322,1.81221007526015,2.4,,
2019-02-06,109.75,253.322,1.81221007526015,2.4,,
2019-02-07,109.7,253.322,1.81221007526015,2.4,,
2019-02-08,109.76,253.322,1.81221007526015,2.4,,
2019-02-11,110.4,253.322,1.81221007526015,2.4,,
2019-02-12,110.5,253.322,1.81221007526015,2.4,,
2019-02-13,110.86,253.322,1.81221007526015,2.4,,
2019-02-14,110.68,253.322,1.81221007526015,2.4,,
2019-02-15,110.54,253.322,1.81221007526015,2.4,,
2019-02-18,,253.322,1.81221007526015,2.4,,
2019-02-19,110.68,253.322,1.81221007526015,2.4,,
2019-02-20,,253.322,1.81221007526015,2.4,,
2019-02-21,110.72,253.322,1.81221007526015,2.4,,
2019-02-22,110.7,253.322,1.81221007526015,2.4,,
2019-02-25,111.07,253.322,1.81221007526015,2.4,,
2019-02-26,110.76,253.322,1.81221007526015,2.4,,
2019-02-27,110.92,253.322,1.81221007526015,2.4,,
2019-02-28,111.38,253.322,1.81221007526015,2.4,,
2019-03-01,111.89,254.202,1.81221007526015,2.4,,
2019-03-04,111.68,254.202,1.81221007526015,2.4,,
2019-03-05,111.98,254.202,1.81221007526015,2.4,,
2019-03-06,111.66,254.202,1.81221007526015,2.4,,
2019-03-07,111.6,254.202,1.81221007526015,2.4,,
2019-03-08,111.11,254.202,1.81221007526015,2.4,,
2019-03-11,111.21,254.202,1.81221007526015,2.4,,
2019-03-12,111.38,254.202,1.81221007526015,2.4,,
2019-03-13,111.23,254.202,1.81221007526015,2.4,,
2019-03-14,111.71,254.202,1.81221007526015,2.4,,
2019-03-15,111.57,254.202,1.81221007526015,2.4,,
2019-03-18,111.41,254.202,1.81221007526015,2.4,,
2019-03-19,111.38,254.202,1.81221007526015,2.4,,
2019-03-20,111.41,254.202,1.81221007526015,2.41,,
2019-03-21,110.86,254.202,1.81221007526015,2.41,,
2019-03-22,109.76,254.202,1.81221007526015,2.41,,
2019-03-25,110.09,254.202,1.81221007526015,2.4,,
2019-03-26,110.5,254.202,1.81221007526015,2.4,,
2019-03-27,110.38,254.202,1.81221007526015,2.41,,
2019-03-28,110.54,254.202,1.81221007526015,2.41,,
2019-03-29,110.68,254.202,1.81221007526015,2.43,,
2019-04-01,111.29,255.211,1.81221007526015,2.41,57418.0,103.52961
2019-04-02,111.32,255.211,1.81221007526015,2.41,57418.0,103.52961
2019-04-03,111.48,255.211,1.81221007526015,2.41,57418.0,103.52961
2019-04-04,111.55,255.211,1.81221007526015,2.41,57418.0,103.52961
2019-04-05,111.71,255.211,1.81221007526015,2.41,57418.0,103.52961
2019-04-08,111.47,255.211,1.81221007526015,2.41,57418.0,103.52961
2019-04-09,111.08,255.211,1.81221007526015,2.41,57418.0,103.52961
2019-04-10,110.92,255.211,1.81221007526015,2.41,57418.0,103.52961
2019-04-11,111.48,255.211,1.81221007526015,2.41,57418.0,103.52961
2019-04-12,112.0,255.211,1.81221007526015,2.41,57418.0,103.52961
2019-04-15,112.0,255.211,1.81221007526015,2.41,57418.0,103.52961
2019-04-16,111.95,255.211,1.81221007526015,2.41,57418.0,103.52961
2019-04-17,112.0,255.211,1.81221007526015,2.42,57418.0,103.52961
2019-04-18,111.94,255.211,1.81221007526015,2.43,57418.0,103.52961
2019-04-19,111.92,255.211,1.81221007526015,2.44,57418.0,103.52961
2019-04-22,111.94,255.211,1.81221007526015,2.44,57418.0,103.52961
2019-04-23,111.86,255.211,1.81221007526015,2.44,57418.0,103.52961
2019-04-24,111.81,255.211,1.81221007526015,2.44,57418.0,103.52961
2019-04-25,111.59,255.211,1.81221007526015,2.44,57418.0,103.52961
2019-04-26,111.6,255.211,1.81221007526015,2.44,57418.0,103.52961
2019-04-29,111.8,255.211,1.81221007526015,2.45,57418.0,103.52961
2019-04-30,111.4,255.211,1.81221007526015,2.45,57418.0,103.52961
2019-05-01,111.18,255.29,1.81221007526015,2.45,,
2019-05-02,111.39,255.29,1.81221007526015,2.41,,
2019-05-03,111.28,255.29,1.81221007526015,2.4,,
2019-05-06,110.86,255.29,1.81221007526015,2.4,,
2019-05-07,110.34,255.29,1.81221007526015,2.4,,
2019-05-08,110.12,255.29,1.81221007526015,2.39,,
2019-05-09,109.55,255.29,1.81221007526015,2.38,,
2019-05-10,109.56,255.29,1.81221007526015,2.38,,
2019-05-13,109.18,255.29,1.81221007526015,2.38,,
2019-05-14,109.68,255.29,1.81221007526015,2.38,,
2019-05-15,109.58,255.29,1.81221007526015,2.4,,
2019-05-16,109.89,255.29,1.81221007526015,2.39,,
2019-05-17,109.9,255.29,1.81221007526015,2.39,,
2019-05-20,109.96,255.29,1.81221007526015,2.39,,
2019-05-21,110.6,255.29,1.81221007526015,2.39,,
2019-05-22,110.28,255.29,1.81221007526015,2.38,,
2019-05-23,109.58,255.29,1.81221007526015,2.38,,
2019-05-24,109.38,255.29,1.81221007526015,2.38,,
2019-05-27,,255.29,1.81221007526015,2.38,,
2019-05-28,109.49,255.29,1.81221007526015,2.39,,
2019-05-29,109.24,255.29,1.81221007526015,2.39,,
2019-05-30,109.67,255.29,1.81221007526015,2.39,,
2019-05-31,108.66,255.29,1.81221007526015,2.4,,
2019-06-03,108.39,255.159,1.81221007526015,2.38,,
2019-06-04,108.3,255.159,1.81221007526015,2.38,,
2019-06-05,108.2,255.159,1.81221007526015,2.38,,
2019-06-06,108.08,255.159,1.81221007526015,2.37,,
2019-06-07,108.15,255.159,1.81221007526015,2.37,,
2019-06-10,108.56,255.159,1.81221007526015,2.37,,
2019-06-11,108.52,255.159,1.81221007526015,2.37,,
2019-06-12,108.42,255.159,1.81221007526015,2.37,,
2019-06-13,108.44,255.159,1.81221007526015,2.37,,
2019-06-14,108.44,255.159,1.81221007526015,2.36,,
2019-06-17,108.56,255.159,1.81221007526015,2.38,,
2019-06-18,108.39,255.159,1.81221007526015,2.37,,
2019-06-19,108.36,255.159,1.81221007526015,2.37,,
2019-06-20,107.52,255.159,1.81221007526015,2.37,,
2019-06-21,107.55,255.159,1.81221007526015,2.38,,
2019-06-24,107.36,255.159,1.81221007526015,2.38,,
2019-06-25,106.92,255.159,1.81221007526015,2.38,,
2019-06-26,107.64,255.159,1.81221007526015,2.38,,
2019-06-27,107.73,255.159,1.81221007526015,2.38,,
2019-06-28,107.84,255.159,1.81221007526015,2.4,,
2019-07-01,108.42,255.685,1.81221007526015,2.39,57845.0,105.51538
2019-07-02,107.98,255.685,1.81221007526015,2.4,57845.0,105.51538
2019-07-03,107.84,255.685,1.81221007526015,2.41,57845.0,105.51538
2019-07-04,,255.685,1.81221007526015,2.41,57845.0,105.51538
2019-07-05,108.55,255.685,1.81221007526015,2.42,57845.0,105.51538
2019-07-08,108.72,255.685,1.81221007526015,2.41,57845.0,105.51538
2019-07-09,108.78,255.685,1.81221007526015,2.41,57845.0,105.51538
2019-07-10,108.44,255.685,1.81221007526015,2.41,57845.0,105.51538
2019-07-11,108.29,255.685,1.81221007526015,2.4,57845.0,105.51538
2019-07-12,108.0,255.685,1.81221007526015,2.38,57845.0,105.51538
2019-07-15,107.89,255.685,1.81221007526015,2.4,57845.0,105.51538
2019-07-16,108.35,255.685,1.81221007526015,2.41,57845.0,105.51538
2019-07-17,108.1,255.685,1.81221007526015,2.41,57845.0,105.51538
2019-07-18,107.74,255.685,1.81221007526015,2.41,57845.0,105.51538
2019-07-19,107.78,255.685,1.81221007526015,2.41,57845.0,105.51538
2019-07-22,107.91,255.685,1.81221007526015,2.4,57845.0,105.51538
2019-07-23,108.06,255.685,1.81221007526015,2.4,57845.0,105.51538
2019-07-24,108.08,255.685,1.81221007526015,2.4,57845.0,105.51538
2019-07-25,108.58,255.685,1.81221007526015,2.4,57845.0,105.51538
2019-07-26,108.69,255.685,1.81221007526015,2.4,57845.0,105.51538
2019-07-29,108.86,255.685,1.81221007526015,2.4,57845.0,105.51538
2019-07-30,108.66,255.685,1.81221007526015,2.39,57845.0,105.51538
2019-07-31,108.58,255.685,1.81221007526015,2.4,57845.0,105.51538
2019-08-01,108.28,256.059,1.81221007526015,2.14,,
2019-08-02,106.64,256.059,1.81221007526015,2.14,,
2019-08-05,106.02,256.059,1.81221007526015,2.13,,
2019-08-06,106.45,256.059,1.81221007526015,2.13,,
2019-08-07,105.62,256.059,1.81221007526015,2.12,,
2019-08-08,106.04,256.059,1.81221007526015,2.12,,
2019-08-09,105.3,256.059,1.81221007526015,2.12,,
2019-08-12,105.38,256.059,1.81221007526015,2.12,,
2019-08-13,106.6,256.059,1.81221007526015,2.12,,
2019-08-14,105.79,256.059,1.81221007526015,2.12,,
2019-08-15,106.12,256.059,1.81221007526015,2.13,,
2019-08-16,106.34,256.059,1.81221007526015,2.13,,
2019-08-19,106.5,256.059,1.81221007526015,2.13,,
2019-08-20,106.35,256.059,1.81221007526015,2.13,,
2019-08-21,106.52,256.059,1.81221007526015,2.12,,
2019-08-22,106.44,256.059,1.81221007526015,2.12,,
2019-08-23,105.3,256.059,1.81221007526015,2.12,,
2019-08-26,106.0,256.059,1.81221007526015,2.12,,
2019-08-27,105.8,256.059,1.81221007526015,2.12,,
2019-08-28,105.86,256.059,1.81221007526015,2.12,,
2019-08-29,106.5,256.059,1.81221007526015,2.12,,
2019-08-30,106.3,256.059,1.81221007526015,2.13,,
2019-09-02,,256.511,1.81221007526015,2.13,,
2019-09-03,105.88,256.511,1.81221007526015,2.13,,
2019-09-04,106.28,256.511,1.81221007526015,2.13,,
2019-09-05,106.96,256.511,1.81221007526015,2.13,,
2019-09-06,106.8,256.511,1.81221007526015,2.12,,
2019-09-09,107.14,256.511,1.81221007526015,2.13,,
2019-09-10,107.34,256.511,1.81221007526015,2.13,,
2019-09-11,107.73,256.511,1.81221007526015,2.13,,
2019-09-12,107.97,256.511,1.81221007526015,2.13,,
2019-09-13,108.12,256.511,1.81221007526015,2.14,,
2019-09-16,107.94,256.511,1.81221007526015,2.25,,
2019-09-17,108.12,256.511,1.81221007526015,2.3,,
2019-09-18,108.17,256.511,1.81221007526015,2.25,,
2019-09-19,108.0,256.511,1.81221007526015,1.9,,
2019-09-20,107.95,256.511,1.81221007526015,1.9,,
2019-09-23,107.47,256.511,1.81221007526015,1.9,,
2019-09-24,107.32,256.511,1.81221007526015,1.9,,
2019-09-25,107.78,256.511,1.81221007526015,1.9,,
2019-09-26,107.67,256.511,1.81221007526015,1.85,,
2019-09-27,108.05,256.511,1.81221007526015,1.83,,
2019-09-30,108.11,256.511,1.81221007526015,1.9,,
2019-10-01,107.7,257.244,1.81221007526015,1.88,58017.0,106.88663
2019-10-02,107.21,257.244,1.81221007526015,1.85,58017.0,106.88663
2019-10-03,106.76,257.244,1.81221007526015,1.83,58017.0,106.88663
2019-10-04,106.91,257.244,1.81221007526015,1.82,58017.0,106.88663
2019-10-07,107.06,257.244,1.81221007526015,1.82,58017.0,106.88663
2019-10-08,107.06,257.244,1.81221007526015,1.82,58017.0,106.88663
2019-10-09,107.43,257.244,1.81221007526015,1.82,58017.0,106.88663
2019-10-10,107.91,257.244,1.81221007526015,1.82,58017.0,106.88663
2019-10-11,108.52,257.244,1.81221007526015,1.82,58017.0,106.88663
2019-10-14,,257.244,1.81221007526015,1.82,58017.0,106.88663
2019-10-15,108.83,257.244,1.81221007526015,1.9,58017.0,106.88663
2019-10-16,108.71,257.244,1.81221007526015,1.9,58017.0,106.88663
2019-10-17,108.51,257.244,1.81221007526015,1.85,58017.0,106.88663
2019-10-18,108.44,257.244,1.81221007526015,1.85,58017.0,106.88663
2019-10-21,108.57,257.244,1.81221007526015,1.85,58017.0,106.88663
2019-10-22,108.56,257.244,1.81221007526015,1.85,58017.0,106.88663
2019-10-23,108.64,257.244,1.81221007526015,1.85,58017.0,106.88663
2019-10-24,108.62,257.244,1.81221007526015,1.85,58017.0,106.88663
2019-10-25,108.75,257.244,1.81221007526015,1.83,58017.0,106.88663
2019-10-28,109.02,257.244,1.81221007526015,1.83,58017.0,106.88663
2019-10-29,108.83,257.244,1.81221007526015,1.82,58017.0,106.88663
2019-10-30,108.88,257.244,1.81221007526015,1.82,58017.0,106.88663
2019-10-31,108.09,257.244,1.81221007526015,1.58,58017.0,106.88663
2019-11-01,108.16,257.803,1.81221007526015,1.57,,
2019-11-04,108.56,257.803,1.81221007526015,1.56,,
2019-11-05,109.13,257.803,1.81221007526015,1.56,,
2019-11-06,108.86,257.803,1.81221007526015,1.55,,
2019-11-07,109.42,257.803,1.81221007526015,1.55,,
2019-11-08,109.14,257.803,1.81221007526015,1.55,,
2019-11-11,,257.803,1.81221007526015,1.55,,
2019-11-12,109.09,257.803,1.81221007526015,1.55,,
2019-11-13,108.83,257.803,1.81221007526015,1.55,,
2019-11-14,108.33,257.803,1.81221007526015,1.55,,
2019-11-15,108.8,257.803,1.81221007526015,1.55,,
2019-11-18,108.61,257.803,1.81221007526015,1.55,,
2019-11-19,108.59,257.803,1.81221007526015,1.55,,
2019-11-20,108.67,257.803,1.81221007526015,1.55,,
2019-11-21,108.53,257.803,1.81221007526015,1.55,,
2019-11-22,108.67,257.803,1.81221007526015,1.55,,
2019-11-25,108.95,257.803,1.81221007526015,1.55,,
2019-11-26,109.11,257.803,1.81221007526015,1.55,,
2019-11-27,109.38,257.803,1.81221007526015,1.55,,
2019-11-28,,257.803,1.81221007526015,1.55,,
2019-11-29,109.47,257.803,1.81221007526015,1.56,,
2019-12-02,109.09,258.616,1.81221007526015,1.56,,
2019-12-03,108.53,258.616,1.81221007526015,1.55,,
2019-12-04,108.87,258.616,1.81221007526015,1.55,,
2019-12-05,108.69,258.616,1.81221007526015,1.55,,
2019-12-06,108.66,258.616,1.81221007526015,1.55,,
2019-12-09,108.59,258.616,1.81221007526015,1.55,,
2019-12-10,108.73,258.616,1.81221007526015,1.55,,
2019-12-11,108.67,258.616,1.81221007526015,1.55,,
2019-12-12,109.16,258.616,1.81221007526015,1.55,,
2019-12-13,109.28,258.616,1.81221007526015,1.55,,
2019-12-16,109.64,258.616,1.81221007526015,1.56,,
2019-12-17,109.52,258.616,1.81221007526015,1.55,,
2019-12-18,109.58,258.616,1.81221007526015,1.55,,
2019-12-19,109.23,258.616,1.81221007526015,1.55,,
2019-12-20,109.45,258.616,1.81221007526015,1.55,,
2019-12-23,109.39,258.616,1.81221007526015,1.55,,
2019-12-24,109.38,258.616,1.81221007526015,1.55,,
2019-12-25,,258.616,1.81221007526015,1.55,,
2019-12-26,109.67,258.616,1.81221007526015,1.55,,
2019-12-27,109.47,258.616,1.81221007526015,1.55,,
2019-12-30,108.85,258.616,1.81221007526015,1.55,,
2019-12-31,108.67,258.616,1.81221007526015,1.55,,
2020-01-01,,259.037,1.23358439630637,1.55,57279.0,107.827
2020-01-02,108.43,259.037,1.23358439630637,1.55,57279.0,107.827
2020-01-03,107.94,259.037,1.23358439630637,1.55,57279.0,107.827
2020-01-06,108.36,259.037,1.23358439630637,1.55,57279.0,107.827
2020-01-07,108.53,259.037,1.23358439630637,1.55,57279.0,107.827
2020-01-08,109.03,259.037,1.23358439630637,1.55,57279.0,107.827
2020-01-09,109.47,259.037,1.23358439630637,1.55,57279.0,107.827
2020-01-10,109.5,259.037,1.23358439630637,1.54,57279.0,107.827
2020-01-13,109.93,259.037,1.23358439630637,1.54,57279.0,107.827
2020-01-14,110.05,259.037,1.23358439630637,1.54,57279.0,107.827
2020-01-15,109.94,259.037,1.23358439630637,1.54,57279.0,107.827
2020-01-16,110.16,259.037,1.23358439630637,1.54,57279.0,107.827
2020-01-17,110.16,259.037,1.23358439630637,1.55,57279.0,107.827
2020-01-20,,259.037,1.23358439630637,1.55,57279.0,107.827
2020-01-21,109.95,259.037,1.23358439630637,1.55,57279.0,107.827
2020-01-22,109.93,259.037,1.23358439630637,1.55,57279.0,107.827
2020-01-23,109.39,259.037,1.23358439630637,1.55,57279.0,107.827
2020-01-24,109.31,259.037,1.23358439630637,1.55,57279.0,107.827
2020-01-27,108.95,259.037,1.23358439630637,1.55,57279.0,107.827
2020-01-28,109.17,259.037,1.23358439630637,1.55,57279.0,107.827
2020-01-29,109.15,259.037,1.23358439630637,1.55,57279.0,107.827
2020-01-30,108.75,259.037,1.23358439630637,1.6,57279.0,107.827
2020-01-31,108.5,259.037,1.23358439630637,1.59,57279.0,107.827
2020-02-03,108.59,259.248,1.23358439630637,1.59,,
2020-02-04,109.41,259.248,1.23358439630637,1.59,,
2020-02-05,109.74,259.248,1.23358439630637,1.59,,
2020-02-06,109.89,259.248,1.23358439630637,1.59,,
2020-02-07,109.81,259.248,1.23358439630637,1.58,,
2020-02-10,109.77,259.248,1.23358439630637,1.58,,
2020-02-11,109.78,259.248,1.23358439630637,1.58,,
2020-02-12,110.0,259.248,1.23358439630637,1.58,,
2020-02-13,109.81,259.248,1.23358439630637,1.58,,
2020-02-14,109.77,259.248,1.23358439630637,1.58,,
2020-02-17,,259.248,1.23358439630637,1.58,,
2020-02-18,109.8,259.248,1.23358439630637,1.59,,
2020-02-19,111.17,259.248,1.23358439630637,1.59,,
2020-02-20,111.86,259.248,1.23358439630637,1.59,,
2020-02-21,111.74,259.248,1.23358439630637,1.58,,
2020-02-24,110.56,259.248,1.23358439630637,1.58,,
2020-02-25,110.23,259.248,1.23358439630637,1.58,,
2020-02-26,110.36,259.248,1.23358439630637,1.58,,
2020-02-27,110.15,259.248,1.23358439630637,1.58,,
2020-02-28,108.12,259.248,1.23358439630637,1.58,,
2020-03-02,108.02,258.124,1.23358439630637,1.59,,
2020-03-03,107.28,258.124,1.23358439630637,1.59,,
2020-03-04,107.34,258.124,1.23358439630637,1.09,,
2020-03-05,106.56,258.124,1.23358439630637,1.09,,
2020-03-06,105.31,258.124,1.23358439630637,1.09,,
2020-03-09,102.52,258.124,1.23358439630637,1.09,,
2020-03-10,103.71,258.124,1.23358439630637,1.09,,
2020-03-11,104.81,258.124,1.23358439630637,1.09,,
2020-03-12,105.67,258.124,1.23358439630637,1.1,,
2020-03-13,107.15,258.124,1.23358439630637,1.1,,
2020-03-16,105.64,258.124,1.23358439630637,0.25,,
2020-03-17,107.41,258.124,1.23358439630637,0.25,,
2020-03-18,108.45,258.124,1.23358439630637,0.25,,
2020-03-19,110.08,258.124,1.23358439630637,0.2,,
2020-03-20,111.3,258.124,1.23358439630637,0.15,,
2020-03-23,111.36,258.124,1.23358439630637,0.15,,
2020-03-24,111.44,258.124,1.23358439630637,0.12,,
2020-03-25,111.43,258.124,1.23358439630637,0.1,,
2020-03-26,109.45,258.124,1.23358439630637,0.1,,
2020-03-27,108.16,258.124,1.23358439630637,0.1,,
2020-03-30,108.06,258.124,1.23358439630637,0.09,,
2020-03-31,107.53,258.124,1.23358439630637,0.08,,
2020-04-01,107.05,256.092,1.23358439630637,0.06,52393.0,134.83528
2020-04-02,107.85,256.092,1.23358439630637,0.05,52393.0,134.83528
2020-04-03,108.53,256.092,1.23358439630637,0.05,52393.0,134.83528
2020-04-06,109.11,256.092,1.23358439630637,0.05,52393.0,134.83528
2020-04-07,108.97,256.092,1.23358439630637,0.05,52393.0,134.83528
2020-04-08,108.7,256.092,1.23358439630637,0.05,52393.0,134.83528
2020-04-09,108.38,256.092,1.23358439630637,0.05,52393.0,134.83528
2020-04-10,108.39,256.092,1.23358439630637,0.05,52393.0,134.83528
2020-04-13,107.59,256.092,1.23358439630637,0.05,52393.0,134.83528
2020-04-14,107.08,256.092,1.23358439630637,0.05,52393.0,134.83528
2020-04-15,107.42,256.092,1.23358439630637,0.05,52393.0,134.83528
2020-04-16,107.72,256.092,1.23358439630637,0.05,52393.0,134.83528
2020-04-17,107.52,256.092,1.23358439630637,0.05,52393.0,134.83528
2020-04-20,107.69,256.092,1.23358439630637,0.05,52393.0,134.83528
2020-04-21,107.69,256.092,1.23358439630637,0.05,52393.0,134.83528
2020-04-22,107.81,256.092,1.23358439630637,0.05,52393.0,134.83528
2020-04-23,107.65,256.092,1.23358439630637,0.04,52393.0,134.83528
2020-04-24,107.44,256.092,1.23358439630637,0.05,52393.0,134.83528
2020-04-27,107.22,256.092,1.23358439630637,0.04,52393.0,134.83528
2020-04-28,106.83,256.092,1.23358439630637,0.04,52393.0,134.83528
2020-04-29,106.67,256.092,1.23358439630637,0.04,52393.0,134.83528
2020-04-30,106.94,256.092,1.23358439630637,0.05,52393.0,134.83528
2020-05-01,106.76,255.868,1.23358439630637,0.05,,
2020-05-04,106.82,255.868,1.23358439630637,0.05,,
2020-05-05,106.52,255.868,1.23358439630637,0.05,,
2020-05-06,106.07,255.868,1.23358439630637,0.05,,
2020-05-07,106.36,255.868,1.23358439630637,0.05,,
2020-05-08,106.5,255.868,1.23358439630637,0.05,,
2020-05-11,107.7,255.868,1.23358439630637,0.05,,
2020-05-12,107.33,255.868,1.23358439630637,0.05,,
2020-05-13,106.92,255.868,1.23358439630637,0.05,,
2020-05-14,107.09,255.868,1.23358439630637,0.05,,
2020-05-15,107.27,255.868,1.23358439630637,0.05,,
2020-05-18,107.25,255.868,1.23358439630637,0.05,,
2020-05-19,107.89,255.868,1.23358439630637,0.05,,
2020-05-20,107.46,255.868,1.23358439630637,0.05,,
2020-05-21,107.69,255.868,1.23358439630637,0.05,,
2020-05-22,107.5,255.868,1.23358439630637,0.05,,
2020-05-25,,255.868,1.23358439630637,0.05,,
2020-05-26,107.64,255.868,1.23358439630637,0.05,,
2020-05-27,107.79,255.868,1.23358439630637,0.05,,
2020-05-28,107.67,255.868,1.23358439630637,0.05,,
2020-05-29,107.77,255.868,1.23358439630637,0.05,,
2020-06-01,107.56,256.986,1.23358439630637,0.05,,
2020-06-02,108.6,256.986,1.23358439630637,0.06,,
2020-06-03,108.88,256.986,1.23358439630637,0.06,,
2020-06-04,109.0,256.986,1.23358439630637,0.06,,
2020-06-05,109.68,256.986,1.23358439630637,0.07,,
2020-06-08,108.46,256.986,1.23358439630637,0.07,,
2020-06-09,107.66,256.986,1.23358439630637,0.07,,
2020-06-10,107.25,256.986,1.23358439630637,0.08,,
2020-06-11,106.67,256.986,1.23358439630637,0.08,,
2020-06-12,107.36,256.986,1.23358439630637,0.08,,
2020-06-15,107.33,256.986,1.23358439630637,0.09,,
2020-06-16,107.35,256.986,1.23358439630637,0.09,,
2020-06-17,107.26,256.986,1.23358439630637,0.09,,
2020-06-18,106.78,256.986,1.23358439630637,0.09,,
2020-06-19,106.89,256.986,1.23358439630637,0.09,,
2020-06-22,106.84,256.986,1.23358439630637,0.08,,
2020-06-23,106.44,256.986,1.23358439630637,0.08,,
2020-06-24,106.83,256.986,1.23358439630637,0.08,,
2020-06-25,107.21,256.986,1.23358439630637,0.08,,
2020-06-26,107.19,256.986,1.23358439630637,0.08,,
2020-06-29,107.71,256.986,1.23358439630637,0.08,,
2020-06-30,107.77,256.986,1.23358439630637,0.08,,
2020-07-01,107.5,258.278,1.23358439630637,0.08,56479.0,126.1345
2020-07-02,107.55,258.278,1.23358439630637,0.09,56479.0,126.1345
2020-07-03,,258.278,1.23358439630637,0.09,56479.0,126.1345
2020-07-06,107.5,258.278,1.23358439630637,0.09,56479.0,126.1345
2020-07-07,107.53,258.278,1.23358439630637,0.09,56479.0,126.1345
2020-07-08,107.39,258.278,1.23358439630637,0.09,56479.0,126.1345
2020-07-09,107.27,258.278,1.23358439630637,0.09,56479.0,126.1345
2020-07-10,106.77,258.278,1.23358439630637,0.09,56479.0,126.1345
2020-07-13,107.22,258.278,1.23358439630637,0.09,56479.0,126.1345
2020-07-14,107.2,258.278,1.23358439630637,0.09,56479.0,126.1345
2020-07-15,106.92,258.278,1.23358439630637,0.1,56479.0,126.1345
2020-07-16,107.05,258.278,1.23358439630637,0.1,56479.0,126.1345
2020-07-17,107.06,258.278,1.23358439630637,0.09,56479.0,126.1345
2020-07-20,107.21,258.278,1.23358439630637,0.1,56479.0,126.1345
2020-07-21,106.82,258.278,1.23358439630637,0.1,56479.0,126.1345
2020-07-22,107.18,258.278,1.23358439630637,0.09,56479.0,126.1345
2020-07-23,106.83,258.278,1.23358439630637,0.09,56479.0,126.1345
2020-07-24,105.79,258.278,1.23358439630637,0.09,56479.0,126.1345
2020-07-27,105.29,258.278,1.23358439630637,0.1,56479.0,126.1345
2020-07-28,105.03,258.278,1.23358439630637,0.1,56479.0,126.1345
2020-07-29,105.06,258.278,1.23358439630637,0.1,56479.0,126.1345
2020-07-30,105.05,258.278,1.23358439630637,0.1,56479.0,126.1345
2020-07-31,105.78,258.278,1.23358439630637,0.1,56479.0,126.1345
2020-08-03,106.11,259.411,1.23358439630637,0.1,,
2020-08-04,105.87,259.411,1.23358439630637,0.1,,
2020-08-05,105.44,259.411,1.23358439630637,0.1,,
2020-08-06,105.52,259.411,1.23358439630637,0.1,,
2020-08-07,105.92,259.411,1.23358439630637,0.1,,
2020-08-10,105.85,259.411,1.23358439630637,0.1,,
2020-08-11,106.56,259.411,1.23358439630637,0.1,,
2020-08-12,106.85,259.411,1.23358439630637,0.1,,
2020-08-13,106.89,259.411,1.23358439630637,0.1,,
2020-08-14,106.49,259.411,1.23358439630637,0.1,,
2020-08-17,105.97,259.411,1.23358439630637,0.1,,
2020-08-18,105.41,259.411,1.23358439630637,0.09,,
2020-08-19,105.71,259.411,1.23358439630637,0.09,,
2020-08-20,105.81,259.411,1.23358439630637,0.09,,
2020-08-21,105.88,259.411,1.23358439630637,0.09,,
2020-08-24,105.9,259.411,1.23358439630637,0.09,,
2020-08-25,106.4,259.411,1.23358439630637,0.09,,
2020-08-26,106.13,259.411,1.23358439630637,0.09,,
2020-08-27,106.42,259.411,1.23358439630637,0.08,,
2020-08-28,105.3,259.411,1.23358439630637,0.09,,
2020-08-31,105.84,259.411,1.23358439630637,0.09,,
2020-09-01,106.0,260.029,1.23358439630637,0.09,,
2020-09-02,106.15,260.029,1.23358439630637,0.09,,
2020-09-03,106.14,260.029,1.23358439630637,0.09,,
2020-09-04,106.34,260.029,1.23358439630637,0.09,,
2020-09-07,,260.029,1.23358439630637,0.09,,
2020-09-08,105.97,260.029,1.23358439630637,0.09,,
2020-09-09,106.23,260.029,1.23358439630637,0.09,,
2020-09-10,106.19,260.029,1.23358439630637,0.09,,
2020-09-11,106.17,260.029,1.23358439630637,0.09,,
2020-09-14,105.68,260.029,1.23358439630637,0.09,,
2020-09-15,105.5,260.029,1.23358439630637,0.09,,
2020-09-16,104.94,260.029,1.23358439630637,0.09,,
2020-09-17,104.77,260.029,1.23358439630637,0.09,,
2020-09-18,104.44,260.029,1.23358439630637,0.09,,
2020-09-21,104.69,260.029,1.23358439630637,0.09,,
2020-09-22,105.05,260.029,1.23358439630637,0.09,,
2020-09-23,105.34,260.029,1.23358439630637,0.09,,
2020-09-24,105.42,260.029,1.23358439630637,0.09,,
2020-09-25,105.59,260.029,1.23358439630637,0.09,,
2020-09-28,105.5,260.029,1.23358439630637,0.09,,
2020-09-29,105.68,260.029,1.23358439630637,0.09,,
2020-09-30,105.58,260.029,1.23358439630637,0.09,,
2020-10-01,105.53,260.286,1.23358439630637,0.09,56993.0,127.84231
2020-10-02,105.36,260.286,1.23358439630637,0.09,56993.0,127.84231
2020-10-05,105.7,260.286,1.23358439630637,0.09,56993.0,127.84231
2020-10-06,105.64,260.286,1.23358439630637,0.09,56993.0,127.84231
2020-10-07,105.97,260.286,1.23358439630637,0.09,56993.0,127.84231
2020-10-08,105.98,260.286,1.23358439630637,0.09,56993.0,127.84231
2020-10-09,105.72,260.286,1.23358439630637,0.09,56993.0,127.84231
2020-10-12,,260.286,1.23358439630637,0.09,56993.0,127.84231
2020-10-13,105.55,260.286,1.23358439630637,0.09,56993.0,127.84231
2020-10-14,105.08,260.286,1.23358439630637,0.09,56993.0,127.84231
2020-10-15,105.38,260.286,1.23358439630637,0.09,56993.0,127.84231
2020-10-16,105.41,260.286,1.23358439630637,0.09,56993.0,127.84231
2020-10-19,105.42,260.286,1.23358439630637,0.09,56993.0,127.84231
2020-10-20,105.56,260.286,1.23358439630637,0.09,56993.0,127.84231
2020-10-21,104.58,260.286,1.23358439630637,0.09,56993.0,127.84231
2020-10-22,104.88,260.286,1.23358439630637,0.09,56993.0,127.84231
2020-10-23,104.78,260.286,1.23358439630637,0.09,56993.0,127.84231
2020-10-26,104.86,260.286,1.23358439630637,0.09,56993.0,127.84231
2020-10-27,104.44,260.286,1.23358439630637,0.09,56993.0,127.84231
2020-10-28,104.33,260.286,1.23358439630637,0.09,56993.0,127.84231
2020-10-29,104.69,260.286,1.23358439630637,0.09,56993.0,127.84231
2020-10-30,104.54,260.286,1.23358439630637,0.09,56993.0,127.84231
2020-11-02,104.8,260.813,1.23358439630637,0.09,,
2020-11-03,104.5,260.813,1.23358439630637,0.09,,
2020-11-04,104.39,260.813,1.23358439630637,0.09,,
2020-11-05,103.67,260.813,1.23358439630637,0.09,,
2020-11-06,103.32,260.813,1.23358439630637,0.09,,
2020-11-09,105.58,260.813,1.23358439630637,0.09,,
2020-11-10,105.36,260.813,1.23358439630637,0.09,,
2020-11-11,,260.813,1.23358439630637,0.09,,
2020-11-12,105.16,260.813,1.23358439630637,0.09,,
2020-11-13,104.61,260.813,1.23358439630637,0.09,,
2020-11-16,104.54,260.813,1.23358439630637,0.09,,
2020-11-17,104.2,260.813,1.23358439630637,0.09,,
2020-11-18,103.72,260.813,1.23358439630637,0.09,,
2020-11-19,103.85,260.813,1.23358439630637,0.08,,
2020-11-20,103.81,260.813,1.23358439630637,0.08,,
2020-11-23,104.42,260.813,1.23358439630637,0.08,,
2020-11-24,104.61,260.813,1.23358439630637,0.08,,
2020-11-25,104.39,260.813,1.23358439630637,0.08,,
2020-11-26,,260.813,1.23358439630637,0.08,,
2020-11-27,,260.813,1.23358439630637,0.08,,
2020-11-30,104.38,260.813,1.23358439630637,0.09,,
2020-12-01,104.4,262.035,1.23358439630637,0.09,,
2020-12-02,104.52,262.035,1.23358439630637,0.09,,
2020-12-03,103.77,262.035,1.23358439630637,0.09,,
2020-12-04,104.16,262.035,1.23358439630637,0.09,,
2020-12-07,104.01,262.035,1.23358439630637,0.09,,
2020-12-08,104.14,262.035,1.23358439630637,0.09,,
2020-12-09,104.28,262.035,1.23358439630637,0.09,,
2020-12-10,104.3,262.035,1.23358439630637,0.09,,
2020-12-11,103.88,262.035,1.23358439630637,0.09,,
2020-12-14,104.06,262.035,1.23358439630637,0.09,,
2020-12-15,103.69,262.035,1.23358439630637,0.09,,
2020-12-16,103.59,262.035,1.23358439630637,0.09,,
2020-12-17,103.13,262.035,1.23358439630637,0.09,,
2020-12-18,103.35,262.035,1.23358439630637,0.09,,
2020-12-21,103.44,262.035,1.23358439630637,0.09,,
2020-12-22,103.62,262.035,1.23358439630637,0.09,,
2020-12-23,103.52,262.035,1.23358439630637,0.09,,
2020-12-24,,262.035,1.23358439630637,0.09,,
2020-12-25,,262.035,1.23358439630637,0.09,,
2020-12-28,103.84,262.035,1.23358439630637,0.09,,
2020-12-29,103.5,262.035,1.23358439630637,0.09,,
2020-12-30,103.31,262.035,1.23358439630637,0.09,,
2020-12-31,103.19,262.035,1.23358439630637,0.09,,
2021-01-01,,262.65,4.69785886363739,0.09,57882.0,126.07672
2021-01-04,103.19,262.65,4.69785886363739,0.09,57882.0,126.07672
2021-01-05,102.7,262.65,4.69785886363739,0.09,57882.0,126.07672
2021-01-06,103.25,262.65,4.69785886363739,0.09,57882.0,126.07672
2021-01-07,103.84,262.65,4.69785886363739,0.09,57882.0,126.07672
2021-01-08,103.89,262.65,4.69785886363739,0.09,57882.0,126.07672
2021-01-11,104.16,262.65,4.69785886363739,0.09,57882.0,126.07672
2021-01-12,104.09,262.65,4.69785886363739,0.09,57882.0,126.07672
2021-01-13,103.91,262.65,4.69785886363739,0.09,57882.0,126.07672
2021-01-14,103.66,262.65,4.69785886363739,0.09,57882.0,126.07672
2021-01-15,103.8,262.65,4.69785886363739,0.09,57882.0,126.07672
2021-01-18,,262.65,4.69785886363739,0.09,57882.0,126.07672
2021-01-19,103.86,262.65,4.69785886363739,0.09,57882.0,126.07672
2021-01-20,,262.65,4.69785886363739,0.09,57882.0,126.07672
2021-01-21,103.57,262.65,4.69785886363739,0.08,57882.0,126.07672
2021-01-22,103.76,262.65,4.69785886363739,0.08,57882.0,126.07672
2021-01-25,103.78,262.65,4.69785886363739,0.08,57882.0,126.07672
2021-01-26,103.69,262.65,4.69785886363739,0.08,57882.0,126.07672
2021-01-27,104.09,262.65,4.69785886363739,0.08,57882.0,126.07672
2021-01-28,104.31,262.65,4.69785886363739,0.07,57882.0,126.07672
2021-01-29,104.64,262.65,4.69785886363739,0.07,57882.0,126.07672
2021-02-01,104.97,263.638,4.69785886363739,0.08,,
2021-02-02,105.09,263.638,4.69785886363739,0.08,,
2021-02-03,105.05,263.638,4.69785886363739,0.08,,
2021-02-04,105.43,263.638,4.69785886363739,0.08,,
2021-02-05,105.44,263.638,4.69785886363739,0.08,,
2021-02-08,105.19,263.638,4.69785886363739,0.07,,
2021-02-09,104.62,263.638,4.69785886363739,0.08,,
2021-02-10,104.67,263.638,4.69785886363739,0.08,,
2021-02-11,104.75,263.638,4.69785886363739,0.08,,
2021-02-12,104.94,263.638,4.69785886363739,0.08,,
2021-02-15,,263.638,4.69785886363739,0.08,,
2021-02-16,105.88,263.638,4.69785886363739,0.08,,
2021-02-17,105.83,263.638,4.69785886363739,0.08,,
2021-02-18,105.69,263.638,4.69785886363739,0.07,,
2021-02-19,105.58,263.638,4.69785886363739,0.07,,
2021-02-22,105.06,263.638,4.69785886363739,0.07,,
2021-02-23,105.21,263.638,4.69785886363739,0.07,,
2021-02-24,105.91,263.638,4.69785886363739,0.07,,
2021-02-25,106.22,263.638,4.69785886363739,0.07,,
2021-02-26,106.64,263.638,4.69785886363739,0.07,,
2021-03-01,106.68,264.914,4.69785886363739,0.07,,
2021-03-02,106.75,264.914,4.69785886363739,0.07,,
2021-03-03,106.92,264.914,4.69785886363739,0.07,,
2021-03-04,107.58,264.914,4.69785886363739,0.07,,
2021-03-05,108.24,264.914,4.69785886363739,0.07,,
2021-03-08,108.92,264.914,4.69785886363739,0.07,,
2021-03-09,108.64,264.914,4.69785886363739,0.07,,
2021-03-10,108.58,264.914,4.69785886363739,0.07,,
2021-03-11,108.44,264.914,4.69785886363739,0.07,,
2021-03-12,108.87,264.914,4.69785886363739,0.07,,
2021-03-15,109.11,264.914,4.69785886363739,0.07,,
2021-03-16,109.01,264.914,4.69785886363739,0.07,,
2021-03-17,109.22,264.914,4.69785886363739,0.07,,
2021-03-18,108.97,264.914,4.69785886363739,0.07,,
2021-03-19,108.85,264.914,4.69785886363739,0.07,,
2021-03-22,108.67,264.914,4.69785886363739,0.07,,
2021-03-23,108.61,264.914,4.69785886363739,0.07,,
2021-03-24,108.81,264.914,4.69785886363739,0.07,,
2021-03-25,109.13,264.914,4.69785886363739,0.07,,
2021-03-26,109.55,264.914,4.69785886363739,0.07,,
2021-03-29,109.73,264.914,4.69785886363739,0.07,,
2021-03-30,110.19,264.914,4.69785886363739,0.07,,
2021-03-31,110.61,264.914,4.69785886363739,0.06,,
2021-04-01,110.61,266.67,4.69785886363739,0.07,58842.0,123.78842
2021-04-02,110.67,266.67,4.69785886363739,0.07,58842.0,123.78842
2021-04-05,110.08,266.67,4.69785886363739,0.07,58842.0,123.78842
2021-04-06,109.83,266.67,4.69785886363739,0.07,58842.0,123.78842
2021-04-07,109.67,266.67,4.69785886363739,0.07,58842.0,123.78842
2021-04-08,109.25,266.67,4.69785886363739,0.07,58842.0,123.78842
2021-04-09,109.64,266.67,4.69785886363739,0.07,58842.0,123.78842
2021-04-12,109.43,266.67,4.69785886363739,0.07,58842.0,123.78842
2021-04-13,109.19,266.67,4.69785886363739,0.07,58842.0,123.78842
2021-04-14,108.93,266.67,4.69785886363739,0.07,58842.0,123.78842
2021-04-15,108.78,266.67,4.69785886363739,0.07,58842.0,123.78842
2021-04-16,108.78,266.67,4.69785886363739,0.07,58842.0,123.78842
2021-04-19,108.09,266.67,4.69785886363739,0.07,58842.0,123.78842
2021-04-20,108.07,266.67,4.69785886363739,0.07,58842.0,123.78842
2021-04-21,108.09,266.67,4.69785886363739,0.07,58842.0,123.78842
2021-04-22,108.17,266.67,4.69785886363739,0.07,58842.0,123.78842
2021-04-23,107.94,266.67,4.69785886363739,0.07,58842.0,123.78842
2021-04-26,108.12,266.67,4.69785886363739,0.07,58842.0,123.78842
2021-04-27,108.56,266.67,4.69785886363739,0.07,58842.0,123.78842
2021-04-28,108.81,266.67,4.69785886363739,0.07,58842.0,123.78842
2021-04-29,108.94,266.67,4.69785886363739,0.06,58842.0,123.78842
2021-04-30,109.33,266.67,4.69785886363739,0.05,58842.0,123.78842
2021-05-03,109.08,268.444,4.69785886363739,0.06,,
2021-05-04,109.34,268.444,4.69785886363739,0.06,,
2021-05-05,109.27,268.444,4.69785886363739,0.06,,
2021-05-06,109.17,268.444,4.69785886363739,0.06,,
2021-05-07,108.52,268.444,4.69785886363739,0.06,,
2021-05-10,108.7,268.444,4.69785886363739,0.06,,
2021-05-11,108.53,268.444,4.69785886363739,0.06,,
2021-05-12,109.53,268.444,4.69785886363739,0.06,,
2021-05-13,109.56,268.444,4.69785886363739,0.06,,
2021-05-14,109.37,268.444,4.69785886363739,0.06,,
2021-05-17,109.17,268.444,4.69785886363739,0.06,,
2021-05-18,109.01,268.444,4.69785886363739,0.06,,
2021-05-19,108.76,268.444,4.69785886363739,0.06,,
2021-05-20,108.79,268.444,4.69785886363739,0.06,,
2021-05-21,108.94,268.444,4.69785886363739,0.06,,
2021-05-24,108.81,268.444,4.69785886363739,0.06,,
2021-05-25,108.95,268.444,4.69785886363739,0.06,,
2021-05-26,109.1,268.444,4.69785886363739,0.06,,
2021-05-27,109.81,268.444,4.69785886363739,0.06,,
2021-05-28,109.83,268.444,4.69785886363739,0.05,,
2021-05-31,,268.444,4.69785886363739,0.05,,
2021-06-01,109.43,270.559,4.69785886363739,0.06,,
2021-06-02,109.59,270.559,4.69785886363739,0.06,,
2021-06-03,110.28,270.559,4.69785886363739,0.06,,
2021-06-04,109.42,270.559,4.69785886363739,0.06,,
2021-06-07,109.25,270.559,4.69785886363739,0.06,,
2021-06-08,109.47,270.559,4.69785886363739,0.06,,
2021-06-09,109.61,270.559,4.69785886363739,0.06,,
2021-06-10,109.49,270.559,4.69785886363739,0.06,,
2021-06-11,109.75,270.559,4.69785886363739,0.06,,
2021-06-14,109.98,270.559,4.69785886363739,0.06,,
2021-06-15,110.12,270.559,4.69785886363739,0.06,,
2021-06-16,109.88,270.559,4.69785886363739,0.06,,
2021-06-17,110.28,270.559,4.69785886363739,0.1,,
2021-06-18,110.21,270.559,4.69785886363739,0.1,,
2021-06-21,110.22,270.559,4.69785886363739,0.1,,
2021-06-22,110.75,270.559,4.69785886363739,0.1,,
2021-06-23,110.86,270.559,4.69785886363739,0.1,,
2021-06-24,110.91,270.559,4.69785886363739,0.1,,
2021-06-25,110.78,270.559,4.69785886363739,0.1,,
2021-06-28,110.5,270.559,4.69785886363739,0.1,,
2021-06-29,110.53,270.559,4.69785886363739,0.1,,
2021-06-30,111.05,270.559,4.69785886363739,0.08,,
2021-07-01,111.56,271.764,4.69785886363739,0.1,59169.0,120.71513
2021-07-02,111.28,271.764,4.69785886363739,0.1,59169.0,120.71513
2021-07-05,,271.764,4.69785886363739,0.1,59169.0,120.71513
2021-07-06,110.66,271.764,4.69785886363739,0.1,59169.0,120.71513
2021-07-07,110.62,271.764,4.69785886363739,0.1,59169.0,120.71513
2021-07-08,109.82,271.764,4.69785886363739,0.1,59169.0,120.71513
2021-07-09,110.18,271.764,4.69785886363739,0.1,59169.0,120.71513
2021-07-12,110.36,271.764,4.69785886363739,0.1,59169.0,120.71513
2021-07-13,110.36,271.764,4.69785886363739,0.1,59169.0,120.71513
2021-07-14,110.03,271.764,4.69785886363739,0.1,59169.0,120.71513
2021-07-15,110.05,271.764,4.69785886363739,0.1,59169.0,120.71513
2021-07-16,110.13,271.764,4.69785886363739,0.1,59169.0,120.71513
2021-07-19,109.45,271.764,4.69785886363739,0.1,59169.0,120.71513
2021-07-20,109.92,271.764,4.69785886363739,0.1,59169.0,120.71513
2021-07-21,110.22,271.764,4.69785886363739,0.1,59169.0,120.71513
2021-07-22,110.1,271.764,4.69785886363739,0.1,59169.0,120.71513
2021-07-23,110.52,271.764,4.69785886363739,0.1,59169.0,120.71513
2021-07-26,110.31,271.764,4.69785886363739,0.1,59169.0,120.71513
2021-07-27,109.64,271.764,4.69785886363739,0.1,59169.0,120.71513
2021-07-28,110.06,271.764,4.69785886363739,0.1,59169.0,120.71513
2021-07-29,109.53,271.764,4.69785886363739,0.1,59169.0,120.71513
2021-07-30,109.7,271.764,4.69785886363739,0.07,59169.0,120.71513
2021-08-02,109.22,272.87,4.69785886363739,0.1,,
2021-08-03,109.09,272.87,4.69785886363739,0.1,,
2021-08-04,109.44,272.87,4.69785886363739,0.1,,
2021-08-05,109.75,272.87,4.69785886363739,0.1,,
2021-08-06,110.22,272.87,4.69785886363739,0.1,,
2021-08-09,110.25,272.87,4.69785886363739,0.1,,
2021-08-10,110.54,272.87,4.69785886363739,0.1,,
2021-08-11,110.47,272.87,4.69785886363739,0.1,,
2021-08-12,110.36,272.87,4.69785886363739,0.1,,
2021-08-13,109.75,272.87,4.69785886363739,0.1,,
2021-08-16,109.26,272.87,4.69785886363739,0.1,,
2021-08-17,109.59,272.87,4.69785886363739,0.1,,
2021-08-18,109.92,272.87,4.69785886363739,0.09,,
2021-08-19,109.75,272.87,4.69785886363739,0.09,,
2021-08-20,109.77,272.87,4.69785886363739,0.09,,
2021-08-23,109.78,272.87,4.69785886363739,0.09,,
2021-08-24,109.68,272.87,4.69785886363739,0.09,,
2021-08-25,110.03,272.87,4.69785886363739,0.09,,
2021-08-26,110.09,272.87,4.69785886363739,0.09,,
2021-08-27,109.84,272.87,4.69785886363739,0.08,,
2021-08-30,109.91,272.87,4.69785886363739,0.08,,
2021-08-31,110.05,272.87,4.69785886363739,0.06,,
2021-09-01,110.03,274.028,4.69785886363739,0.08,,
2021-09-02,110.01,274.028,4.69785886363739,0.08,,
2021-09-03,109.64,274.028,4.69785886363739,0.08,,
2021-09-06,,274.028,4.69785886363739,0.08,,
2021-09-07,110.17,274.028,4.69785886363739,0.08,,
2021-09-08,110.32,274.028,4.69785886363739,0.08,,
2021-09-09,109.76,274.028,4.69785886363739,0.08,,
2021-09-10,109.93,274.028,4.69785886363739,0.08,,
2021-09-13,109.94,274.028,4.69785886363739,0.08,,
2021-09-14,109.66,274.028,4.69785886363739,0.08,,
2021-09-15,109.4,274.028,4.69785886363739,0.08,,
2021-09-16,109.67,274.028,4.69785886363739,0.08,,
2021-09-17,109.94,274.028,4.69785886363739,0.08,,
2021-09-20,109.47,274.028,4.69785886363739,0.08,,
2021-09-21,109.33,274.028,4.69785886363739,0.08,,
2021-09-22,109.59,274.028,4.69785886363739,0.08,,
2021-09-23,110.17,274.028,4.69785886363739,0.08,,
2021-09-24,110.72,274.028,4.69785886363739,0.08,,
2021-09-27,110.97,274.028,4.69785886363739,0.08,,
2021-09-28,111.33,274.028,4.69785886363739,0.08,,
2021-09-29,111.83,274.028,4.69785886363739,0.08,,
2021-09-30,111.5,274.028,4.69785886363739,0.06,,
2021-10-01,110.97,276.522,4.69785886363739,0.08,60117.0,121.63566
2021-10-04,110.94,276.522,4.69785886363739,0.08,60117.0,121.63566
2021-10-05,111.39,276.522,4.69785886363739,0.08,60117.0,121.63566
2021-10-06,111.33,276.522,4.69785886363739,0.08,60117.0,121.63566
2021-10-07,111.5,276.522,4.69785886363739,0.08,60117.0,121.63566
2021-10-08,112.15,276.522,4.69785886363739,0.08,60117.0,121.63566
2021-10-11,,276.522,4.69785886363739,0.08,60117.0,121.63566
2021-10-12,113.69,276.522,4.69785886363739,0.08,60117.0,121.63566
2021-10-13,113.49,276.522,4.69785886363739,0.08,60117.0,121.63566
2021-10-14,113.59,276.522,4.69785886363739,0.08,60117.0,121.63566
2021-10-15,114.31,276.522,4.69785886363739,0.08,60117.0,121.63566
2021-10-18,114.22,276.522,4.69785886363739,0.08,60117.0,121.63566
2021-10-19,114.27,276.522,4.69785886363739,0.08,60117.0,121.63566
2021-10-20,114.24,276.522,4.69785886363739,0.08,60117.0,121.63566
2021-10-21,113.75,276.522,4.69785886363739,0.08,60117.0,121.63566
2021-10-22,113.54,276.522,4.69785886363739,0.08,60117.0,121.63566
2021-10-25,113.7,276.522,4.69785886363739,0.08,60117.0,121.63566
2021-10-26,114.19,276.522,4.69785886363739,0.08,60117.0,121.63566
2021-10-27,113.75,276.522,4.69785886363739,0.08,60117.0,121.63566
2021-10-28,113.38,276.522,4.69785886363739,0.08,60117.0,121.63566
2021-10-29,114.03,276.522,4.69785886363739,0.07,60117.0,121.63566
2021-11-01,114.19,278.711,4.69785886363739,0.08,,
2021-11-02,113.78,278.711,4.69785886363739,0.08,,
2021-11-03,114.06,278.711,4.69785886363739,0.08,,
2021-11-04,113.63,278.711,4.69785886363739,0.08,,
2021-11-05,113.45,278.711,4.69785886363739,0.08,,
2021-11-08,113.15,278.711,4.69785886363739,0.08,,
2021-11-09,112.87,278.711,4.69785886363739,0.08,,
2021-11-10,113.89,278.711,4.69785886363739,0.08,,
2021-11-11,,278.711,4.69785886363739,0.08,,
2021-11-12,113.9,278.711,4.69785886363739,0.08,,
2021-11-15,113.96,278.711,4.69785886363739,0.08,,
2021-11-16,114.62,278.711,4.69785886363739,0.08,,
2021-11-17,114.33,278.711,4.69785886363739,0.08,,
2021-11-18,114.22,278.711,4.69785886363739,0.08,,
2021-11-19,113.81,278.711,4.69785886363739,0.08,,
2021-11-22,114.69,278.711,4.69785886363739,0.08,,
2021-11-23,114.98,278.711,4.69785886363739,0.08,,
2021-11-24,115.34,278.711,4.69785886363739,0.08,,
2021-11-25,,278.711,4.69785886363739,0.08,,
2021-11-26,113.46,278.711,4.69785886363739,0.08,,
2021-11-29,113.75,278.711,4.69785886363739,0.08,,
2021-11-30,113.22,278.711,4.69785886363739,0.07,,
2021-12-01,112.82,280.887,4.69785886363739,0.08,,
2021-12-02,113.1,280.887,4.69785886363739,0.08,,
2021-12-03,112.88,280.887,4.69785886363739,0.08,,
2021-12-06,113.31,280.887,4.69785886363739,0.08,,
2021-12-07,113.61,280.887,4.69785886363739,0.08,,
2021-12-08,113.83,280.887,4.69785886363739,0.08,,
2021-12-09,113.53,280.887,4.69785886363739,0.08,,
2021-12-10,113.36,280.887,4.69785886363739,0.08,,
2021-12-13,113.42,280.887,4.69785886363739,0.08,,
2021-12-14,113.63,280.887,4.69785886363739,0.08,,
2021-12-15,113.83,280.887,4.69785886363739,0.08,,
2021-12-16,113.67,280.887,4.69785886363739,0.08,,
2021-12-17,113.56,280.887,4.69785886363739,0.08,,
2021-12-20,113.45,280.887,4.69785886363739,0.08,,
2021-12-21,114.11,280.887,4.69785886363739,0.08,,
2021-12-22,114.22,280.887,4.69785886363739,0.08,,
2021-12-23,114.42,280.887,4.69785886363739,0.08,,
2021-12-24,,280.887,4.69785886363739,0.08,,
2021-12-27,114.85,280.887,4.69785886363739,0.08,,
2021-12-28,114.75,280.887,4.69785886363739,0.08,,
2021-12-29,114.97,280.887,4.69785886363739,0.08,,
2021-12-30,115.17,280.887,4.69785886363739,0.08,,
2021-12-31,,280.887,4.69785886363739,0.07,,
2022-01-03,115.27,282.599,8.00279982052117,0.08,59836.0,122.87943
2022-01-04,116.12,282.599,8.00279982052117,0.08,59836.0,122.87943
2022-01-05,115.91,282.599,8.00279982052117,0.08,59836.0,122.87943
2022-01-06,115.78,282.599,8.00279982052117,0.08,59836.0,122.87943
2022-01-07,115.61,282.599,8.00279982052117,0.08,59836.0,122.87943
2022-01-10,115.14,282.599,8.00279982052117,0.08,59836.0,122.87943
2022-01-11,115.38,282.599,8.00279982052117,0.08,59836.0,122.87943
2022-01-12,114.74,282.599,8.00279982052117,0.08,59836.0,122.87943
2022-01-13,114.06,282.599,8.00279982052117,0.08,59836.0,122.87943
2022-01-14,113.89,282.599,8.00279982052117,0.08,59836.0,122.87943
2022-01-17,,282.599,8.00279982052117,0.08,59836.0,122.87943
2022-01-18,114.6,282.599,8.00279982052117,0.08,59836.0,122.87943
2022-01-19,114.28,282.599,8.00279982052117,0.08,59836.0,122.87943
2022-01-20,114.08,282.599,8.00279982052117,0.08,59836.0,122.87943
2022-01-21,113.72,282.599,8.00279982052117,0.08,59836.0,122.87943
2022-01-24,113.82,282.599,8.00279982052117,0.08,59836.0,122.87943
2022-01-25,113.88,282.599,8.00279982052117,0.08,59836.0,122.87943
2022-01-26,114.33,282.599,8.00279982052117,0.08,59836.0,122.87943
2022-01-27,115.47,282.599,8.00279982052117,0.08,59836.0,122.87943
2022-01-28,115.21,282.599,8.00279982052117,0.08,59836.0,122.87943
2022-01-31,115.22,282.599,8.00279982052117,0.08,59836.0,122.87943
2022-02-01,114.77,284.61,8.00279982052117,0.08,,
2022-02-02,114.36,284.61,8.00279982052117,0.08,,
2022-02-03,114.88,284.61,8.00279982052117,0.08,,
2022-02-04,115.22,284.61,8.00279982052117,0.08,,
2022-02-07,115.09,284.61,8.00279982052117,0.08,,
2022-02-08,115.62,284.61,8.00279982052117,0.08,,
2022-02-09,115.44,284.61,8.00279982052117,0.08,,
2022-02-10,115.84,284.61,8.00279982052117,0.08,,
2022-02-11,115.91,284.61,8.00279982052117,0.08,,
2022-02-14,115.72,284.61,8.00279982052117,0.08,,
2022-02-15,115.64,284.61,8.00279982052117,0.08,,
2022-02-16,115.41,284.61,8.00279982052117,0.08,,
2022-02-17,115.03,284.61,8.00279982052117,0.08,,
2022-02-18,115.08,284.61,8.00279982052117,0.08,,
2022-02-21,,284.61,8.00279982052117,0.08,,
2022-02-22,114.94,284.61,8.00279982052117,0.08,,
2022-02-23,115.12,284.61,8.00279982052117,0.08,,
2022-02-24,115.45,284.61,8.00279982052117,0.08,,
2022-02-25,115.62,284.61,8.00279982052117,0.08,,
2022-02-28,115.11,284.61,8.00279982052117,0.08,,
2022-03-01,114.87,287.472,8.00279982052117,0.08,,
2022-03-02,115.59,287.472,8.00279982052117,0.08,,
2022-03-03,115.67,287.472,8.00279982052117,0.08,,
2022-03-04,114.65,287.472,8.00279982052117,0.08,,
2022-03-07,115.41,287.472,8.00279982052117,0.08,,
2022-03-08,115.64,287.472,8.00279982052117,0.08,,
2022-03-09,115.87,287.472,8.00279982052117,0.08,,
2022-03-10,116.05,287.472,8.00279982052117,0.08,,
2022-03-11,117.08,287.472,8.00279982052117,0.08,,
2022-03-14,118.0,287.472,8.00279982052117,0.08,,
2022-03-15,118.19,287.472,8.00279982052117,0.08,,
2022-03-16,118.48,287.472,8.00279982052117,0.08,,
2022-03-17,118.45,287.472,8.00279982052117,0.33,,
2022-03-18,119.17,287.472,8.00279982052117,0.33,,
2022-03-21,119.15,287.472,8.00279982052117,0.33,,
2022-03-22,120.66,287.472,8.00279982052117,0.33,,
2022-03-23,121.02,287.472,8.00279982052117,0.33,,
2022-03-24,122.08,287.472,8.00279982052117,0.33,,
2022-03-25,121.98,287.472,8.00279982052117,0.33,,
2022-03-28,123.25,287.472,8.00279982052117,0.33,,
2022-03-29,122.61,287.472,8.00279982052117,0.33,,
2022-03-30,121.97,287.472,8.00279982052117,0.33,,
2022-03-31,121.44,287.472,8.00279982052117,0.33,,
2022-04-01,122.6,288.611,8.00279982052117,0.33,59688.0,121.071
2022-04-04,122.7,288.611,8.00279982052117,0.33,59688.0,121.071
2022-04-05,123.48,288.611,8.00279982052117,0.33,59688.0,121.071
2022-04-06,123.7,288.611,8.00279982052117,0.33,59688.0,121.071
2022-04-07,123.8,288.611,8.00279982052117,0.33,59688.0,121.071
2022-04-08,124.31,288.611,8.00279982052117,0.33,59688.0,121.071
2022-04-11,125.55,288.611,8.00279982052117,0.33,59688.0,121.071
2022-04-12,125.25,288.611,8.00279982052117,0.33,59688.0,121.071
2022-04-13,125.51,288.611,8.00279982052117,0.33,59688.0,121.071
2022-04-14,125.92,288.611,8.00279982052117,0.33,59688.0,121.071
2022-04-15,126.31,288.611,8.00279982052117,0.33,59688.0,121.071
2022-04-18,126.77,288.611,8.00279982052117,0.33,59688.0,121.071
2022-04-19,128.55,288.611,8.00279982052117,0.33,59688.0,121.071
2022-04-20,127.76,288.611,8.00279982052117,0.33,59688.0,121.071
2022-04-21,128.62,288.611,8.00279982052117,0.33,59688.0,121.071
2022-04-22,128.78,288.611,8.00279982052117,0.33,59688.0,121.071
2022-04-25,127.66,288.611,8.00279982052117,0.33,59688.0,121.071
2022-04-26,127.37,288.611,8.00279982052117,0.33,59688.0,121.071
2022-04-27,128.44,288.611,8.00279982052117,0.33,59688.0,121.071
2022-04-28,130.94,288.611,8.00279982052117,0.33,59688.0,121.071
2022-04-29,129.84,288.611,8.00279982052117,0.33,59688.0,121.071
2022-05-02,130.18,291.268,8.00279982052117,0.33,,
2022-05-03,130.09,291.268,8.00279982052117,0.33,,
2022-05-04,129.97,291.268,8.00279982052117,0.33,,
2022-05-05,130.41,291.268,8.00279982052117,0.83,,
2022-05-06,130.35,291.268,8.00279982052117,0.83,,
2022-05-09,130.37,291.268,8.00279982052117,0.83,,
2022-05-10,130.21,291.268,8.00279982052117,0.83,,
2022-05-11,130.2,291.268,8.00279982052117,0.83,,
2022-05-12,128.1,291.268,8.00279982052117,0.83,,
2022-05-13,129.23,291.268,8.00279982052117,0.83,,
2022-05-16,129.15,291.268,8.00279982052117,0.83,,
2022-05-17,129.31,291.268,8.00279982052117,0.83,,
2022-05-18,128.22,291.268,8.00279982052117,0.83,,
2022-05-19,127.62,291.268,8.00279982052117,0.83,,
2022-05-20,127.86,291.268,8.00279982052117,0.83,,
2022-05-23,127.78,291.268,8.00279982052117,0.83,,
2022-05-24,126.56,291.268,8.00279982052117,0.83,,
2022-05-25,127.31,291.268,8.00279982052117,0.83,,
2022-05-26,127.23,291.268,8.00279982052117,0.83,,
2022-05-27,127.14,291.268,8.00279982052117,0.83,,
2022-05-30,,291.268,8.00279982052117,0.83,,
2022-05-31,128.53,291.268,8.00279982052117,0.83,,
2022-06-01,130.09,294.728,8.00279982052117,0.83,,
2022-06-02,129.83,294.728,8.00279982052117,0.83,,
2022-06-03,130.71,294.728,8.00279982052117,0.83,,
2022-06-06,131.55,294.728,8.00279982052117,0.83,,
2022-06-07,132.53,294.728,8.00279982052117,0.83,,
2022-06-08,134.06,294.728,8.00279982052117,0.83,,
2022-06-09,134.06,294.728,8.00279982052117,0.83,,
2022-06-10,134.19,294.728,8.00279982052117,0.83,,
2022-06-13,134.12,294.728,8.00279982052117,0.83,,
2022-06-14,134.89,294.728,8.00279982052117,0.83,,
2022-06-15,134.5,294.728,8.00279982052117,0.83,,
2022-06-16,131.65,294.728,8.00279982052117,1.58,,
2022-06-17,135.14,294.728,8.00279982052117,1.58,,
2022-06-20,,294.728,8.00279982052117,1.58,,
2022-06-21,136.25,294.728,8.00279982052117,1.58,,
2022-06-22,136.05,294.728,8.00279982052117,1.58,,
2022-06-23,134.72,294.728,8.00279982052117,1.58,,
2022-06-24,135.22,294.728,8.00279982052117,1.58,,
2022-06-27,135.26,294.728,8.00279982052117,1.58,,
2022-06-28,136.19,294.728,8.00279982052117,1.58,,
2022-06-29,136.5,294.728,8.00279982052117,1.58,,
2022-06-30,135.69,294.728,8.00279982052117,1.58,,
2022-07-01,135.09,294.628,8.00279982052117,1.58,60080.0,120.23396
2022-07-04,,294.628,8.00279982052117,1.58,60080.0,120.23396
2022-07-05,135.72,294.628,8.00279982052117,1.58,60080.0,120.23396
2022-07-06,135.66,294.628,8.00279982052117,1.58,60080.0,120.23396
2022-07-07,135.99,294.628,8.00279982052117,1.58,60080.0,120.23396
2022-07-08,136.16,294.628,8.00279982052117,1.58,60080.0,120.23396
2022-07-11,137.29,294.628,8.00279982052117,1.58,60080.0,120.23396
2022-07-12,136.68,294.628,8.00279982052117,1.58,60080.0,120.23396
2022-07-13,137.34,294.628,8.00279982052117,1.58,60080.0,120.23396
2022-07-14,138.94,294.628,8.00279982052117,1.58,60080.0,120.23396
2022-07-15,138.57,294.628,8.00279982052117,1.58,60080.0,120.23396
2022-07-18,138.23,294.628,8.00279982052117,1.58,60080.0,120.23396
2022-07-19,137.94,294.628,8.00279982052117,1.58,60080.0,120.23396
2022-07-20,138.16,294.628,8.00279982052117,1.58,60080.0,120.23396
2022-07-21,137.94,294.628,8.00279982052117,1.58,60080.0,120.23396
2022-07-22,136.12,294.628,8.00279982052117,1.58,60080.0,120.23396
2022-07-25,136.72,294.628,8.00279982052117,1.58,60080.0,120.23396
2022-07-26,136.62,294.628,8.00279982052117,1.58,60080.0,120.23396
2022-07-27,137.31,294.628,8.00279982052117,1.58,60080.0,120.23396
2022-07-28,134.45,294.628,8.00279982052117,2.33,60080.0,120.23396
2022-07-29,133.25,294.628,8.00279982052117,2.32,60080.0,120.23396
2022-08-01,131.8,295.32,8.00279982052117,2.33,,
2022-08-02,132.32,295.32,8.00279982052117,2.33,,
2022-08-03,134.18,295.32,8.00279982052117,2.33,,
2022-08-04,133.28,295.32,8.00279982052117,2.33,,
2022-08-05,135.33,295.32,8.00279982052117,2.33,,
2022-08-08,134.73,295.32,8.00279982052117,2.33,,
2022-08-09,134.95,295.32,8.00279982052117,2.33,,
2022-08-10,132.58,295.32,8.00279982052117,2.33,,
2022-08-11,132.66,295.32,8.00279982052117,2.33,,
2022-08-12,133.57,295.32,8.00279982052117,2.33,,
2022-08-15,133.13,295.32,8.00279982052117,2.33,,
2022-08-16,134.38,295.32,8.00279982052117,2.33,,
2022-08-17,135.4,295.32,8.00279982052117,2.33,,
2022-08-18,135.29,295.32,8.00279982052117,2.33,,
2022-08-19,137.01,295.32,8.00279982052117,2.33,,
2022-08-22,137.57,295.32,8.00279982052117,2.33,,
2022-08-23,136.36,295.32,8.00279982052117,2.33,,
2022-08-24,136.92,295.32,8.00279982052117,2.33,,
2022-08-25,136.83,295.32,8.00279982052117,2.33,,
2022-08-26,137.07,295.32,8.00279982052117,2.33,,
2022-08-29,138.74,295.32,8.00279982052117,2.33,,
2022-08-30,138.73,295.32,8.00279982052117,2.33,,
2022-08-31,138.69,295.32,8.00279982052117,2.33,,
2022-09-01,139.93,296.539,8.00279982052117,2.33,,
2022-09-02,140.03,296.539,8.00279982052117,2.33,,
2022-09-05,,296.539,8.00279982052117,2.33,,
2022-09-06,142.95,296.539,8.00279982052117,2.33,,
2022-09-07,144.39,296.539,8.00279982052117,2.33,,
2022-09-08,144.05,296.539,8.00279982052117,2.33,,
2022-09-09,142.44,296.539,8.00279982052117,2.33,,
2022-09-12,142.41,296.539,8.00279982052117,2.33,,
2022-09-13,144.3,296.539,8.00279982052117,2.33,,
2022-09-14,142.93,296.539,8.00279982052117,2.33,,
2022-09-15,143.57,296.539,8.00279982052117,2.33,,
2022-09-16,143.04,296.539,8.00279982052117,2.33,,
2022-09-19,143.34,296.539,8.00279982052117,2.33,,
2022-09-20,143.64,296.539,8.00279982052117,2.33,,
2022-09-21,144.14,296.539,8.00279982052117,2.33,,
2022-09-22,142.16,296.539,8.00279982052117,3.08,,
2022-09-23,143.18,296.539,8.00279982052117,3.08,,
2022-09-26,144.45,296.539,8.00279982052117,3.08,,
2022-09-27,144.71,296.539,8.00279982052117,3.08,,
2022-09-28,144.15,296.539,8.00279982052117,3.08,,
2022-09-29,144.45,296.539,8.00279982052117,3.08,,
2022-09-30,144.71,296.539,8.00279982052117,3.08,,
2022-10-03,144.5,297.987,8.00279982052117,3.08,60376.0,120.20697
2022-10-04,144.32,297.987,8.00279982052117,3.08,60376.0,120.20697
2022-10-05,144.73,297.987,8.00279982052117,3.08,60376.0,120.20697
2022-10-06,144.94,297.987,8.00279982052117,3.08,60376.0,120.20697
2022-10-07,145.19,297.987,8.00279982052117,3.08,60376.0,120.20697
2022-10-10,,297.987,8.00279982052117,3.08,60376.0,120.20697
2022-10-11,145.55,297.987,8.00279982052117,3.08,60376.0,120.20697
2022-10-12,146.87,297.987,8.00279982052117,3.08,60376.0,120.20697
2022-10-13,147.15,297.987,8.00279982052117,3.08,60376.0,120.20697
2022-10-14,148.46,297.987,8.00279982052117,3.08,60376.0,120.20697
2022-10-17,148.71,297.987,8.00279982052117,3.08,60376.0,120.20697
2022-10-18,149.23,297.987,8.00279982052117,3.08,60376.0,120.20697
2022-10-19,149.77,297.987,8.00279982052117,3.08,60376.0,120.20697
2022-10-20,149.82,297.987,8.00279982052117,3.08,60376.0,120.20697
2022-10-21,146.35,297.987,8.00279982052117,3.08,60376.0,120.20697
2022-10-24,148.76,297.987,8.00279982052117,3.08,60376.0,120.20697
2022-10-25,147.85,297.987,8.00279982052117,3.08,60376.0,120.20697
2022-10-26,146.5,297.987,8.00279982052117,3.08,60376.0,120.20697
2022-10-27,146.02,297.987,8.00279982052117,3.08,60376.0,120.20697
2022-10-28,147.68,297.987,8.00279982052117,3.08,60376.0,120.20697
2022-10-31,148.63,297.987,8.00279982052117,3.08,60376.0,120.20697
2022-11-01,148.11,298.598,8.00279982052117,3.08,,
2022-11-02,147.11,298.598,8.00279982052117,3.08,,
2022-11-03,148.18,298.598,8.00279982052117,3.83,,
2022-11-04,147.22,298.598,8.00279982052117,3.83,,
2022-11-07,146.64,298.598,8.00279982052117,3.83,,
2022-11-08,145.38,298.598,8.00279982052117,3.83,,
2022-11-09,146.15,298.598,8.00279982052117,3.83,,
2022-11-10,141.78,298.598,8.00279982052117,3.83,,
2022-11-11,,298.598,8.00279982052117,3.83,,
2022-11-14,140.43,298.598,8.00279982052117,3.83,,
2022-11-15,139.36,298.598,8.00279982052117,3.83,,
2022-11-16,139.59,298.598,8.00279982052117,3.83,,
2022-11-17,140.45,298.598,8.00279982052117,3.83,,
2022-11-18,140.03,298.598,8.00279982052117,3.83,,
2022-11-21,141.95,298.598,8.00279982052117,3.83,,
2022-11-22,141.29,298.598,8.00279982052117,3.83,,
2022-11-23,139.76,298.598,8.00279982052117,3.83,,
2022-11-24,,298.598,8.00279982052117,3.83,,
2022-11-25,139.21,298.598,8.00279982052117,3.83,,
2022-11-28,138.67,298.598,8.00279982052117,3.83,,
2022-11-29,138.28,298.598,8.00279982052117,3.83,,
2022-11-30,139.31,298.598,8.00279982052117,3.83,,
2022-12-01,135.55,298.99,8.00279982052117,3.83,,
2022-12-02,134.89,298.99,8.00279982052117,3.83,,
2022-12-05,136.55,298.99,8.00279982052117,3.83,,
2022-12-06,136.67,298.99,8.00279982052117,3.83,,
2022-12-07,136.57,298.99,8.00279982052117,3.83,,
2022-12-08,136.45,298.99,8.00279982052117,3.83,,
2022-12-09,136.4,298.99,8.00279982052117,3.83,,
2022-12-12,137.47,298.99,8.00279982052117,3.83,,
2022-12-13,135.14,298.99,8.00279982052117,3.83,,
2022-12-14,134.95,298.99,8.00279982052117,3.83,,
2022-12-15,137.92,298.99,8.00279982052117,4.33,,
2022-12-16,136.55,298.99,8.00279982052117,4.33,,
2022-12-19,136.87,298.99,8.00279982052117,4.33,,
2022-12-20,131.08,298.99,8.00279982052117,4.33,,
2022-12-21,132.36,298.99,8.00279982052117,4.33,,
2022-12-22,132.34,298.99,8.00279982052117,4.33,,
2022-12-23,132.78,298.99,8.00279982052117,4.33,,
2022-12-26,,298.99,8.00279982052117,4.33,,
2022-12-27,133.43,298.99,8.00279982052117,4.33,,
2022-12-28,134.27,298.99,8.00279982052117,4.33,,
2022-12-29,133.16,298.99,8.00279982052117,4.33,,
2022-12-30,131.81,298.99,8.00279982052117,4.33,,
2023-01-02,,300.536,,4.33,60611.0,118.57786
2023-01-03,130.83,300.536,,4.33,60611.0,118.57786
2023-01-04,132.0,300.536,,4.33,60611.0,118.57786
2023-01-05,133.57,300.536,,4.33,60611.0,118.57786
2023-01-06,132.21,300.536,,4.33,60611.0,118.57786
2023-01-09,131.58,300.536,,4.33,60611.0,118.57786
2023-01-10,132.25,300.536,,4.33,60611.0,118.57786
2023-01-11,132.58,300.536,,4.33,60611.0,118.57786
2023-01-12,129.75,300.536,,4.33,60611.0,118.57786
2023-01-13,127.85,300.536,,4.33,60611.0,118.57786
2023-01-16,,300.536,,4.33,60611.0,118.57786
2023-01-17,128.18,300.536,,4.33,60611.0,118.57786
2023-01-18,128.45,300.536,,4.33,60611.0,118.57786
2023-01-19,128.48,300.536,,4.33,60611.0,118.57786
2023-01-20,129.97,300.536,,4.33,60611.0,118.57786
2023-01-23,130.69,300.536,,4.33,60611.0,118.57786
2023-01-24,130.07,300.536,,4.33,60611.0,118.57786
2023-01-25,129.64,300.536,,4.33,60611.0,118.57786
2023-01-26,130.4,300.536,,4.33,60611.0,118.57786
2023-01-27,129.94,300.536,,4.33,60611.0,118.57786
2023-01-30,130.34,300.536,,4.33,60611.0,118.57786
2023-01-31,130.17,300.536,,4.33,60611.0,118.57786
2023-02-01,129.27,301.648,,4.33,,
2023-02-02,128.45,301.648,,4.58,,
2023-02-03,131.07,301.648,,4.58,,
2023-02-06,132.76,301.648,,4.58,,
2023-02-07,131.37,301.648,,4.58,,
2023-02-08,131.27,301.648,,4.58,,
2023-02-09,130.98,301.648,,4.57,,
2023-02-10,131.5,301.648,,4.58,,
2023-02-13,132.71,301.648,,4.58,,
2023-02-14,133.05,301.648,,4.58,,
2023-02-15,134.22,301.648,,4.58,,
2023-02-16,133.95,301.648,,4.58,,
2023-02-17,134.21,301.648,,4.58,,
2023-02-20,,301.648,,4.58,,
2023-02-21,134.87,301.648,,4.58,,
2023-02-22,134.77,301.648,,4.58,,
2023-02-23,134.8,301.648,,4.58,,
2023-02-24,136.36,301.648,,4.58,,
2023-02-27,136.18,301.648,,4.57,,
2023-02-28,136.09,301.648,,4.57,,
2023-03-01,135.82,301.808,,4.58,,
2023-03-02,136.84,301.808,,4.57,,
2023-03-03,136.09,301.808,,4.57,,
2023-03-06,135.93,301.808,,4.57,,
2023-03-07,136.9,301.808,,4.57,,
2023-03-08,137.18,301.808,,4.57,,
2023-03-09,136.41,301.808,,4.57,,
2023-03-10,135.05,301.808,,4.57,,
2023-03-13,133.13,301.808,,4.58,,
2023-03-14,134.33,301.808,,4.58,,
2023-03-15,132.81,301.808,,4.58,,
2023-03-16,133.01,301.808,,4.58,,
2023-03-17,132.01,301.808,,4.58,,
2023-03-20,131.59,301.808,,4.58,,
2023-03-21,132.27,301.808,,4.58,,
2023-03-22,132.67,301.808,,4.58,,
2023-03-23,130.99,301.808,,4.83,,
2023-03-24,130.64,301.808,,4.83,,
2023-03-27,131.49,301.808,,4.83,,
2023-03-28,130.97,301.808,,4.83,,
2023-03-29,132.69,301.808,,4.83,,
2023-03-30,132.71,301.808,,4.83,,
2023-03-31,132.75,301.808,,4.83,,
2023-04-03,132.35,302.918,,4.83,60852.0,120.64909
2023-04-04,131.6,302.918,,4.83,60852.0,120.64909
2023-04-05,131.11,302.918,,4.83,60852.0,120.64909
2023-04-06,131.67,302.918,,4.83,60852.0,120.64909
2023-04-07,132.11,302.918,,4.83,60852.0,120.64909
2023-04-10,133.75,302.918,,4.83,60852.0,120.64909
2023-04-11,133.63,302.918,,4.83,60852.0,120.64909
2023-04-12,133.25,302.918,,4.83,60852.0,120.64909
2023-04-13,132.37,302.918,,4.83,60852.0,120.64909
2023-04-14,133.74,302.918,,4.83,60852.0,120.64909
2023-04-17,134.51,302.918,,4.83,60852.0,120.64909
2023-04-18,134.11,302.918,,4.83,60852.0,120.64909
2023-04-19,134.79,302.918,,4.83,60852.0,120.64909
2023-04-20,134.1,302.918,,4.83,60852.0,120.64909
2023-04-21,134.28,302.918,,4.83,60852.0,120.64909
2023-04-24,134.41,302.918,,4.83,60852.0,120.64909
2023-04-25,133.96,302.918,,4.83,60852.0,120.64909
2023-04-26,133.72,302.918,,4.83,60852.0,120.64909
2023-04-27,134.04,302.918,,4.83,60852.0,120.64909
2023-04-28,135.99,302.918,,4.83,60852.0,120.64909
2023-05-01,137.35,303.294,,4.83,,
2023-05-02,136.46,303.294,,4.83,,
2023-05-03,135.31,303.294,,4.83,,
2023-05-04,133.76,303.294,,5.08,,
2023-05-05,134.85,303.294,,5.08,,
2023-05-08,134.83,303.294,,5.08,,
2023-05-09,135.15,303.294,,5.08,,
2023-05-10,134.52,303.294,,5.08,,
2023-05-11,134.46,303.294,,5.08,,
2023-05-12,135.63,303.294,,5.08,,
2023-05-15,136.07,303.294,,5.08,,
2023-05-16,136.62,303.294,,5.08,,
2023-05-17,137.51,303.294,,5.08,,
2023-05-18,138.5,303.294,,5.08,,
2023-05-19,137.67,303.294,,5.08,,
2023-05-22,138.65,303.294,,5.08,,
2023-05-23,138.74,303.294,,5.08,,
2023-05-24,139.14,303.294,,5.08,,
2023-05-25,139.81,303.294,,5.08,,
2023-05-26,140.53,303.294,,5.08,,
2023-05-29,,303.294,,5.08,,
2023-05-30,139.83,303.294,,5.08,,
2023-05-31,139.78,303.294,,5.08,,
2023-06-01,138.74,303.841,,5.08,,
2023-06-02,139.76,303.841,,5.08,,
2023-06-05,139.64,303.841,,5.08,,
2023-06-06,139.67,303.841,,5.08,,
2023-06-07,139.98,303.841,,5.08,,
2023-06-08,138.83,303.841,,5.08,,
2023-06-09,139.35,303.841,,5.08,,
2023-06-12,139.72,303.841,,5.08,,
2023-06-13,140.0,303.841,,5.08,,
2023-06-14,139.33,303.841,,5.08,,
2023-06-15,140.49,303.841,,5.07,,
2023-06-16,141.82,303.841,,5.08,,
2023-06-19,,303.841,,5.08,,
2023-06-20,141.46,303.841,,5.07,,
2023-06-21,142.09,303.841,,5.07,,
2023-06-22,142.89,303.841,,5.07,,
2023-06-23,143.78,303.841,,5.07,,
2023-06-26,143.55,303.841,,5.07,,
2023-06-27,144.0,303.841,,5.07,,
2023-06-28,144.23,303.841,,5.07,,
2023-06-29,144.72,303.841,,5.07,,
2023-06-30,144.47,303.841,,5.08,,
2023-07-03,144.5,304.348,,5.08,,
2023-07-04,,304.348,,5.08,,
2023-07-05,144.56,304.348,,5.08,,
2023-07-06,144.09,304.348,,5.08,,
2023-07-07,142.21,304.348,,5.08,,
2023-07-10,141.56,304.348,,5.07,,
2023-07-11,140.51,304.348,,5.08,,
2023-07-12,138.21,304.348,,5.08,,
2023-07-13,138.14,304.348,,5.08,,
2023-07-14,138.74,304.348,,5.08,,
2023-07-17,138.92,304.348,,5.08,,
2023-07-18,138.94,304.348,,5.08,,
2023-07-19,139.76,304.348,,5.08,,
2023-07-20,140.39,304.348,,5.08,,
2023-07-21,141.75,304.348,,5.08,,
2023-07-24,141.19,304.348,,5.08,,
2023-07-25,140.91,304.348,,5.08,,
2023-07-26,140.41,304.348,,5.08,,
2023-07-27,141.03,304.348,,5.33,,
2023-07-28,140.72,304.348,,5.33,,
2023-07-31,142.18,304.348,,5.33,,
2023-08-01,143.34,306.269,,5.33,,
2023-08-02,143.21,306.269,,5.33,,
2023-08-03,142.42,306.269,,5.33,,
2023-08-04,141.79,306.269,,5.33,,
2023-08-07,142.45,306.269,,5.33,,
2023-08-08,143.17,306.269,,5.33,,
2023-08-09,143.58,306.269,,5.33,,
2023-08-10,144.4,306.269,,5.33,,
2023-08-11,144.94,306.269,,5.33,,
2023-08-14,145.3,306.269,,5.33,,
2023-08-15,145.4,306.269,,5.33,,
2023-08-16,145.81,306.269,,5.33,,
2023-08-17,146.16,306.269,,5.33,,
2023-08-18,145.15,306.269,,5.33,,
2023-08-21,146.26,306.269,,5.33,,
2023-08-22,145.79,306.269,,5.33,,
2023-08-23,144.62,306.269,,5.33,,
2023-08-24,145.75,306.269,,5.33,,
2023-08-25,146.38,306.269,,5.33,,
2023-08-28,146.4,306.269,,5.33,,
2023-08-29,146.01,306.269,,5.33,,
2023-08-30,145.94,306.269,,5.33,,
2023-08-31,145.68,306.269,,5.33,,
2023-09-01,146.2,,,5.33,,
